[2026-06-29T18:35:35.141Z] {"timestamp":1782758133133,"level":"DEBUG","args":["[Manus] Debug collector initialized (no rrweb, UI events only)"],"stack":null}
[2026-06-29T18:35:35.141Z] {"timestamp":1782758133316,"level":"DEBUG","args":["[vite] connected."],"stack":null}
[2026-06-29T18:35:35.152Z] {"timestamp":1782758132711,"level":"DEBUG","args":["[Manus] Debug collector initialized (no rrweb, UI events only)"],"stack":null}
[2026-06-29T18:35:35.152Z] {"timestamp":1782758133086,"level":"DEBUG","args":["[vite] connected."],"stack":null}
[2026-06-29T18:37:38.726Z] {"timestamp":1782758155643,"level":"LOG","args":["[vite] server connection lost. Polling for restart..."],"stack":null}
[2026-06-29T18:37:42.573Z] {"timestamp":1782758260563,"level":"DEBUG","args":["[Manus] Debug collector initialized (no rrweb, UI events only)"],"stack":null}
[2026-06-29T18:37:46.569Z] {"timestamp":1782758265207,"level":"DEBUG","args":["[vite] connected."],"stack":null}
[2026-06-29T23:32:20.001Z] {"timestamp":1782775937993,"level":"DEBUG","args":["[Manus] Debug collector initialized (no rrweb, UI events only)"],"stack":null}
[2026-06-29T23:32:20.001Z] {"timestamp":1782775938124,"level":"DEBUG","args":["[vite] connected."],"stack":null}
[2026-06-29T23:36:29.651Z] {"timestamp":1782776042942,"level":"LOG","args":["[vite] server connection lost. Polling for restart..."],"stack":null}
[2026-06-29T23:36:32.890Z] {"timestamp":1782776190882,"level":"DEBUG","args":["[Manus] Debug collector initialized (no rrweb, UI events only)"],"stack":null}
[2026-06-29T23:36:32.890Z] {"timestamp":1782776192140,"level":"ERROR","args":[{"type":"UncaughtError","message":"Uncaught SyntaxError: The requested module '/src/components/Map.tsx' does not provide an export named 'default'","filename":"http://localhost:3000/src/pages/Home.tsx","lineno":10,"colno":8,"stack":"SyntaxError: The requested module '/src/components/Map.tsx' does not provide an export named 'default'"}],"stack":"SyntaxError: The requested module '/src/components/Map.tsx' does not provide an export named 'default'"}
[2026-06-29T23:36:32.890Z] {"timestamp":1782776192734,"level":"DEBUG","args":["[vite] connected."],"stack":null}
[2026-06-29T23:36:44.124Z] {"timestamp":1782776202120,"level":"DEBUG","args":["[Manus] Debug collector initialized (no rrweb, UI events only)"],"stack":null}
[2026-06-29T23:36:44.124Z] {"timestamp":1782776202314,"level":"ERROR","args":[{"type":"UncaughtError","message":"Uncaught SyntaxError: The requested module '/src/components/Map.tsx' does not provide an export named 'default'","filename":"http://localhost:3000/src/pages/Home.tsx","lineno":10,"colno":8,"stack":"SyntaxError: The requested module '/src/components/Map.tsx' does not provide an export named 'default'"}],"stack":"SyntaxError: The requested module '/src/components/Map.tsx' does not provide an export named 'default'"}
[2026-06-29T23:36:44.124Z] {"timestamp":1782776202446,"level":"DEBUG","args":["[vite] connected."],"stack":null}
[2026-06-29T23:36:46.351Z] {"timestamp":1782776204344,"level":"DEBUG","args":["[Manus] Debug collector initialized (no rrweb, UI events only)"],"stack":null}
[2026-06-29T23:36:46.351Z] {"timestamp":1782776204354,"level":"ERROR","args":[{"type":"UncaughtError","message":"Uncaught SyntaxError: The requested module '/src/components/Map.tsx' does not provide an export named 'default'","filename":"http://localhost:3000/src/pages/Home.tsx","lineno":10,"colno":8,"stack":"SyntaxError: The requested module '/src/components/Map.tsx' does not provide an export named 'default'"}],"stack":"SyntaxError: The requested module '/src/components/Map.tsx' does not provide an export named 'default'"}
[2026-06-29T23:36:46.351Z] {"timestamp":1782776204428,"level":"DEBUG","args":["[vite] connected."],"stack":null}
[2026-06-29T23:36:55.033Z] {"timestamp":1782776213023,"level":"DEBUG","args":["[Manus] Debug collector initialized (no rrweb, UI events only)"],"stack":null}
[2026-06-29T23:36:55.033Z] {"timestamp":1782776213028,"level":"DEBUG","args":["[vite] connected."],"stack":null}
[2026-06-29T23:36:55.033Z] {"timestamp":1782776213542,"level":"ERROR","args":[{"type":"UncaughtError","message":"Uncaught SyntaxError: The requested module '/src/components/Map.tsx' does not provide an export named 'default'","filename":"http://localhost:3000/src/pages/Home.tsx","lineno":10,"colno":8,"stack":"SyntaxError: The requested module '/src/components/Map.tsx' does not provide an export named 'default'"}],"stack":"SyntaxError: The requested module '/src/components/Map.tsx' does not provide an export named 'default'"}
[2026-06-29T23:36:59.519Z] {"timestamp":1782776217301,"level":"DEBUG","args":["[Manus] Debug collector initialized (no rrweb, UI events only)"],"stack":null}
[2026-06-29T23:36:59.519Z] {"timestamp":1782776217323,"level":"DEBUG","args":["[vite] connected."],"stack":null}
[2026-06-29T23:36:59.519Z] {"timestamp":1782776217546,"level":"ERROR","args":[{"type":"UncaughtError","message":"Uncaught SyntaxError: The requested module '/src/components/Map.tsx' does not provide an export named 'default'","filename":"http://localhost:3000/src/pages/Home.tsx","lineno":10,"colno":8,"stack":"SyntaxError: The requested module '/src/components/Map.tsx' does not provide an export named 'default'"}],"stack":"SyntaxError: The requested module '/src/components/Map.tsx' does not provide an export named 'default'"}
[2026-06-29T23:49:41.043Z] {"timestamp":1782776393801,"level":"LOG","args":["[vite] server connection lost. Polling for restart..."],"stack":null}
[2026-06-29T23:49:44.819Z] {"timestamp":1782776982815,"level":"DEBUG","args":["[Manus] Debug collector initialized (no rrweb, UI events only)"],"stack":null}
[2026-06-29T23:49:44.819Z] {"timestamp":1782776983844,"level":"ERROR","args":[{"type":"UncaughtError","message":"Uncaught SyntaxError: The requested module '/src/components/Map.tsx' does not provide an export named 'default'","filename":"http://localhost:3000/src/pages/Home.tsx","lineno":10,"colno":8,"stack":"SyntaxError: The requested module '/src/components/Map.tsx' does not provide an export named 'default'"}],"stack":"SyntaxError: The requested module '/src/components/Map.tsx' does not provide an export named 'default'"}
[2026-06-29T23:49:46.822Z] {"timestamp":1782776986737,"level":"DEBUG","args":["[vite] connected."],"stack":null}
[2026-06-29T23:50:06.886Z] {"timestamp":1782777004879,"level":"DEBUG","args":["[Manus] Debug collector initialized (no rrweb, UI events only)"],"stack":null}
[2026-06-29T23:50:06.886Z] {"timestamp":1782777004921,"level":"DEBUG","args":["[vite] connected."],"stack":null}
[2026-06-29T23:50:06.886Z] {"timestamp":1782777005116,"level":"ERROR","args":[{"type":"UncaughtError","message":"Uncaught SyntaxError: The requested module '/src/components/Map.tsx' does not provide an export named 'default'","filename":"http://localhost:3000/src/pages/Home.tsx","lineno":10,"colno":8,"stack":"SyntaxError: The requested module '/src/components/Map.tsx' does not provide an export named 'default'"}],"stack":"SyntaxError: The requested module '/src/components/Map.tsx' does not provide an export named 'default'"}
[2026-06-29T23:50:08.700Z] {"timestamp":1782776393801,"level":"LOG","args":["[vite] server connection lost. Polling for restart..."],"stack":null}
[2026-06-29T23:53:06.901Z] {"timestamp":1782777145422,"level":"LOG","args":["[vite] server connection lost. Polling for restart..."],"stack":null}
[2026-06-29T23:53:14.008Z] {"timestamp":1782777191999,"level":"DEBUG","args":["[Manus] Debug collector initialized (no rrweb, UI events only)"],"stack":null}
[2026-06-29T23:53:14.008Z] {"timestamp":1782777192162,"level":"DEBUG","args":["[vite] connected."],"stack":null}
[2026-06-29T23:53:14.008Z] {"timestamp":1782777192957,"level":"ERROR","args":[{"type":"UncaughtError","message":"Uncaught SyntaxError: The requested module '/src/components/Map.tsx' does not provide an export named 'default'","filename":"http://localhost:3000/src/pages/Home.tsx","lineno":10,"colno":8,"stack":"SyntaxError: The requested module '/src/components/Map.tsx' does not provide an export named 'default'"}],"stack":"SyntaxError: The requested module '/src/components/Map.tsx' does not provide an export named 'default'"}
[2026-06-29T23:53:21.363Z] {"timestamp":1782777199349,"level":"DEBUG","args":["[Manus] Debug collector initialized (no rrweb, UI events only)"],"stack":null}
[2026-06-29T23:53:21.363Z] {"timestamp":1782777199396,"level":"DEBUG","args":["[vite] connected."],"stack":null}
[2026-06-29T23:53:21.363Z] {"timestamp":1782777199630,"level":"ERROR","args":[{"type":"UncaughtError","message":"Uncaught SyntaxError: The requested module '/src/components/Map.tsx' does not provide an export named 'default'","filename":"http://localhost:3000/src/pages/Home.tsx","lineno":10,"colno":8,"stack":"SyntaxError: The requested module '/src/components/Map.tsx' does not provide an export named 'default'"}],"stack":"SyntaxError: The requested module '/src/components/Map.tsx' does not provide an export named 'default'"}
[2026-06-29T23:55:04.588Z] {"timestamp":1782777302579,"level":"DEBUG","args":["[Manus] Debug collector initialized (no rrweb, UI events only)"],"stack":null}
[2026-06-29T23:55:04.588Z] {"timestamp":1782777302600,"level":"DEBUG","args":["[vite] connected."],"stack":null}
[2026-06-29T23:55:04.588Z] {"timestamp":1782777302802,"level":"ERROR","args":[{"type":"UncaughtError","message":"Uncaught SyntaxError: The requested module '/src/components/Map.tsx' does not provide an export named 'default'","filename":"http://localhost:3000/src/pages/Home.tsx","lineno":10,"colno":8,"stack":"SyntaxError: The requested module '/src/components/Map.tsx' does not provide an export named 'default'"}],"stack":"SyntaxError: The requested module '/src/components/Map.tsx' does not provide an export named 'default'"}
[2026-06-29T23:59:47.548Z] {"timestamp":1782777310284,"level":"LOG","args":["[vite] server connection lost. Polling for restart..."],"stack":null}
[2026-06-29T23:59:48.587Z] {"timestamp":1782777310284,"level":"LOG","args":["[vite] server connection lost. Polling for restart..."],"stack":null}
[2026-06-29T23:59:54.694Z] {"timestamp":1782777591437,"level":"DEBUG","args":["[Manus] Debug collector initialized (no rrweb, UI events only)"],"stack":null}
[2026-06-29T23:59:57.443Z] {"timestamp":1782777596426,"level":"DEBUG","args":["[vite] connected."],"stack":null}
[2026-06-30T00:00:05.648Z] {"timestamp":1782777603641,"level":"DEBUG","args":["[Manus] Debug collector initialized (no rrweb, UI events only)"],"stack":null}
[2026-06-30T00:00:05.648Z] {"timestamp":1782777603772,"level":"DEBUG","args":["[vite] connected."],"stack":null}
[2026-06-30T00:00:05.648Z] {"timestamp":1782777604017,"level":"ERROR","args":[{"type":"UncaughtError","message":"Uncaught SyntaxError: The requested module '/src/components/Map.tsx' does not provide an export named 'default'","filename":"http://localhost:3000/src/pages/Home.tsx","lineno":10,"colno":8,"stack":"SyntaxError: The requested module '/src/components/Map.tsx' does not provide an export named 'default'"}],"stack":"SyntaxError: The requested module '/src/components/Map.tsx' does not provide an export named 'default'"}
[2026-06-30T00:03:35.655Z] {"timestamp":1782777742828,"level":"LOG","args":["[vite] server connection lost. Polling for restart..."],"stack":null}
[2026-06-30T00:03:38.362Z] {"timestamp":1782777816349,"level":"DEBUG","args":["[Manus] Debug collector initialized (no rrweb, UI events only)"],"stack":null}
[2026-06-30T00:03:38.362Z] {"timestamp":1782777817272,"level":"ERROR","args":[{"type":"UncaughtError","message":"Uncaught SyntaxError: The requested module '/src/components/Map.tsx' does not provide an export named 'Map'","filename":"http://localhost:3000/src/pages/Home.tsx","lineno":10,"colno":10,"stack":"SyntaxError: The requested module '/src/components/Map.tsx' does not provide an export named 'Map'"}],"stack":"SyntaxError: The requested module '/src/components/Map.tsx' does not provide an export named 'Map'"}
[2026-06-30T00:03:38.362Z] {"timestamp":1782777817834,"level":"DEBUG","args":["[vite] connected."],"stack":null}
[2026-06-30T00:03:45.925Z] {"timestamp":1782777823911,"level":"DEBUG","args":["[Manus] Debug collector initialized (no rrweb, UI events only)"],"stack":null}
[2026-06-30T00:03:45.925Z] {"timestamp":1782777823930,"level":"DEBUG","args":["[vite] connected."],"stack":null}
[2026-06-30T00:03:45.925Z] {"timestamp":1782777824165,"level":"ERROR","args":[{"type":"UncaughtError","message":"Uncaught SyntaxError: The requested module '/src/components/Map.tsx' does not provide an export named 'Map'","filename":"http://localhost:3000/src/pages/Home.tsx","lineno":10,"colno":10,"stack":"SyntaxError: The requested module '/src/components/Map.tsx' does not provide an export named 'Map'"}],"stack":"SyntaxError: The requested module '/src/components/Map.tsx' does not provide an export named 'Map'"}
[2026-06-30T00:04:47.228Z] {"timestamp":1782777887163,"level":"LOG","args":["[vite] server connection lost. Polling for restart..."],"stack":null}
[2026-06-30T00:04:49.945Z] {"timestamp":1782777887940,"level":"DEBUG","args":["[Manus] Debug collector initialized (no rrweb, UI events only)"],"stack":null}
[2026-06-30T00:04:49.945Z] {"timestamp":1782777888019,"level":"DEBUG","args":["[vite] connected."],"stack":null}
[2026-06-30T00:04:49.945Z] {"timestamp":1782777888063,"level":"ERROR","args":[{"type":"UncaughtError","message":"Uncaught SyntaxError: The requested module '/src/components/Map.tsx' does not provide an export named 'Map'","filename":"http://localhost:3000/src/pages/Home.tsx","lineno":10,"colno":10,"stack":"SyntaxError: The requested module '/src/components/Map.tsx' does not provide an export named 'Map'"}],"stack":"SyntaxError: The requested module '/src/components/Map.tsx' does not provide an export named 'Map'"}
[2026-06-30T00:05:10.718Z] {"timestamp":1782777908717,"level":"DEBUG","args":["[Manus] Debug collector initialized (no rrweb, UI events only)"],"stack":null}
[2026-06-30T00:05:10.718Z] {"timestamp":1782777908745,"level":"DEBUG","args":["[vite] connected."],"stack":null}
[2026-06-30T00:05:10.718Z] {"timestamp":1782777908957,"level":"ERROR","args":[{"type":"UncaughtError","message":"Uncaught SyntaxError: The requested module '/src/components/Map.tsx' does not provide an export named 'Map'","filename":"http://localhost:3000/src/pages/Home.tsx","lineno":10,"colno":10,"stack":"SyntaxError: The requested module '/src/components/Map.tsx' does not provide an export named 'Map'"}],"stack":"SyntaxError: The requested module '/src/components/Map.tsx' does not provide an export named 'Map'"}
[2026-06-30T00:12:30.730Z] {"timestamp":1782778315744,"level":"LOG","args":["[vite] server connection lost. Polling for restart..."],"stack":null}
[2026-06-30T00:12:33.644Z] {"timestamp":1782778351634,"level":"DEBUG","args":["[Manus] Debug collector initialized (no rrweb, UI events only)"],"stack":null}
[2026-06-30T00:12:33.644Z] {"timestamp":1782778351870,"level":"DEBUG","args":["[vite] connected."],"stack":null}
[2026-06-30T00:12:33.644Z] {"timestamp":1782778352982,"level":"ERROR","args":[{"type":"UncaughtError","message":"Uncaught SyntaxError: The requested module '/src/components/Map.tsx' does not provide an export named 'default'","filename":"http://localhost:3000/src/pages/Home.tsx","lineno":10,"colno":8,"stack":"SyntaxError: The requested module '/src/components/Map.tsx' does not provide an export named 'default'"}],"stack":"SyntaxError: The requested module '/src/components/Map.tsx' does not provide an export named 'default'"}
[2026-06-30T00:12:38.730Z] {"timestamp":1782778356719,"level":"DEBUG","args":["[Manus] Debug collector initialized (no rrweb, UI events only)"],"stack":null}
[2026-06-30T00:12:38.730Z] {"timestamp":1782778356759,"level":"DEBUG","args":["[vite] connected."],"stack":null}
[2026-06-30T00:12:38.730Z] {"timestamp":1782778356988,"level":"ERROR","args":[{"type":"UncaughtError","message":"Uncaught SyntaxError: The requested module '/src/components/Map.tsx' does not provide an export named 'default'","filename":"http://localhost:3000/src/pages/Home.tsx","lineno":10,"colno":8,"stack":"SyntaxError: The requested module '/src/components/Map.tsx' does not provide an export named 'default'"}],"stack":"SyntaxError: The requested module '/src/components/Map.tsx' does not provide an export named 'default'"}
[2026-06-30T00:18:50.741Z] {"timestamp":1782778452546,"level":"LOG","args":["[vite] server connection lost. Polling for restart..."],"stack":null}
[2026-06-30T00:18:56.520Z] {"timestamp":1782778734146,"level":"DEBUG","args":["[Manus] Debug collector initialized (no rrweb, UI events only)"],"stack":null}
[2026-06-30T00:18:56.520Z] {"timestamp":1782778735651,"level":"INFO","args":["%cDownload the React DevTools for a better development experience: https://react.dev/link/react-devtools","font-weight:bold"],"stack":null}
[2026-06-30T00:18:56.736Z] {"timestamp":1782778734729,"level":"DEBUG","args":["[Manus] Debug collector initialized (no rrweb, UI events only)"],"stack":null}
[2026-06-30T00:18:56.736Z] {"timestamp":1782778735072,"level":"DEBUG","args":["[vite] connected."],"stack":null}
[2026-06-30T00:18:56.736Z] {"timestamp":1782778735457,"level":"INFO","args":["%cDownload the React DevTools for a better development experience: https://react.dev/link/react-devtools","font-weight:bold"],"stack":null}
[2026-06-30T00:19:00.151Z] {"timestamp":1782778738619,"level":"DEBUG","args":["[vite] connected."],"stack":null}
[2026-06-30T00:43:28.735Z] {"timestamp":1782780207718,"level":"ERROR","args":["Failed to load Google Maps script"],"stack":"Error\n    at console.<computed> [as error] (http://localhost:3000/__manus__/debug-collector.js:391:37)\n    at script.onerror (http://localhost:3000/src/components/Map.tsx:20:15)"}
[2026-06-30T00:58:43.369Z] {"timestamp":1782781121366,"level":"DEBUG","args":["[Manus] Debug collector initialized (no rrweb, UI events only)"],"stack":null}
[2026-06-30T00:58:43.369Z] {"timestamp":1782781121594,"level":"INFO","args":["%cDownload the React DevTools for a better development experience: https://react.dev/link/react-devtools","font-weight:bold"],"stack":null}
[2026-06-30T00:58:45.372Z] {"timestamp":1782781123682,"level":"ERROR","args":["Failed to load Google Maps script"],"stack":"Error\n    at console.<computed> [as error] (http://localhost:3000/__manus__/debug-collector.js:391:37)\n    at script.onerror (http://localhost:3000/src/components/Map.tsx:20:15)"}
[2026-06-30T01:51:17.388Z] {"timestamp":1782781685912,"level":"LOG","args":["[vite] server connection lost. Polling for restart..."],"stack":null}
[2026-06-30T01:51:23.182Z] {"timestamp":1782784279435,"level":"DEBUG","args":["[Manus] Debug collector initialized (no rrweb, UI events only)"],"stack":null}
[2026-06-30T01:51:23.182Z] {"timestamp":1782784280680,"level":"DEBUG","args":["[vite] connected."],"stack":null}
[2026-06-30T01:51:25.803Z] {"timestamp":1782784283793,"level":"DEBUG","args":["[Manus] Debug collector initialized (no rrweb, UI events only)"],"stack":null}
[2026-06-30T01:51:25.803Z] {"timestamp":1782784283880,"level":"DEBUG","args":["[vite] connected."],"stack":null}
[2026-06-30T01:58:15.808Z] {"timestamp":1782784289091,"level":"LOG","args":["[vite] server connection lost. Polling for restart..."],"stack":null}
[2026-06-30T01:58:20.197Z] {"timestamp":1782784698188,"level":"DEBUG","args":["[Manus] Debug collector initialized (no rrweb, UI events only)"],"stack":null}
[2026-06-30T01:58:20.197Z] {"timestamp":1782784699256,"level":"INFO","args":["%cDownload the React DevTools for a better development experience: https://react.dev/link/react-devtools","font-weight:bold"],"stack":null}
[2026-06-30T01:58:22.519Z] {"timestamp":1782784700911,"level":"ERROR","args":["Failed to load Google Maps script"],"stack":"Error\n    at console.<computed> [as error] (http://localhost:3000/__manus__/debug-collector.js:391:37)\n    at script.onerror (http://localhost:3000/src/components/Map.tsx:20:15)"}
[2026-06-30T01:58:22.519Z] {"timestamp":1782784701292,"level":"DEBUG","args":["[vite] connected."],"stack":null}
[2026-06-30T01:58:23.123Z] {"timestamp":1782784701122,"level":"DEBUG","args":["[Manus] Debug collector initialized (no rrweb, UI events only)"],"stack":null}
[2026-06-30T01:58:23.123Z] {"timestamp":1782784701160,"level":"DEBUG","args":["[vite] connected."],"stack":null}
[2026-06-30T01:58:23.123Z] {"timestamp":1782784701332,"level":"INFO","args":["%cDownload the React DevTools for a better development experience: https://react.dev/link/react-devtools","font-weight:bold"],"stack":null}
[2026-06-30T01:58:23.123Z] {"timestamp":1782784702124,"level":"ERROR","args":["Failed to load Google Maps script"],"stack":"Error\n    at console.<computed> [as error] (http://localhost:3000/__manus__/debug-collector.js:391:37)\n    at script.onerror (http://localhost:3000/src/components/Map.tsx:20:15)"}
[2026-06-30T02:00:15.128Z] {"timestamp":1782784813994,"level":"ERROR","args":["Erreur sur le socket de streaming réseau."],"stack":"Error\n    at console.<computed> [as error] (http://localhost:3000/__manus__/debug-collector.js:391:37)\n    at ws.onerror (http://localhost:3000/src/pages/Home.tsx:44:17)"}
[2026-06-30T02:00:19.125Z] {"timestamp":1782784819003,"level":"ERROR","args":["Erreur sur le socket de streaming réseau."],"stack":"Error\n    at console.<computed> [as error] (http://localhost:3000/__manus__/debug-collector.js:391:37)\n    at ws.onerror (http://localhost:3000/src/pages/Home.tsx:44:17)"}
[2026-06-30T02:00:25.126Z] {"timestamp":1782784824007,"level":"ERROR","args":["Erreur sur le socket de streaming réseau."],"stack":"Error\n    at console.<computed> [as error] (http://localhost:3000/__manus__/debug-collector.js:391:37)\n    at ws.onerror (http://localhost:3000/src/pages/Home.tsx:44:17)"}
[2026-06-30T02:00:29.124Z] {"timestamp":1782784829011,"level":"ERROR","args":["Erreur sur le socket de streaming réseau."],"stack":"Error\n    at console.<computed> [as error] (http://localhost:3000/__manus__/debug-collector.js:391:37)\n    at ws.onerror (http://localhost:3000/src/pages/Home.tsx:44:17)"}
[2026-06-30T02:00:35.124Z] {"timestamp":1782784834018,"level":"ERROR","args":["Erreur sur le socket de streaming réseau."],"stack":"Error\n    at console.<computed> [as error] (http://localhost:3000/__manus__/debug-collector.js:391:37)\n    at ws.onerror (http://localhost:3000/src/pages/Home.tsx:44:17)"}
[2026-06-30T02:03:43.123Z] {"timestamp":1782785022384,"level":"ERROR","args":["Erreur sur le socket de streaming réseau."],"stack":"Error\n    at console.<computed> [as error] (http://localhost:3000/__manus__/debug-collector.js:391:37)\n    at ws.onerror (http://localhost:3000/src/pages/Home.tsx:44:17)"}
[2026-06-30T03:05:23.122Z] {"timestamp":1782788721730,"level":"DEBUG","args":["[vite]","invalidate /src/pages/Home.tsx: Could not Fast Refresh (export removed)"],"stack":null}
[2026-06-30T03:05:23.122Z] {"timestamp":1782788721731,"level":"DEBUG","args":["[vite]","hot updated: /src/pages/Home.tsx"],"stack":null}
[2026-06-30T03:05:23.122Z] {"timestamp":1782788721731,"level":"DEBUG","args":["[vite]","hot updated: /src/index.css"],"stack":null}
[2026-06-30T03:05:31.524Z] {"timestamp":1782788721743,"level":"DEBUG","args":["[vite]","invalidate /src/pages/Home.tsx: Could not Fast Refresh (export removed)"],"stack":null}
[2026-06-30T03:05:31.524Z] {"timestamp":1782788721746,"level":"DEBUG","args":["[vite]","hot updated: /src/pages/Home.tsx"],"stack":null}
[2026-06-30T03:05:31.524Z] {"timestamp":1782788721747,"level":"DEBUG","args":["[vite]","hot updated: /src/index.css"],"stack":null}
[2026-06-30T03:05:39.126Z] {"timestamp":1782788737774,"level":"ERROR","args":["[vite]",{"type":"Error","message":"The requested module '/src/pages/Home.tsx?t=1782788737612' does not provide an export named 'default'","stack":"SyntaxError: The requested module '/src/pages/Home.tsx?t=1782788737612' does not provide an export named 'default'"}],"stack":"Error\n    at console.<computed> [as error] (http://localhost:3000/__manus__/debug-collector.js:391:37)\n    at Object.error (http://localhost:3000/@vite/client:809:26)\n    at HMRClient.warnFailedUpdate (http://localhost:3000/@vite/client:180:78)\n    at HMRClient.fetchUpdate (http://localhost:3000/@vite/client:212:10)\n    at async Promise.all (index 0)\n    at async HMRClient.queueUpdate (http://localhost:3000/@vite/client:196:5)\n    at async Promise.all (index 0)\n    at async handleMessage (http://localhost:3000/@vite/client:838:4)"}
[2026-06-30T03:05:39.126Z] {"timestamp":1782788737780,"level":"ERROR","args":["[vite]","Failed to reload /src/App.tsx. This could be due to syntax errors or importing non-existent modules. (see errors above)"],"stack":"Error\n    at console.<computed> [as error] (http://localhost:3000/__manus__/debug-collector.js:391:37)\n    at Object.error (http://localhost:3000/@vite/client:809:26)\n    at HMRClient.warnFailedUpdate (http://localhost:3000/@vite/client:181:15)\n    at HMRClient.fetchUpdate (http://localhost:3000/@vite/client:212:10)\n    at async Promise.all (index 0)\n    at async HMRClient.queueUpdate (http://localhost:3000/@vite/client:196:5)\n    at async Promise.all (index 0)\n    at async handleMessage (http://localhost:3000/@vite/client:838:4)"}
[2026-06-30T03:05:39.126Z] {"timestamp":1782788737809,"level":"DEBUG","args":["[vite]","hot updated: /src/App.tsx"],"stack":null}
[2026-06-30T03:05:39.126Z] {"timestamp":1782788737809,"level":"DEBUG","args":["[vite]","hot updated: /src/index.css"],"stack":null}
[2026-06-30T03:06:31.523Z] {"timestamp":1782788737781,"level":"ERROR","args":["[vite]",{"type":"Error","message":"The requested module '/src/pages/Home.tsx?t=1782788737612' does not provide an export named 'default'","stack":"SyntaxError: The requested module '/src/pages/Home.tsx?t=1782788737612' does not provide an export named 'default'"}],"stack":"Error\n    at console.<computed> [as error] (http://localhost:3000/__manus__/debug-collector.js:391:37)\n    at Object.error (http://localhost:3000/@vite/client:809:26)\n    at HMRClient.warnFailedUpdate (http://localhost:3000/@vite/client:180:78)\n    at HMRClient.fetchUpdate (http://localhost:3000/@vite/client:212:10)\n    at async Promise.all (index 0)\n    at async HMRClient.queueUpdate (http://localhost:3000/@vite/client:196:5)\n    at async Promise.all (index 0)\n    at async handleMessage (http://localhost:3000/@vite/client:838:4)"}
[2026-06-30T03:06:31.523Z] {"timestamp":1782788737785,"level":"ERROR","args":["[vite]","Failed to reload /src/App.tsx. This could be due to syntax errors or importing non-existent modules. (see errors above)"],"stack":"Error\n    at console.<computed> [as error] (http://localhost:3000/__manus__/debug-collector.js:391:37)\n    at Object.error (http://localhost:3000/@vite/client:809:26)\n    at HMRClient.warnFailedUpdate (http://localhost:3000/@vite/client:181:15)\n    at HMRClient.fetchUpdate (http://localhost:3000/@vite/client:212:10)\n    at async Promise.all (index 0)\n    at async HMRClient.queueUpdate (http://localhost:3000/@vite/client:196:5)\n    at async Promise.all (index 0)\n    at async handleMessage (http://localhost:3000/@vite/client:838:4)"}
[2026-06-30T03:06:31.523Z] {"timestamp":1782788737792,"level":"DEBUG","args":["[vite]","hot updated: /src/App.tsx"],"stack":null}
[2026-06-30T03:06:31.523Z] {"timestamp":1782788737793,"level":"DEBUG","args":["[vite]","hot updated: /src/index.css"],"stack":null}
[2026-06-30T03:16:19.127Z] {"timestamp":1782789377795,"level":"ERROR","args":["[vite]",{"type":"Error","message":"The requested module '/src/pages/Home.tsx?t=1782789377475' does not provide an export named 'default'","stack":"SyntaxError: The requested module '/src/pages/Home.tsx?t=1782789377475' does not provide an export named 'default'"}],"stack":"Error\n    at console.<computed> [as error] (http://localhost:3000/__manus__/debug-collector.js:391:37)\n    at Object.error (http://localhost:3000/@vite/client:809:26)\n    at HMRClient.warnFailedUpdate (http://localhost:3000/@vite/client:180:78)\n    at HMRClient.fetchUpdate (http://localhost:3000/@vite/client:212:10)\n    at async Promise.all (index 0)\n    at async HMRClient.queueUpdate (http://localhost:3000/@vite/client:196:5)\n    at async Promise.all (index 0)\n    at async handleMessage (http://localhost:3000/@vite/client:838:4)"}
[2026-06-30T03:16:19.127Z] {"timestamp":1782789377798,"level":"ERROR","args":["[vite]","Failed to reload /src/App.tsx. This could be due to syntax errors or importing non-existent modules. (see errors above)"],"stack":"Error\n    at console.<computed> [as error] (http://localhost:3000/__manus__/debug-collector.js:391:37)\n    at Object.error (http://localhost:3000/@vite/client:809:26)\n    at HMRClient.warnFailedUpdate (http://localhost:3000/@vite/client:181:15)\n    at HMRClient.fetchUpdate (http://localhost:3000/@vite/client:212:10)\n    at async Promise.all (index 0)\n    at async HMRClient.queueUpdate (http://localhost:3000/@vite/client:196:5)\n    at async Promise.all (index 0)\n    at async handleMessage (http://localhost:3000/@vite/client:838:4)"}
[2026-06-30T03:16:19.127Z] {"timestamp":1782789377838,"level":"DEBUG","args":["[vite]","hot updated: /src/App.tsx"],"stack":null}
[2026-06-30T03:16:19.127Z] {"timestamp":1782789377838,"level":"DEBUG","args":["[vite]","hot updated: /src/index.css"],"stack":null}
[2026-06-30T03:16:29.131Z] {"timestamp":1782789388807,"level":"DEBUG","args":["[vite]","hot updated: /src/App.tsx"],"stack":null}
[2026-06-30T03:16:29.131Z] {"timestamp":1782789388807,"level":"DEBUG","args":["[vite]","hot updated: /src/index.css"],"stack":null}
[2026-06-30T03:16:31.526Z] {"timestamp":1782789377745,"level":"ERROR","args":["[vite]",{"type":"Error","message":"The requested module '/src/pages/Home.tsx?t=1782789377475' does not provide an export named 'default'","stack":"SyntaxError: The requested module '/src/pages/Home.tsx?t=1782789377475' does not provide an export named 'default'"}],"stack":"Error\n    at console.<computed> [as error] (http://localhost:3000/__manus__/debug-collector.js:391:37)\n    at Object.error (http://localhost:3000/@vite/client:809:26)\n    at HMRClient.warnFailedUpdate (http://localhost:3000/@vite/client:180:78)\n    at HMRClient.fetchUpdate (http://localhost:3000/@vite/client:212:10)\n    at async Promise.all (index 0)\n    at async HMRClient.queueUpdate (http://localhost:3000/@vite/client:196:5)\n    at async Promise.all (index 0)\n    at async handleMessage (http://localhost:3000/@vite/client:838:4)"}
[2026-06-30T03:16:31.526Z] {"timestamp":1782789377752,"level":"ERROR","args":["[vite]","Failed to reload /src/App.tsx. This could be due to syntax errors or importing non-existent modules. (see errors above)"],"stack":"Error\n    at console.<computed> [as error] (http://localhost:3000/__manus__/debug-collector.js:391:37)\n    at Object.error (http://localhost:3000/@vite/client:809:26)\n    at HMRClient.warnFailedUpdate (http://localhost:3000/@vite/client:181:15)\n    at HMRClient.fetchUpdate (http://localhost:3000/@vite/client:212:10)\n    at async Promise.all (index 0)\n    at async HMRClient.queueUpdate (http://localhost:3000/@vite/client:196:5)\n    at async Promise.all (index 0)\n    at async handleMessage (http://localhost:3000/@vite/client:838:4)"}
[2026-06-30T03:16:31.526Z] {"timestamp":1782789377794,"level":"DEBUG","args":["[vite]","hot updated: /src/App.tsx"],"stack":null}
[2026-06-30T03:16:31.526Z] {"timestamp":1782789377794,"level":"DEBUG","args":["[vite]","hot updated: /src/index.css"],"stack":null}
[2026-06-30T03:16:31.526Z] {"timestamp":1782789388807,"level":"DEBUG","args":["[vite]","hot updated: /src/App.tsx"],"stack":null}
[2026-06-30T03:16:31.526Z] {"timestamp":1782789388809,"level":"DEBUG","args":["[vite]","hot updated: /src/index.css"],"stack":null}
[2026-06-30T03:24:35.124Z] {"timestamp":1782789874028,"level":"DEBUG","args":["[vite]","hot updated: /src/index.css"],"stack":null}
[2026-06-30T03:24:35.124Z] {"timestamp":1782789874031,"level":"DEBUG","args":["[vite]","invalidate /src/components/AlertFeed.tsx: Could not Fast Refresh (export removed)"],"stack":null}
[2026-06-30T03:24:35.124Z] {"timestamp":1782789874032,"level":"DEBUG","args":["[vite]","hot updated: /src/components/AlertFeed.tsx"],"stack":null}
[2026-06-30T03:24:39.127Z] {"timestamp":1782789877550,"level":"DEBUG","args":["[vite]","hot updated: /src/index.css"],"stack":null}
[2026-06-30T03:24:39.127Z] {"timestamp":1782789877551,"level":"DEBUG","args":["[vite]","hot updated: /src/pages/Home.tsx"],"stack":null}
[2026-06-30T03:33:49.128Z] {"timestamp":1782790428893,"level":"DEBUG","args":["[vite]","hot updated: /src/index.css"],"stack":null}
[2026-06-30T03:33:49.128Z] {"timestamp":1782790428895,"level":"DEBUG","args":["[vite]","invalidate /src/components/AlertFeed.tsx: Could not Fast Refresh (export removed)"],"stack":null}
[2026-06-30T03:33:49.128Z] {"timestamp":1782790428896,"level":"DEBUG","args":["[vite]","hot updated: /src/components/AlertFeed.tsx"],"stack":null}
[2026-06-30T03:33:53.122Z] {"timestamp":1782790432591,"level":"DEBUG","args":["[vite]","hot updated: /src/index.css"],"stack":null}
[2026-06-30T03:33:53.122Z] {"timestamp":1782790432591,"level":"DEBUG","args":["[vite]","hot updated: /src/pages/Home.tsx"],"stack":null}
[2026-06-30T03:37:59.128Z] {"timestamp":1782790678411,"level":"DEBUG","args":["[vite]","hot updated: /src/index.css"],"stack":null}
[2026-06-30T03:37:59.128Z] {"timestamp":1782790678417,"level":"DEBUG","args":["[vite]","invalidate /src/components/AlertFeed.tsx: Could not Fast Refresh (export removed)"],"stack":null}
[2026-06-30T03:37:59.128Z] {"timestamp":1782790678420,"level":"DEBUG","args":["[vite]","hot updated: /src/components/AlertFeed.tsx"],"stack":null}
[2026-06-30T03:38:13.128Z] {"timestamp":1782790691995,"level":"DEBUG","args":["[vite]","hot updated: /src/index.css"],"stack":null}
[2026-06-30T03:38:13.128Z] {"timestamp":1782790691998,"level":"DEBUG","args":["[vite]","hot updated: /src/pages/Home.tsx"],"stack":null}
[2026-06-30T03:47:29.126Z] {"timestamp":1782791247333,"level":"DEBUG","args":["[vite]","hot updated: /src/index.css"],"stack":null}
[2026-06-30T03:47:29.126Z] {"timestamp":1782791247335,"level":"DEBUG","args":["[vite]","hot updated: /src/components/AlertFeed.tsx"],"stack":null}
[2026-06-30T04:14:25.126Z] {"timestamp":1782792865007,"level":"DEBUG","args":["[vite]","invalidate /src/pages/Home.tsx: Could not Fast Refresh (export removed)"],"stack":null}
[2026-06-30T04:14:25.126Z] {"timestamp":1782792865007,"level":"DEBUG","args":["[vite]","hot updated: /src/pages/Home.tsx"],"stack":null}
[2026-06-30T04:14:25.126Z] {"timestamp":1782792865007,"level":"DEBUG","args":["[vite]","hot updated: /src/index.css"],"stack":null}
[2026-06-30T04:14:34.579Z] {"timestamp":1782792874496,"level":"DEBUG","args":["[vite]","hot updated: /src/App.tsx"],"stack":null}
[2026-06-30T04:14:34.579Z] {"timestamp":1782792874496,"level":"DEBUG","args":["[vite]","hot updated: /src/index.css"],"stack":null}
[2026-06-30T04:14:34.579Z] {"timestamp":1782792874521,"level":"ERROR","args":["Invalid hook call. Hooks can only be called inside of the body of a function component. This could happen for one of the following reasons:\n1. You might have mismatching versions of React and the renderer (such as React DOM)\n2. You might be breaking the Rules of Hooks\n3. You might have more than one copy of React in the same app\nSee https://react.dev/link/invalid-hook-call for tips about how to debug and fix this problem."],"stack":"Error\n    at console.<computed> [as error] (http://localhost:3000/__manus__/debug-collector.js:391:37)\n    at resolveDispatcher (http://localhost:3000/@fs/home/jhonsard/Documents/Programation/TFC/IDS-IPS-PROJECT/frontend/node_modules/.vite/deps/chunk-MO2SMAW5.js?v=713cd139:392:40)\n    at exports.useMemo (http://localhost:3000/@fs/home/jhonsard/Documents/Programation/TFC/IDS-IPS-PROJECT/frontend/node_modules/.vite/deps/chunk-MO2SMAW5.js?v=713cd139:947:16)\n    at useScope (http://localhost:3000/@fs/home/jhonsard/Documents/Programation/TFC/IDS-IPS-PROJECT/frontend/node_modules/.vite/deps/chunk-GCQZHV26.js?v=713cd139:76:20)\n    at http://localhost:3000/@fs/home/jhonsard/Documents/Programation/TFC/IDS-IPS-PROJECT/frontend/node_modules/.vite/deps/chunk-GCQZHV26.js?v=713cd139:95:28\n    at Array.reduce (<anonymous>)\n    at useComposedScopes (http://localhost:3000/@fs/home/jhonsard/Documents/Programation/TFC/IDS-IPS-PROJECT/frontend/node_modules/.vite/deps/chunk-GCQZHV26.js?v=713cd139:94:37)\n    at DropdownMenu (http://localhost:3000/@fs/home/jhonsard/Documents/Programation/TFC/IDS-IPS-PROJECT/frontend/node_modules/.vite/deps/@radix-ui_react-dropdown-menu.js?v=cfa1690b:1172:21)\n    at Object.react_stack_bottom_frame (http://localhost:3000/@fs/home/jhonsard/Documents/Programation/TFC/IDS-IPS-PROJECT/frontend/node_modules/.vite/deps/react-dom_client.js?v=a110ce98:18509:20)\n    at renderWithHooks (http://localhost:3000/@fs/home/jhonsard/Documents/Programation/TFC/IDS-IPS-PROJECT/frontend/node_modules/.vite/deps/react-dom_client.js?v=a110ce98:5654:24)"}
[2026-06-30T04:14:34.579Z] {"timestamp":1782792874537,"level":"ERROR","args":["Invalid hook call. Hooks can only be called inside of the body of a function component. This could happen for one of the following reasons:\n1. You might have mismatching versions of React and the renderer (such as React DOM)\n2. You might be breaking the Rules of Hooks\n3. You might have more than one copy of React in the same app\nSee https://react.dev/link/invalid-hook-call for tips about how to debug and fix this problem."],"stack":"Error\n    at console.<computed> [as error] (http://localhost:3000/__manus__/debug-collector.js:391:37)\n    at resolveDispatcher (http://localhost:3000/@fs/home/jhonsard/Documents/Programation/TFC/IDS-IPS-PROJECT/frontend/node_modules/.vite/deps/chunk-MO2SMAW5.js?v=713cd139:392:40)\n    at exports.useMemo (http://localhost:3000/@fs/home/jhonsard/Documents/Programation/TFC/IDS-IPS-PROJECT/frontend/node_modules/.vite/deps/chunk-MO2SMAW5.js?v=713cd139:947:16)\n    at useScope (http://localhost:3000/@fs/home/jhonsard/Documents/Programation/TFC/IDS-IPS-PROJECT/frontend/node_modules/.vite/deps/chunk-GCQZHV26.js?v=713cd139:76:20)\n    at http://localhost:3000/@fs/home/jhonsard/Documents/Programation/TFC/IDS-IPS-PROJECT/frontend/node_modules/.vite/deps/chunk-GCQZHV26.js?v=713cd139:95:28\n    at Array.reduce (<anonymous>)\n    at useComposedScopes (http://localhost:3000/@fs/home/jhonsard/Documents/Programation/TFC/IDS-IPS-PROJECT/frontend/node_modules/.vite/deps/chunk-GCQZHV26.js?v=713cd139:94:37)\n    at DropdownMenu (http://localhost:3000/@fs/home/jhonsard/Documents/Programation/TFC/IDS-IPS-PROJECT/frontend/node_modules/.vite/deps/@radix-ui_react-dropdown-menu.js?v=cfa1690b:1172:21)\n    at Object.react_stack_bottom_frame (http://localhost:3000/@fs/home/jhonsard/Documents/Programation/TFC/IDS-IPS-PROJECT/frontend/node_modules/.vite/deps/react-dom_client.js?v=a110ce98:18509:20)\n    at renderWithHooks (http://localhost:3000/@fs/home/jhonsard/Documents/Programation/TFC/IDS-IPS-PROJECT/frontend/node_modules/.vite/deps/react-dom_client.js?v=a110ce98:5654:24)"}
[2026-06-30T04:14:34.579Z] {"timestamp":1782792874543,"level":"ERROR","args":["%o\n\n%s\n\n%s\n",{"type":"Error","message":"Cannot read properties of null (reading 'useMemo')","stack":"TypeError: Cannot read properties of null (reading 'useMemo')\n    at exports.useMemo (http://localhost:3000/@fs/home/jhonsard/Documents/Programation/TFC/IDS-IPS-PROJECT/frontend/node_modules/.vite/deps/chunk-MO2SMAW5.js?v=713cd139:947:35)\n    at useScope (http://localhost:3000/@fs/home/jhonsard/Documents/Programation/TFC/IDS-IPS-PROJECT/frontend/node_modules/.vite/deps/chunk-GCQZHV26.js?v=713cd139:76:20)\n    at http://localhost:3000/@fs/home/jhonsard/Documents/Programation/TFC/IDS-IPS-PROJECT/frontend/node_modules/.vite/deps/chunk-GCQZHV26.js?v=713cd139:95:28\n    at Array.reduce (<anonymous>)\n    at useComposedScopes (http://localhost:3000/@fs/home/jhonsard/Documents/Programation/TFC/IDS-IPS-PROJECT/frontend/node_modules/.vite/deps/chunk-GCQZHV26.js?v=713cd139:94:37)\n    at DropdownMenu (http://localhost:3000/@fs/home/jhonsard/Documents/Programation/TFC/IDS-IPS-PROJECT/frontend/node_modules/.vite/deps/@radix-ui_react-dropdown-menu.js?v=cfa1690b:1172:21)\n    at Object.react_stack_bottom_frame (http://localhost:3000/@fs/home/jhonsard/Documents/Programation/TFC/IDS-IPS-PROJECT/frontend/node_modules/.vite/deps/react-dom_client.js?v=a110ce98:18509:20)\n    at renderWithHooks (http://localhost:3000/@fs/home/jhonsard/Documents/Programation/TFC/IDS-IPS-PROJECT/frontend/node_modules/.vite/deps/react-dom_client.js?v=a110ce98:5654:24)\n    at updateFunctionComponent (http://localhost:3000/@fs/home/jhonsard/Documents/Programation/TFC/IDS-IPS-PROJECT/frontend/node_modules/.vite/deps/react-dom_client.js?v=a110ce98:7475:21)\n    at beginWork (http://localhost:3000/@fs/home/jhonsard/Documents/Programation/TFC/IDS-IPS-PROJECT/frontend/node_modules/.vite/deps/react-dom_client.js?v=a110ce98:8525:20)"},"The above error occurred in the <DropdownMenu> component.","React will try to recreate this component tree from scratch using the error boundary you provided, ErrorBoundary."],"stack":"Error\n    at console.<computed> [as error] (http://localhost:3000/__manus__/debug-collector.js:391:37)\n    at defaultOnCaughtError (http://localhost:3000/@fs/home/jhonsard/Documents/Programation/TFC/IDS-IPS-PROJECT/frontend/node_modules/.vite/deps/react-dom_client.js?v=a110ce98:7001:19)\n    at logCaughtError (http://localhost:3000/@fs/home/jhonsard/Documents/Programation/TFC/IDS-IPS-PROJECT/frontend/node_modules/.vite/deps/react-dom_client.js?v=a110ce98:7033:11)\n    at runWithFiberInDEV (http://localhost:3000/@fs/home/jhonsard/Documents/Programation/TFC/IDS-IPS-PROJECT/frontend/node_modules/.vite/deps/react-dom_client.js?v=a110ce98:997:72)\n    at update.callback (http://localhost:3000/@fs/home/jhonsard/Documents/Programation/TFC/IDS-IPS-PROJECT/frontend/node_modules/.vite/deps/react-dom_client.js?v=a110ce98:7066:13)\n    at callCallback (http://localhost:3000/@fs/home/jhonsard/Documents/Programation/TFC/IDS-IPS-PROJECT/frontend/node_modules/.vite/deps/react-dom_client.js?v=a110ce98:5491:18)\n    at commitCallbacks (http://localhost:3000/@fs/home/jhonsard/Documents/Programation/TFC/IDS-IPS-PROJECT/frontend/node_modules/.vite/deps/react-dom_client.js?v=a110ce98:5503:13)\n    at runWithFiberInDEV (http://localhost:3000/@fs/home/jhonsard/Documents/Programation/TFC/IDS-IPS-PROJECT/frontend/node_modules/.vite/deps/react-dom_client.js?v=a110ce98:997:72)\n    at commitClassCallbacks (http://localhost:3000/@fs/home/jhonsard/Documents/Programation/TFC/IDS-IPS-PROJECT/frontend/node_modules/.vite/deps/react-dom_client.js?v=a110ce98:9490:13)\n    at commitLayoutEffectOnFiber (http://localhost:3000/@fs/home/jhonsard/Documents/Programation/TFC/IDS-IPS-PROJECT/frontend/node_modules/.vite/deps/react-dom_client.js?v=a110ce98:9958:27)"}
[2026-06-30T04:14:37.227Z] {"timestamp":1782792875224,"level":"DEBUG","args":["[Manus] Debug collector initialized (no rrweb, UI events only)"],"stack":null}
[2026-06-30T04:14:37.227Z] {"timestamp":1782792875612,"level":"DEBUG","args":["[vite] connected."],"stack":null}
[2026-06-30T04:14:37.227Z] {"timestamp":1782792875797,"level":"INFO","args":["%cDownload the React DevTools for a better development experience: https://react.dev/link/react-devtools","font-weight:bold"],"stack":null}
[2026-06-30T04:14:39.227Z] {"timestamp":1782792877664,"level":"ERROR","args":["Failed to load Google Maps script"],"stack":"Error\n    at console.<computed> [as error] (http://localhost:3000/__manus__/debug-collector.js:391:37)\n    at script.onerror (http://localhost:3000/src/components/Map.tsx:20:15)"}
[2026-06-30T04:15:07.229Z] {"timestamp":1782792905622,"level":"ERROR","args":["Failed to load Google Maps script"],"stack":"Error\n    at console.<computed> [as error] (http://localhost:3000/__manus__/debug-collector.js:391:37)\n    at script.onerror (http://localhost:3000/src/components/Map.tsx:20:15)"}
[2026-06-30T04:18:23.227Z] {"timestamp":1782793102500,"level":"ERROR","args":["Failed to load Google Maps script"],"stack":"Error\n    at console.<computed> [as error] (http://localhost:3000/__manus__/debug-collector.js:391:37)\n    at script.onerror (http://localhost:3000/src/components/Map.tsx:20:15)"}
[2026-06-30T04:20:09.226Z] {"timestamp":1782793208137,"level":"DEBUG","args":["[vite]","hot updated: /src/index.css"],"stack":null}
[2026-06-30T04:20:09.226Z] {"timestamp":1782793208138,"level":"DEBUG","args":["[vite]","hot updated: /src/pages/BannedHosts.tsx"],"stack":null}
[2026-06-30T04:20:39.810Z] {"timestamp":1782793237807,"level":"DEBUG","args":["[Manus] Debug collector initialized (no rrweb, UI events only)"],"stack":null}
[2026-06-30T04:20:39.810Z] {"timestamp":1782793237824,"level":"DEBUG","args":["[vite] connected."],"stack":null}
[2026-06-30T04:20:39.810Z] {"timestamp":1782793238086,"level":"INFO","args":["%cDownload the React DevTools for a better development experience: https://react.dev/link/react-devtools","font-weight:bold"],"stack":null}
[2026-06-30T04:20:39.810Z] {"timestamp":1782793238766,"level":"ERROR","args":["Failed to load Google Maps script"],"stack":"Error\n    at console.<computed> [as error] (http://localhost:3000/__manus__/debug-collector.js:391:37)\n    at script.onerror (http://localhost:3000/src/components/Map.tsx:20:15)"}
[2026-06-30T04:21:05.809Z] {"timestamp":1782793264341,"level":"ERROR","args":["Failed to load Google Maps script"],"stack":"Error\n    at console.<computed> [as error] (http://localhost:3000/__manus__/debug-collector.js:391:37)\n    at script.onerror (http://localhost:3000/src/components/Map.tsx:20:15)"}
[2026-06-30T04:34:23.809Z] {"timestamp":1782794062571,"level":"DEBUG","args":["[vite]","invalidate /src/pages/Home.tsx: Could not Fast Refresh (export removed)"],"stack":null}
[2026-06-30T04:34:23.809Z] {"timestamp":1782794062571,"level":"DEBUG","args":["[vite]","hot updated: /src/pages/Home.tsx"],"stack":null}
[2026-06-30T04:34:23.809Z] {"timestamp":1782794062571,"level":"DEBUG","args":["[vite]","hot updated: /src/index.css"],"stack":null}
[2026-06-30T04:34:35.809Z] {"timestamp":1782794074175,"level":"DEBUG","args":["[vite]","hot updated: /src/App.tsx"],"stack":null}
[2026-06-30T04:34:35.809Z] {"timestamp":1782794074175,"level":"DEBUG","args":["[vite]","hot updated: /src/index.css"],"stack":null}
[2026-06-30T04:34:35.809Z] {"timestamp":1782794074353,"level":"ERROR","args":["Échec de synchronisation avec l'historique permanent de la BDD."],"stack":"Error\n    at console.<computed> [as error] (http://localhost:3000/__manus__/debug-collector.js:391:37)\n    at fetchAlertsHistory (http://localhost:3000/src/pages/Home.tsx?t=1782794073842:40:19)"}
[2026-06-30T04:34:37.811Z] {"timestamp":1782794077090,"level":"ERROR","args":["Failed to load Google Maps script"],"stack":"Error\n    at console.<computed> [as error] (http://localhost:3000/__manus__/debug-collector.js:391:37)\n    at script.onerror (http://localhost:3000/src/components/Map.tsx:20:15)"}
[2026-06-30T04:35:39.814Z] {"timestamp":1782794139567,"level":"ERROR","args":["Failed to load Google Maps script"],"stack":"Error\n    at console.<computed> [as error] (http://localhost:3000/__manus__/debug-collector.js:391:37)\n    at script.onerror (http://localhost:3000/src/components/Map.tsx:20:15)"}
[2026-06-30T04:36:17.796Z] {"timestamp":1782794175793,"level":"DEBUG","args":["[Manus] Debug collector initialized (no rrweb, UI events only)"],"stack":null}
[2026-06-30T04:36:17.796Z] {"timestamp":1782794175805,"level":"DEBUG","args":["[vite] connected."],"stack":null}
[2026-06-30T04:36:17.796Z] {"timestamp":1782794176140,"level":"INFO","args":["%cDownload the React DevTools for a better development experience: https://react.dev/link/react-devtools","font-weight:bold"],"stack":null}
[2026-06-30T04:36:17.796Z] {"timestamp":1782794176358,"level":"ERROR","args":["Échec de synchronisation avec l'historique permanent de la BDD."],"stack":"Error\n    at console.<computed> [as error] (http://localhost:3000/__manus__/debug-collector.js:391:37)\n    at fetchAlertsHistory (http://localhost:3000/src/pages/Home.tsx?t=1782794073842:40:19)"}
[2026-06-30T04:36:17.796Z] {"timestamp":1782794176769,"level":"ERROR","args":["Failed to load Google Maps script"],"stack":"Error\n    at console.<computed> [as error] (http://localhost:3000/__manus__/debug-collector.js:391:37)\n    at script.onerror (http://localhost:3000/src/components/Map.tsx:20:15)"}
[2026-06-30T04:38:19.453Z] {"timestamp":1782794297450,"level":"DEBUG","args":["[Manus] Debug collector initialized (no rrweb, UI events only)"],"stack":null}
[2026-06-30T04:38:19.453Z] {"timestamp":1782794297464,"level":"DEBUG","args":["[vite] connected."],"stack":null}
[2026-06-30T04:38:19.453Z] {"timestamp":1782794297803,"level":"INFO","args":["%cDownload the React DevTools for a better development experience: https://react.dev/link/react-devtools","font-weight:bold"],"stack":null}
[2026-06-30T04:38:19.453Z] {"timestamp":1782794297976,"level":"ERROR","args":["Échec de synchronisation avec l'historique permanent de la BDD."],"stack":"Error\n    at console.<computed> [as error] (http://localhost:3000/__manus__/debug-collector.js:391:37)\n    at fetchAlertsHistory (http://localhost:3000/src/pages/Home.tsx?t=1782794073842:40:19)"}
[2026-06-30T04:38:19.453Z] {"timestamp":1782794298411,"level":"ERROR","args":["Failed to load Google Maps script"],"stack":"Error\n    at console.<computed> [as error] (http://localhost:3000/__manus__/debug-collector.js:391:37)\n    at script.onerror (http://localhost:3000/src/components/Map.tsx:20:15)"}
[2026-06-30T04:40:53.458Z] {"timestamp":1782794452005,"level":"ERROR","args":["Failed to load Google Maps script"],"stack":"Error\n    at console.<computed> [as error] (http://localhost:3000/__manus__/debug-collector.js:391:37)\n    at script.onerror (http://localhost:3000/src/components/Map.tsx:20:15)"}
[2026-06-30T05:07:35.454Z] {"timestamp":1782796054689,"level":"DEBUG","args":["[vite]","hot updated: /src/pages/Home.tsx"],"stack":null}
[2026-06-30T05:07:35.454Z] {"timestamp":1782796054689,"level":"DEBUG","args":["[vite]","hot updated: /src/index.css"],"stack":null}
[2026-06-30T05:07:35.454Z] {"timestamp":1782796054765,"level":"ERROR","args":["Échec de synchronisation avec l'historique permanent de la BDD."],"stack":"Error\n    at console.<computed> [as error] (http://localhost:3000/__manus__/debug-collector.js:391:37)\n    at fetchAlertsHistory (http://localhost:3000/src/pages/Home.tsx?t=1782796054515:40:19)"}
[2026-06-30T05:11:09.458Z] {"timestamp":1782796268058,"level":"ERROR","args":["Failed to load Google Maps script"],"stack":"Error\n    at console.<computed> [as error] (http://localhost:3000/__manus__/debug-collector.js:391:37)\n    at script.onerror (http://localhost:3000/src/components/Map.tsx:20:15)"}
[2026-06-30T05:11:55.452Z] {"timestamp":1782796313975,"level":"DEBUG","args":["[vite]","invalidate /src/pages/Home.tsx: Could not Fast Refresh (export removed)"],"stack":null}
[2026-06-30T05:11:55.452Z] {"timestamp":1782796313976,"level":"DEBUG","args":["[vite]","hot updated: /src/pages/Home.tsx"],"stack":null}
[2026-06-30T05:11:55.452Z] {"timestamp":1782796313976,"level":"DEBUG","args":["[vite]","hot updated: /src/index.css"],"stack":null}
[2026-06-30T05:12:01.453Z] {"timestamp":1782796320276,"level":"DEBUG","args":["[vite]","hot updated: /src/App.tsx"],"stack":null}
[2026-06-30T05:12:01.453Z] {"timestamp":1782796320277,"level":"DEBUG","args":["[vite]","hot updated: /src/index.css"],"stack":null}
[2026-06-30T05:12:01.453Z] {"timestamp":1782796320421,"level":"ERROR","args":["Échec de synchronisation avec l'historique permanent de la BDD."],"stack":"Error\n    at console.<computed> [as error] (http://localhost:3000/__manus__/debug-collector.js:391:37)\n    at fetchAlertsHistory (http://localhost:3000/src/pages/Home.tsx?t=1782796319852:40:19)"}
[2026-06-30T05:12:01.453Z] {"timestamp":1782796320835,"level":"ERROR","args":["Failed to load Google Maps script"],"stack":"Error\n    at console.<computed> [as error] (http://localhost:3000/__manus__/debug-collector.js:391:37)\n    at script.onerror (http://localhost:3000/src/components/Map.tsx:20:15)"}
[2026-06-30T05:12:39.457Z] {"timestamp":1782796359301,"level":"DEBUG","args":["[vite]","hot updated: /src/index.css"],"stack":null}
[2026-06-30T05:12:39.457Z] {"timestamp":1782796359307,"level":"DEBUG","args":["[vite]","invalidate /src/components/AlertFeed.tsx: Could not Fast Refresh (export removed)"],"stack":null}
[2026-06-30T05:12:39.457Z] {"timestamp":1782796359314,"level":"DEBUG","args":["[vite]","hot updated: /src/components/AlertFeed.tsx"],"stack":null}
[2026-06-30T05:12:57.453Z] {"timestamp":1782796376595,"level":"DEBUG","args":["[vite]","hot updated: /src/index.css"],"stack":null}
[2026-06-30T05:12:57.453Z] {"timestamp":1782796376597,"level":"DEBUG","args":["[vite]","hot updated: /src/pages/Home.tsx"],"stack":null}
[2026-06-30T05:12:57.453Z] {"timestamp":1782796376677,"level":"ERROR","args":["Échec de synchronisation avec l'historique permanent de la BDD."],"stack":"Error\n    at console.<computed> [as error] (http://localhost:3000/__manus__/debug-collector.js:391:37)\n    at fetchAlertsHistory (http://localhost:3000/src/pages/Home.tsx?t=1782796376276:40:19)"}
[2026-06-30T05:13:37.457Z] {"timestamp":1782796416520,"level":"ERROR","args":["Failed to load Google Maps script"],"stack":"Error\n    at console.<computed> [as error] (http://localhost:3000/__manus__/debug-collector.js:391:37)\n    at script.onerror (http://localhost:3000/src/components/Map.tsx:20:15)"}
[2026-06-30T05:14:38.105Z] {"timestamp":1782796476099,"level":"DEBUG","args":["[Manus] Debug collector initialized (no rrweb, UI events only)"],"stack":null}
[2026-06-30T05:14:38.105Z] {"timestamp":1782796476126,"level":"DEBUG","args":["[vite] connected."],"stack":null}
[2026-06-30T05:14:38.105Z] {"timestamp":1782796476384,"level":"INFO","args":["%cDownload the React DevTools for a better development experience: https://react.dev/link/react-devtools","font-weight:bold"],"stack":null}
[2026-06-30T05:14:38.105Z] {"timestamp":1782796476594,"level":"ERROR","args":["Échec de synchronisation avec l'historique permanent de la BDD."],"stack":"Error\n    at console.<computed> [as error] (http://localhost:3000/__manus__/debug-collector.js:391:37)\n    at fetchAlertsHistory (http://localhost:3000/src/pages/Home.tsx?t=1782796376276:40:19)"}
[2026-06-30T05:14:38.105Z] {"timestamp":1782796476968,"level":"ERROR","args":["Failed to load Google Maps script"],"stack":"Error\n    at console.<computed> [as error] (http://localhost:3000/__manus__/debug-collector.js:391:37)\n    at script.onerror (http://localhost:3000/src/components/Map.tsx:20:15)"}
[2026-06-30T05:21:00.104Z] {"timestamp":1782796859937,"level":"ERROR","args":["Failed to load Google Maps script"],"stack":"Error\n    at console.<computed> [as error] (http://localhost:3000/__manus__/debug-collector.js:391:37)\n    at script.onerror (http://localhost:3000/src/components/Map.tsx:20:15)"}
[2026-06-30T05:44:24.112Z] {"timestamp":1782798263924,"level":"DEBUG","args":["[vite]","hot updated: /src/pages/Home.tsx"],"stack":null}
[2026-06-30T05:44:24.112Z] {"timestamp":1782798263925,"level":"DEBUG","args":["[vite]","hot updated: /src/index.css"],"stack":null}
[2026-06-30T05:44:24.112Z] {"timestamp":1782798264095,"level":"ERROR","args":["Échec de synchronisation avec l'historique permanent de la BDD."],"stack":"Error\n    at console.<computed> [as error] (http://localhost:3000/__manus__/debug-collector.js:391:37)\n    at fetchAlertsHistory (http://localhost:3000/src/pages/Home.tsx?t=1782798263463:40:19)"}
[2026-06-30T05:53:31.888Z] {"timestamp":1782798811699,"level":"DEBUG","args":["[vite]","hot updated: /src/pages/Home.tsx"],"stack":null}
[2026-06-30T05:53:31.888Z] {"timestamp":1782798811699,"level":"DEBUG","args":["[vite]","hot updated: /src/index.css"],"stack":null}
[2026-06-30T05:53:31.888Z] {"timestamp":1782798811757,"level":"ERROR","args":["Invalid hook call. Hooks can only be called inside of the body of a function component. This could happen for one of the following reasons:\n1. You might have mismatching versions of React and the renderer (such as React DOM)\n2. You might be breaking the Rules of Hooks\n3. You might have more than one copy of React in the same app\nSee https://react.dev/link/invalid-hook-call for tips about how to debug and fix this problem."],"stack":"Error\n    at console.<computed> [as error] (http://localhost:3000/__manus__/debug-collector.js:391:37)\n    at resolveDispatcher (http://localhost:3000/@fs/home/jhonsard/Documents/Programation/TFC/IDS-IPS-PROJECT/frontend/node_modules/.vite/deps/chunk-MO2SMAW5.js?v=1178a9bf:392:40)\n    at exports.useRef (http://localhost:3000/@fs/home/jhonsard/Documents/Programation/TFC/IDS-IPS-PROJECT/frontend/node_modules/.vite/deps/chunk-MO2SMAW5.js?v=1178a9bf:956:16)\n    at http://localhost:3000/@fs/home/jhonsard/Documents/Programation/TFC/IDS-IPS-PROJECT/frontend/node_modules/.vite/deps/recharts.js?v=92181ef9:9288:48\n    at Object.react_stack_bottom_frame (http://localhost:3000/@fs/home/jhonsard/Documents/Programation/TFC/IDS-IPS-PROJECT/frontend/node_modules/.vite/deps/react-dom_client.js?v=713cd139:18509:20)\n    at renderWithHooks (http://localhost:3000/@fs/home/jhonsard/Documents/Programation/TFC/IDS-IPS-PROJECT/frontend/node_modules/.vite/deps/react-dom_client.js?v=713cd139:5654:24)\n    at updateForwardRef (http://localhost:3000/@fs/home/jhonsard/Documents/Programation/TFC/IDS-IPS-PROJECT/frontend/node_modules/.vite/deps/react-dom_client.js?v=713cd139:7198:21)\n    at beginWork (http://localhost:3000/@fs/home/jhonsard/Documents/Programation/TFC/IDS-IPS-PROJECT/frontend/node_modules/.vite/deps/react-dom_client.js?v=713cd139:8735:20)\n    at runWithFiberInDEV (http://localhost:3000/@fs/home/jhonsard/Documents/Programation/TFC/IDS-IPS-PROJECT/frontend/node_modules/.vite/deps/react-dom_client.js?v=713cd139:997:72)\n    at performUnitOfWork (http://localhost:3000/@fs/home/jhonsard/Documents/Programation/TFC/IDS-IPS-PROJECT/frontend/node_modules/.vite/deps/react-dom_client.js?v=713cd139:12561:98)"}
[2026-06-30T05:53:31.888Z] {"timestamp":1782798811818,"level":"ERROR","args":["Invalid hook call. Hooks can only be called inside of the body of a function component. This could happen for one of the following reasons:\n1. You might have mismatching versions of React and the renderer (such as React DOM)\n2. You might be breaking the Rules of Hooks\n3. You might have more than one copy of React in the same app\nSee https://react.dev/link/invalid-hook-call for tips about how to debug and fix this problem."],"stack":"Error\n    at console.<computed> [as error] (http://localhost:3000/__manus__/debug-collector.js:391:37)\n    at resolveDispatcher (http://localhost:3000/@fs/home/jhonsard/Documents/Programation/TFC/IDS-IPS-PROJECT/frontend/node_modules/.vite/deps/chunk-MO2SMAW5.js?v=1178a9bf:392:40)\n    at exports.useRef (http://localhost:3000/@fs/home/jhonsard/Documents/Programation/TFC/IDS-IPS-PROJECT/frontend/node_modules/.vite/deps/chunk-MO2SMAW5.js?v=1178a9bf:956:16)\n    at http://localhost:3000/@fs/home/jhonsard/Documents/Programation/TFC/IDS-IPS-PROJECT/frontend/node_modules/.vite/deps/recharts.js?v=92181ef9:9288:48\n    at Object.react_stack_bottom_frame (http://localhost:3000/@fs/home/jhonsard/Documents/Programation/TFC/IDS-IPS-PROJECT/frontend/node_modules/.vite/deps/react-dom_client.js?v=713cd139:18509:20)\n    at renderWithHooks (http://localhost:3000/@fs/home/jhonsard/Documents/Programation/TFC/IDS-IPS-PROJECT/frontend/node_modules/.vite/deps/react-dom_client.js?v=713cd139:5654:24)\n    at updateForwardRef (http://localhost:3000/@fs/home/jhonsard/Documents/Programation/TFC/IDS-IPS-PROJECT/frontend/node_modules/.vite/deps/react-dom_client.js?v=713cd139:7198:21)\n    at beginWork (http://localhost:3000/@fs/home/jhonsard/Documents/Programation/TFC/IDS-IPS-PROJECT/frontend/node_modules/.vite/deps/react-dom_client.js?v=713cd139:8735:20)\n    at runWithFiberInDEV (http://localhost:3000/@fs/home/jhonsard/Documents/Programation/TFC/IDS-IPS-PROJECT/frontend/node_modules/.vite/deps/react-dom_client.js?v=713cd139:997:72)\n    at performUnitOfWork (http://localhost:3000/@fs/home/jhonsard/Documents/Programation/TFC/IDS-IPS-PROJECT/frontend/node_modules/.vite/deps/react-dom_client.js?v=713cd139:12561:98)"}
[2026-06-30T05:53:31.888Z] {"timestamp":1782798811826,"level":"ERROR","args":["%o\n\n%s\n\n%s\n",{"type":"Error","message":"Cannot read properties of null (reading 'useRef')","stack":"TypeError: Cannot read properties of null (reading 'useRef')\n    at exports.useRef (http://localhost:3000/@fs/home/jhonsard/Documents/Programation/TFC/IDS-IPS-PROJECT/frontend/node_modules/.vite/deps/chunk-MO2SMAW5.js?v=1178a9bf:956:35)\n    at http://localhost:3000/@fs/home/jhonsard/Documents/Programation/TFC/IDS-IPS-PROJECT/frontend/node_modules/.vite/deps/recharts.js?v=92181ef9:9288:48\n    at Object.react_stack_bottom_frame (http://localhost:3000/@fs/home/jhonsard/Documents/Programation/TFC/IDS-IPS-PROJECT/frontend/node_modules/.vite/deps/react-dom_client.js?v=713cd139:18509:20)\n    at renderWithHooks (http://localhost:3000/@fs/home/jhonsard/Documents/Programation/TFC/IDS-IPS-PROJECT/frontend/node_modules/.vite/deps/react-dom_client.js?v=713cd139:5654:24)\n    at updateForwardRef (http://localhost:3000/@fs/home/jhonsard/Documents/Programation/TFC/IDS-IPS-PROJECT/frontend/node_modules/.vite/deps/react-dom_client.js?v=713cd139:7198:21)\n    at beginWork (http://localhost:3000/@fs/home/jhonsard/Documents/Programation/TFC/IDS-IPS-PROJECT/frontend/node_modules/.vite/deps/react-dom_client.js?v=713cd139:8735:20)\n    at runWithFiberInDEV (http://localhost:3000/@fs/home/jhonsard/Documents/Programation/TFC/IDS-IPS-PROJECT/frontend/node_modules/.vite/deps/react-dom_client.js?v=713cd139:997:72)\n    at performUnitOfWork (http://localhost:3000/@fs/home/jhonsard/Documents/Programation/TFC/IDS-IPS-PROJECT/frontend/node_modules/.vite/deps/react-dom_client.js?v=713cd139:12561:98)\n    at workLoopSync (http://localhost:3000/@fs/home/jhonsard/Documents/Programation/TFC/IDS-IPS-PROJECT/frontend/node_modules/.vite/deps/react-dom_client.js?v=713cd139:12424:43)\n    at renderRootSync (http://localhost:3000/@fs/home/jhonsard/Documents/Programation/TFC/IDS-IPS-PROJECT/frontend/node_modules/.vite/deps/react-dom_client.js?v=713cd139:12408:13)"},"The above error occurred in the <ForwardRef> component.","React will try to recreate this component tree from scratch using the error boundary you provided, ErrorBoundary."],"stack":"Error\n    at console.<computed> [as error] (http://localhost:3000/__manus__/debug-collector.js:391:37)\n    at defaultOnCaughtError (http://localhost:3000/@fs/home/jhonsard/Documents/Programation/TFC/IDS-IPS-PROJECT/frontend/node_modules/.vite/deps/react-dom_client.js?v=713cd139:7001:19)\n    at logCaughtError (http://localhost:3000/@fs/home/jhonsard/Documents/Programation/TFC/IDS-IPS-PROJECT/frontend/node_modules/.vite/deps/react-dom_client.js?v=713cd139:7033:11)\n    at runWithFiberInDEV (http://localhost:3000/@fs/home/jhonsard/Documents/Programation/TFC/IDS-IPS-PROJECT/frontend/node_modules/.vite/deps/react-dom_client.js?v=713cd139:997:72)\n    at update.callback (http://localhost:3000/@fs/home/jhonsard/Documents/Programation/TFC/IDS-IPS-PROJECT/frontend/node_modules/.vite/deps/react-dom_client.js?v=713cd139:7066:13)\n    at callCallback (http://localhost:3000/@fs/home/jhonsard/Documents/Programation/TFC/IDS-IPS-PROJECT/frontend/node_modules/.vite/deps/react-dom_client.js?v=713cd139:5491:18)\n    at commitCallbacks (http://localhost:3000/@fs/home/jhonsard/Documents/Programation/TFC/IDS-IPS-PROJECT/frontend/node_modules/.vite/deps/react-dom_client.js?v=713cd139:5503:13)\n    at runWithFiberInDEV (http://localhost:3000/@fs/home/jhonsard/Documents/Programation/TFC/IDS-IPS-PROJECT/frontend/node_modules/.vite/deps/react-dom_client.js?v=713cd139:997:72)\n    at commitClassCallbacks (http://localhost:3000/@fs/home/jhonsard/Documents/Programation/TFC/IDS-IPS-PROJECT/frontend/node_modules/.vite/deps/react-dom_client.js?v=713cd139:9490:13)\n    at commitLayoutEffectOnFiber (http://localhost:3000/@fs/home/jhonsard/Documents/Programation/TFC/IDS-IPS-PROJECT/frontend/node_modules/.vite/deps/react-dom_client.js?v=713cd139:9958:27)"}
[2026-06-30T05:53:34.693Z] {"timestamp":1782798812690,"level":"DEBUG","args":["[Manus] Debug collector initialized (no rrweb, UI events only)"],"stack":null}
[2026-06-30T05:53:34.693Z] {"timestamp":1782798812786,"level":"DEBUG","args":["[vite] connected."],"stack":null}
[2026-06-30T05:53:34.693Z] {"timestamp":1782798813024,"level":"INFO","args":["%cDownload the React DevTools for a better development experience: https://react.dev/link/react-devtools","font-weight:bold"],"stack":null}
[2026-06-30T05:53:34.694Z] {"timestamp":1782798813418,"level":"ERROR","args":["Échec de synchronisation avec l'historique permanent de la BDD."],"stack":"Error\n    at console.<computed> [as error] (http://localhost:3000/__manus__/debug-collector.js:391:37)\n    at fetchAlertsHistory (http://localhost:3000/src/pages/Home.tsx?t=1782798806858:40:19)"}
[2026-06-30T05:58:12.695Z] {"timestamp":1782799091108,"level":"DEBUG","args":["[vite]","hot updated: /src/pages/Home.tsx"],"stack":null}
[2026-06-30T05:58:12.695Z] {"timestamp":1782799091108,"level":"DEBUG","args":["[vite]","hot updated: /src/index.css"],"stack":null}
[2026-06-30T05:58:12.695Z] {"timestamp":1782799091411,"level":"ERROR","args":["Échec de synchronisation avec l'historique permanent de la BDD."],"stack":"Error\n    at console.<computed> [as error] (http://localhost:3000/__manus__/debug-collector.js:391:37)\n    at fetchAlertsHistory (http://localhost:3000/src/pages/Home.tsx?t=1782799090352:40:19)"}
[2026-06-30T06:01:41.355Z] {"timestamp":1782799299351,"level":"DEBUG","args":["[Manus] Debug collector initialized (no rrweb, UI events only)"],"stack":null}
[2026-06-30T06:01:41.355Z] {"timestamp":1782799299375,"level":"DEBUG","args":["[vite] connected."],"stack":null}
[2026-06-30T06:01:41.355Z] {"timestamp":1782799299726,"level":"INFO","args":["%cDownload the React DevTools for a better development experience: https://react.dev/link/react-devtools","font-weight:bold"],"stack":null}
[2026-06-30T06:01:41.355Z] {"timestamp":1782799300137,"level":"ERROR","args":["Échec de synchronisation avec l'historique permanent de la BDD."],"stack":"Error\n    at console.<computed> [as error] (http://localhost:3000/__manus__/debug-collector.js:391:37)\n    at fetchAlertsHistory (http://localhost:3000/src/pages/Home.tsx?t=1782799090352:40:19)"}
[2026-06-30T06:05:41.417Z] {"timestamp":1782799541099,"level":"DEBUG","args":["[vite]","hot updated: /src/pages/Home.tsx"],"stack":null}
[2026-06-30T06:05:41.417Z] {"timestamp":1782799541100,"level":"DEBUG","args":["[vite]","hot updated: /src/index.css"],"stack":null}
[2026-06-30T06:05:41.417Z] {"timestamp":1782799541327,"level":"ERROR","args":["Échec de synchronisation avec l'historique permanent de la BDD."],"stack":"Error\n    at console.<computed> [as error] (http://localhost:3000/__manus__/debug-collector.js:391:37)\n    at fetchAlertsHistory (http://localhost:3000/src/pages/Home.tsx?t=1782799540735:40:19)"}
[2026-06-30T06:11:07.461Z] {"timestamp":1782799867324,"level":"DEBUG","args":["[vite]","hot updated: /src/index.css"],"stack":null}
[2026-06-30T06:11:07.461Z] {"timestamp":1782799867326,"level":"DEBUG","args":["[vite]","invalidate /src/components/TrafficAttackChart.tsx: Could not Fast Refresh (export removed)"],"stack":null}
[2026-06-30T06:11:07.461Z] {"timestamp":1782799867326,"level":"DEBUG","args":["[vite]","hot updated: /src/components/TrafficAttackChart.tsx"],"stack":null}
[2026-06-30T06:11:13.355Z] {"timestamp":1782799872455,"level":"DEBUG","args":["[vite]","hot updated: /src/index.css"],"stack":null}
[2026-06-30T06:11:13.355Z] {"timestamp":1782799872455,"level":"DEBUG","args":["[vite]","hot updated: /src/pages/Home.tsx"],"stack":null}
[2026-06-30T06:11:13.355Z] {"timestamp":1782799872675,"level":"ERROR","args":["Erreur de récupération de l'historique des paquets:",{"type":"Error","message":"Failed to fetch","stack":"TypeError: Failed to fetch\n    at window.fetch (http://localhost:3000/__manus__/debug-collector.js:493:12)\n    at fetchHistory (http://localhost:3000/src/components/TrafficAttackChart.tsx?t=1782799872032:12:32)\n    at http://localhost:3000/src/components/TrafficAttackChart.tsx?t=1782799872032:23:5\n    at Object.react_stack_bottom_frame (http://localhost:3000/@fs/home/jhonsard/Documents/Programation/TFC/IDS-IPS-PROJECT/frontend/node_modules/.vite/deps/react-dom_client.js?v=1178a9bf:18567:20)\n    at runWithFiberInDEV (http://localhost:3000/@fs/home/jhonsard/Documents/Programation/TFC/IDS-IPS-PROJECT/frontend/node_modules/.vite/deps/react-dom_client.js?v=1178a9bf:997:72)\n    at commitHookEffectListMount (http://localhost:3000/@fs/home/jhonsard/Documents/Programation/TFC/IDS-IPS-PROJECT/frontend/node_modules/.vite/deps/react-dom_client.js?v=1178a9bf:9411:163)\n    at commitHookPassiveMountEffects (http://localhost:3000/@fs/home/jhonsard/Documents/Programation/TFC/IDS-IPS-PROJECT/frontend/node_modules/.vite/deps/react-dom_client.js?v=1178a9bf:9465:60)\n    at commitPassiveMountOnFiber (http://localhost:3000/@fs/home/jhonsard/Documents/Programation/TFC/IDS-IPS-PROJECT/frontend/node_modules/.vite/deps/react-dom_client.js?v=1178a9bf:11040:29)\n    at recursivelyTraversePassiveMountEffects (http://localhost:3000/@fs/home/jhonsard/Documents/Programation/TFC/IDS-IPS-PROJECT/frontend/node_modules/.vite/deps/react-dom_client.js?v=1178a9bf:11010:13)\n    at commitPassiveMountOnFiber (http://localhost:3000/@fs/home/jhonsard/Documents/Programation/TFC/IDS-IPS-PROJECT/frontend/node_modules/.vite/deps/react-dom_client.js?v=1178a9bf:11201:13)"}],"stack":"Error\n    at console.<computed> [as error] (http://localhost:3000/__manus__/debug-collector.js:391:37)\n    at fetchHistory (http://localhost:3000/src/components/TrafficAttackChart.tsx?t=1782799872032:18:17)"}
[2026-06-30T06:11:13.355Z] {"timestamp":1782799872685,"level":"ERROR","args":["Échec de synchronisation avec l'historique permanent de la BDD."],"stack":"Error\n    at console.<computed> [as error] (http://localhost:3000/__manus__/debug-collector.js:391:37)\n    at fetchAlertsHistory (http://localhost:3000/src/pages/Home.tsx?t=1782799872032:40:19)"}
[2026-06-30T06:11:26.099Z] {"timestamp":1782799884092,"level":"DEBUG","args":["[Manus] Debug collector initialized (no rrweb, UI events only)"],"stack":null}
[2026-06-30T06:11:26.100Z] {"timestamp":1782799884099,"level":"DEBUG","args":["[vite] connected."],"stack":null}
[2026-06-30T06:11:26.100Z] {"timestamp":1782799884486,"level":"INFO","args":["%cDownload the React DevTools for a better development experience: https://react.dev/link/react-devtools","font-weight:bold"],"stack":null}
[2026-06-30T06:11:26.100Z] {"timestamp":1782799884752,"level":"ERROR","args":["Erreur de récupération de l'historique des paquets:",{"type":"Error","message":"Failed to fetch","stack":"TypeError: Failed to fetch\n    at window.fetch (http://localhost:3000/__manus__/debug-collector.js:493:12)\n    at fetchHistory (http://localhost:3000/src/components/TrafficAttackChart.tsx?t=1782799872032:12:32)\n    at http://localhost:3000/src/components/TrafficAttackChart.tsx?t=1782799872032:23:5\n    at Object.react_stack_bottom_frame (http://localhost:3000/@fs/home/jhonsard/Documents/Programation/TFC/IDS-IPS-PROJECT/frontend/node_modules/.vite/deps/react-dom_client.js?v=1178a9bf:18567:20)\n    at runWithFiberInDEV (http://localhost:3000/@fs/home/jhonsard/Documents/Programation/TFC/IDS-IPS-PROJECT/frontend/node_modules/.vite/deps/react-dom_client.js?v=1178a9bf:997:72)\n    at commitHookEffectListMount (http://localhost:3000/@fs/home/jhonsard/Documents/Programation/TFC/IDS-IPS-PROJECT/frontend/node_modules/.vite/deps/react-dom_client.js?v=1178a9bf:9411:163)\n    at commitHookPassiveMountEffects (http://localhost:3000/@fs/home/jhonsard/Documents/Programation/TFC/IDS-IPS-PROJECT/frontend/node_modules/.vite/deps/react-dom_client.js?v=1178a9bf:9465:60)\n    at commitPassiveMountOnFiber (http://localhost:3000/@fs/home/jhonsard/Documents/Programation/TFC/IDS-IPS-PROJECT/frontend/node_modules/.vite/deps/react-dom_client.js?v=1178a9bf:11040:29)\n    at recursivelyTraversePassiveMountEffects (http://localhost:3000/@fs/home/jhonsard/Documents/Programation/TFC/IDS-IPS-PROJECT/frontend/node_modules/.vite/deps/react-dom_client.js?v=1178a9bf:11010:13)\n    at commitPassiveMountOnFiber (http://localhost:3000/@fs/home/jhonsard/Documents/Programation/TFC/IDS-IPS-PROJECT/frontend/node_modules/.vite/deps/react-dom_client.js?v=1178a9bf:11201:13)"}],"stack":"Error\n    at console.<computed> [as error] (http://localhost:3000/__manus__/debug-collector.js:391:37)\n    at fetchHistory (http://localhost:3000/src/components/TrafficAttackChart.tsx?t=1782799872032:18:17)"}
[2026-06-30T06:11:26.100Z] {"timestamp":1782799884754,"level":"ERROR","args":["Échec de synchronisation avec l'historique permanent de la BDD."],"stack":"Error\n    at console.<computed> [as error] (http://localhost:3000/__manus__/debug-collector.js:391:37)\n    at fetchAlertsHistory (http://localhost:3000/src/pages/Home.tsx?t=1782799872032:40:19)"}
[2026-06-30T06:15:00.096Z] {"timestamp":1782800099226,"level":"DEBUG","args":["[vite]","hot updated: /src/index.css"],"stack":null}
[2026-06-30T06:15:00.096Z] {"timestamp":1782800099228,"level":"DEBUG","args":["[vite]","invalidate /src/components/TrafficAttackChart.tsx: Could not Fast Refresh (export removed)"],"stack":null}
[2026-06-30T06:15:00.096Z] {"timestamp":1782800099228,"level":"DEBUG","args":["[vite]","hot updated: /src/components/TrafficAttackChart.tsx"],"stack":null}
[2026-06-30T06:15:04.098Z] {"timestamp":1782800102569,"level":"DEBUG","args":["[vite]","hot updated: /src/index.css"],"stack":null}
[2026-06-30T06:15:04.098Z] {"timestamp":1782800102569,"level":"DEBUG","args":["[vite]","hot updated: /src/pages/Home.tsx"],"stack":null}
[2026-06-30T06:15:04.098Z] {"timestamp":1782800102696,"level":"ERROR","args":["Échec de synchronisation avec l'historique permanent de la BDD."],"stack":"Error\n    at console.<computed> [as error] (http://localhost:3000/__manus__/debug-collector.js:391:37)\n    at fetchAlertsHistory (http://localhost:3000/src/pages/Home.tsx?t=1782800102366:40:19)"}
[2026-06-30T06:15:04.098Z] {"timestamp":1782800102708,"level":"ERROR","args":["Erreur d'historique:",{"type":"Error","message":"Failed to fetch","stack":"TypeError: Failed to fetch\n    at window.fetch (http://localhost:3000/__manus__/debug-collector.js:493:12)\n    at fetchHistory (http://localhost:3000/src/components/TrafficAttackChart.tsx?t=1782800102366:13:32)\n    at http://localhost:3000/src/components/TrafficAttackChart.tsx?t=1782800102366:24:5\n    at Object.react_stack_bottom_frame (http://localhost:3000/@fs/home/jhonsard/Documents/Programation/TFC/IDS-IPS-PROJECT/frontend/node_modules/.vite/deps/react-dom_client.js?v=1178a9bf:18567:20)\n    at runWithFiberInDEV (http://localhost:3000/@fs/home/jhonsard/Documents/Programation/TFC/IDS-IPS-PROJECT/frontend/node_modules/.vite/deps/react-dom_client.js?v=1178a9bf:997:72)\n    at commitHookEffectListMount (http://localhost:3000/@fs/home/jhonsard/Documents/Programation/TFC/IDS-IPS-PROJECT/frontend/node_modules/.vite/deps/react-dom_client.js?v=1178a9bf:9411:163)\n    at commitHookPassiveMountEffects (http://localhost:3000/@fs/home/jhonsard/Documents/Programation/TFC/IDS-IPS-PROJECT/frontend/node_modules/.vite/deps/react-dom_client.js?v=1178a9bf:9465:60)\n    at commitPassiveMountOnFiber (http://localhost:3000/@fs/home/jhonsard/Documents/Programation/TFC/IDS-IPS-PROJECT/frontend/node_modules/.vite/deps/react-dom_client.js?v=1178a9bf:11040:29)\n    at recursivelyTraversePassiveMountEffects (http://localhost:3000/@fs/home/jhonsard/Documents/Programation/TFC/IDS-IPS-PROJECT/frontend/node_modules/.vite/deps/react-dom_client.js?v=1178a9bf:11010:13)\n    at commitPassiveMountOnFiber (http://localhost:3000/@fs/home/jhonsard/Documents/Programation/TFC/IDS-IPS-PROJECT/frontend/node_modules/.vite/deps/react-dom_client.js?v=1178a9bf:11201:13)"}],"stack":"Error\n    at console.<computed> [as error] (http://localhost:3000/__manus__/debug-collector.js:391:37)\n    at fetchHistory (http://localhost:3000/src/components/TrafficAttackChart.tsx?t=1782800102366:19:17)"}
[2026-06-30T06:15:19.941Z] {"timestamp":1782800117935,"level":"DEBUG","args":["[Manus] Debug collector initialized (no rrweb, UI events only)"],"stack":null}
[2026-06-30T06:15:19.941Z] {"timestamp":1782800117942,"level":"DEBUG","args":["[vite] connected."],"stack":null}
[2026-06-30T06:15:19.941Z] {"timestamp":1782800118322,"level":"INFO","args":["%cDownload the React DevTools for a better development experience: https://react.dev/link/react-devtools","font-weight:bold"],"stack":null}
[2026-06-30T06:15:19.941Z] {"timestamp":1782800118525,"level":"ERROR","args":["Échec de synchronisation avec l'historique permanent de la BDD."],"stack":"Error\n    at console.<computed> [as error] (http://localhost:3000/__manus__/debug-collector.js:391:37)\n    at fetchAlertsHistory (http://localhost:3000/src/pages/Home.tsx?t=1782800102366:40:19)"}
[2026-06-30T06:15:19.941Z] {"timestamp":1782800118530,"level":"ERROR","args":["Erreur d'historique:",{"type":"Error","message":"Failed to fetch","stack":"TypeError: Failed to fetch\n    at window.fetch (http://localhost:3000/__manus__/debug-collector.js:493:12)\n    at fetchHistory (http://localhost:3000/src/components/TrafficAttackChart.tsx?t=1782800102366:13:32)\n    at http://localhost:3000/src/components/TrafficAttackChart.tsx?t=1782800102366:24:5\n    at Object.react_stack_bottom_frame (http://localhost:3000/@fs/home/jhonsard/Documents/Programation/TFC/IDS-IPS-PROJECT/frontend/node_modules/.vite/deps/react-dom_client.js?v=1178a9bf:18567:20)\n    at runWithFiberInDEV (http://localhost:3000/@fs/home/jhonsard/Documents/Programation/TFC/IDS-IPS-PROJECT/frontend/node_modules/.vite/deps/react-dom_client.js?v=1178a9bf:997:72)\n    at commitHookEffectListMount (http://localhost:3000/@fs/home/jhonsard/Documents/Programation/TFC/IDS-IPS-PROJECT/frontend/node_modules/.vite/deps/react-dom_client.js?v=1178a9bf:9411:163)\n    at commitHookPassiveMountEffects (http://localhost:3000/@fs/home/jhonsard/Documents/Programation/TFC/IDS-IPS-PROJECT/frontend/node_modules/.vite/deps/react-dom_client.js?v=1178a9bf:9465:60)\n    at commitPassiveMountOnFiber (http://localhost:3000/@fs/home/jhonsard/Documents/Programation/TFC/IDS-IPS-PROJECT/frontend/node_modules/.vite/deps/react-dom_client.js?v=1178a9bf:11040:29)\n    at recursivelyTraversePassiveMountEffects (http://localhost:3000/@fs/home/jhonsard/Documents/Programation/TFC/IDS-IPS-PROJECT/frontend/node_modules/.vite/deps/react-dom_client.js?v=1178a9bf:11010:13)\n    at commitPassiveMountOnFiber (http://localhost:3000/@fs/home/jhonsard/Documents/Programation/TFC/IDS-IPS-PROJECT/frontend/node_modules/.vite/deps/react-dom_client.js?v=1178a9bf:11201:13)"}],"stack":"Error\n    at console.<computed> [as error] (http://localhost:3000/__manus__/debug-collector.js:391:37)\n    at fetchHistory (http://localhost:3000/src/components/TrafficAttackChart.tsx?t=1782800102366:19:17)"}
[2026-06-30T06:28:15.939Z] {"timestamp":1782800895470,"level":"DEBUG","args":["[vite]","hot updated: /src/index.css"],"stack":null}
[2026-06-30T06:28:15.939Z] {"timestamp":1782800895477,"level":"DEBUG","args":["[vite]","invalidate /src/components/TrafficAttackChart.tsx: Could not Fast Refresh (export removed)"],"stack":null}
[2026-06-30T06:28:15.939Z] {"timestamp":1782800895477,"level":"DEBUG","args":["[vite]","hot updated: /src/components/TrafficAttackChart.tsx"],"stack":null}
[2026-06-30T06:28:19.946Z] {"timestamp":1782800899081,"level":"DEBUG","args":["[vite]","hot updated: /src/index.css"],"stack":null}
[2026-06-30T06:28:19.946Z] {"timestamp":1782800899082,"level":"DEBUG","args":["[vite]","hot updated: /src/pages/Home.tsx"],"stack":null}
[2026-06-30T06:28:19.946Z] {"timestamp":1782800899383,"level":"ERROR","args":["Échec de synchronisation avec l'historique permanent de la BDD."],"stack":"Error\n    at console.<computed> [as error] (http://localhost:3000/__manus__/debug-collector.js:391:37)\n    at fetchAlertsHistory (http://localhost:3000/src/pages/Home.tsx?t=1782800898751:40:19)"}
[2026-06-30T06:35:07.948Z] {"timestamp":1782801307709,"level":"DEBUG","args":["[vite]","hot updated: /src/index.css"],"stack":null}
[2026-06-30T06:35:07.948Z] {"timestamp":1782801307709,"level":"DEBUG","args":["[vite]","invalidate /src/components/TrafficAttackChart.tsx: Could not Fast Refresh (export removed)"],"stack":null}
[2026-06-30T06:35:07.948Z] {"timestamp":1782801307709,"level":"DEBUG","args":["[vite]","hot updated: /src/components/TrafficAttackChart.tsx"],"stack":null}
[2026-06-30T06:35:14.041Z] {"timestamp":1782801313196,"level":"DEBUG","args":["[vite]","hot updated: /src/index.css"],"stack":null}
[2026-06-30T06:35:14.041Z] {"timestamp":1782801313197,"level":"DEBUG","args":["[vite]","hot updated: /src/pages/Home.tsx"],"stack":null}
[2026-06-30T06:35:14.041Z] {"timestamp":1782801313562,"level":"ERROR","args":["Échec de synchronisation avec l'historique permanent de la BDD."],"stack":"Error\n    at console.<computed> [as error] (http://localhost:3000/__manus__/debug-collector.js:391:37)\n    at fetchAlertsHistory (http://localhost:3000/src/pages/Home.tsx?t=1782801312786:40:19)"}
[2026-06-30T06:49:01.940Z] {"timestamp":1782802141586,"level":"DEBUG","args":["[vite]","hot updated: /src/index.css"],"stack":null}
[2026-06-30T06:49:01.940Z] {"timestamp":1782802141588,"level":"DEBUG","args":["[vite]","invalidate /src/components/TrafficAttackChart.tsx: Could not Fast Refresh (export removed)"],"stack":null}
[2026-06-30T06:49:01.940Z] {"timestamp":1782802141588,"level":"DEBUG","args":["[vite]","hot updated: /src/components/TrafficAttackChart.tsx"],"stack":null}
[2026-06-30T06:49:05.959Z] {"timestamp":1782802145673,"level":"DEBUG","args":["[vite]","hot updated: /src/index.css"],"stack":null}
[2026-06-30T06:49:05.959Z] {"timestamp":1782802145674,"level":"DEBUG","args":["[vite]","hot updated: /src/pages/Home.tsx"],"stack":null}
[2026-06-30T06:49:07.941Z] {"timestamp":1782802146253,"level":"ERROR","args":["Échec de synchronisation avec l'historique permanent de la BDD."],"stack":"Error\n    at console.<computed> [as error] (http://localhost:3000/__manus__/debug-collector.js:391:37)\n    at fetchAlertsHistory (http://localhost:3000/src/pages/Home.tsx?t=1782802145516:40:19)"}
[2026-06-30T06:56:25.938Z] {"timestamp":1782802584894,"level":"DEBUG","args":["[vite]","hot updated: /src/index.css"],"stack":null}
[2026-06-30T06:56:25.938Z] {"timestamp":1782802584896,"level":"DEBUG","args":["[vite]","invalidate /src/components/TrafficAttackChart.tsx: Could not Fast Refresh (export removed)"],"stack":null}
[2026-06-30T06:56:25.938Z] {"timestamp":1782802584897,"level":"DEBUG","args":["[vite]","hot updated: /src/components/TrafficAttackChart.tsx"],"stack":null}
[2026-06-30T06:56:29.965Z] {"timestamp":1782802589446,"level":"DEBUG","args":["[vite]","hot updated: /src/index.css"],"stack":null}
[2026-06-30T06:56:29.966Z] {"timestamp":1782802589448,"level":"DEBUG","args":["[vite]","hot updated: /src/pages/Home.tsx"],"stack":null}
[2026-06-30T06:56:29.966Z] {"timestamp":1782802589939,"level":"ERROR","args":["Échec de synchronisation avec l'historique permanent de la BDD."],"stack":"Error\n    at console.<computed> [as error] (http://localhost:3000/__manus__/debug-collector.js:391:37)\n    at fetchAlertsHistory (http://localhost:3000/src/pages/Home.tsx?t=1782802589279:40:19)"}
[2026-06-30T08:44:03.783Z] {"timestamp":1782809041779,"level":"DEBUG","args":["[Manus] Debug collector initialized (no rrweb, UI events only)"],"stack":null}
[2026-06-30T08:44:03.783Z] {"timestamp":1782809041792,"level":"DEBUG","args":["[vite] connected."],"stack":null}
[2026-06-30T08:44:03.783Z] {"timestamp":1782809042039,"level":"INFO","args":["%cDownload the React DevTools for a better development experience: https://react.dev/link/react-devtools","font-weight:bold"],"stack":null}
[2026-06-30T08:44:03.783Z] {"timestamp":1782809042658,"level":"ERROR","args":["Échec de synchronisation avec l'historique permanent de la BDD."],"stack":"Error\n    at console.<computed> [as error] (http://localhost:3000/__manus__/debug-collector.js:391:37)\n    at fetchAlertsHistory (http://localhost:3000/src/pages/Home.tsx?t=1782802589279:40:19)"}
[2026-07-01T13:38:24.071Z] {"timestamp":1782913102036,"level":"DEBUG","args":["[Manus] Debug collector initialized (no rrweb, UI events only)"],"stack":null}
[2026-07-01T13:38:24.071Z] {"timestamp":1782913102043,"level":"DEBUG","args":["[vite] connected."],"stack":null}
[2026-07-01T13:38:24.071Z] {"timestamp":1782913103202,"level":"INFO","args":["%cDownload the React DevTools for a better development experience: https://react.dev/link/react-devtools","font-weight:bold"],"stack":null}
[2026-07-01T13:38:24.071Z] {"timestamp":1782913103908,"level":"ERROR","args":["Erreur d'historique:",{"type":"Error","message":"Failed to fetch","stack":"TypeError: Failed to fetch\n    at window.fetch (http://localhost:3000/__manus__/debug-collector.js:493:12)\n    at fetchHistory (http://localhost:3000/src/components/TrafficAttackChart.tsx:13:32)\n    at http://localhost:3000/src/components/TrafficAttackChart.tsx:24:5\n    at Object.react_stack_bottom_frame (http://localhost:3000/@fs/home/jhonsard/Documents/Programation/TFC/IDS-IPS-PROJECT/frontend/node_modules/.vite/deps/react-dom_client.js?v=1178a9bf:18567:20)\n    at runWithFiberInDEV (http://localhost:3000/@fs/home/jhonsard/Documents/Programation/TFC/IDS-IPS-PROJECT/frontend/node_modules/.vite/deps/react-dom_client.js?v=1178a9bf:997:72)\n    at commitHookEffectListMount (http://localhost:3000/@fs/home/jhonsard/Documents/Programation/TFC/IDS-IPS-PROJECT/frontend/node_modules/.vite/deps/react-dom_client.js?v=1178a9bf:9411:163)\n    at commitHookPassiveMountEffects (http://localhost:3000/@fs/home/jhonsard/Documents/Programation/TFC/IDS-IPS-PROJECT/frontend/node_modules/.vite/deps/react-dom_client.js?v=1178a9bf:9465:60)\n    at commitPassiveMountOnFiber (http://localhost:3000/@fs/home/jhonsard/Documents/Programation/TFC/IDS-IPS-PROJECT/frontend/node_modules/.vite/deps/react-dom_client.js?v=1178a9bf:11040:29)\n    at recursivelyTraversePassiveMountEffects (http://localhost:3000/@fs/home/jhonsard/Documents/Programation/TFC/IDS-IPS-PROJECT/frontend/node_modules/.vite/deps/react-dom_client.js?v=1178a9bf:11010:13)\n    at commitPassiveMountOnFiber (http://localhost:3000/@fs/home/jhonsard/Documents/Programation/TFC/IDS-IPS-PROJECT/frontend/node_modules/.vite/deps/react-dom_client.js?v=1178a9bf:11201:13)"}],"stack":"Error\n    at console.<computed> [as error] (http://localhost:3000/__manus__/debug-collector.js:391:37)\n    at fetchHistory (http://localhost:3000/src/components/TrafficAttackChart.tsx:19:17)"}
[2026-07-01T13:38:24.071Z] {"timestamp":1782913103964,"level":"ERROR","args":["Erreur réseau lors du chargement de l'historique permanent:",{"type":"Error","message":"Failed to fetch","stack":"TypeError: Failed to fetch\n    at window.fetch (http://localhost:3000/__manus__/debug-collector.js:493:12)\n    at fetchAlertsHistory (http://localhost:3000/src/pages/Home.tsx:29:32)\n    at http://localhost:3000/src/pages/Home.tsx:46:5\n    at Object.react_stack_bottom_frame (http://localhost:3000/@fs/home/jhonsard/Documents/Programation/TFC/IDS-IPS-PROJECT/frontend/node_modules/.vite/deps/react-dom_client.js?v=1178a9bf:18567:20)\n    at runWithFiberInDEV (http://localhost:3000/@fs/home/jhonsard/Documents/Programation/TFC/IDS-IPS-PROJECT/frontend/node_modules/.vite/deps/react-dom_client.js?v=1178a9bf:997:72)\n    at commitHookEffectListMount (http://localhost:3000/@fs/home/jhonsard/Documents/Programation/TFC/IDS-IPS-PROJECT/frontend/node_modules/.vite/deps/react-dom_client.js?v=1178a9bf:9411:163)\n    at commitHookPassiveMountEffects (http://localhost:3000/@fs/home/jhonsard/Documents/Programation/TFC/IDS-IPS-PROJECT/frontend/node_modules/.vite/deps/react-dom_client.js?v=1178a9bf:9465:60)\n    at commitPassiveMountOnFiber (http://localhost:3000/@fs/home/jhonsard/Documents/Programation/TFC/IDS-IPS-PROJECT/frontend/node_modules/.vite/deps/react-dom_client.js?v=1178a9bf:11040:29)\n    at recursivelyTraversePassiveMountEffects (http://localhost:3000/@fs/home/jhonsard/Documents/Programation/TFC/IDS-IPS-PROJECT/frontend/node_modules/.vite/deps/react-dom_client.js?v=1178a9bf:11010:13)\n    at commitPassiveMountOnFiber (http://localhost:3000/@fs/home/jhonsard/Documents/Programation/TFC/IDS-IPS-PROJECT/frontend/node_modules/.vite/deps/react-dom_client.js?v=1178a9bf:11033:13)"}],"stack":"Error\n    at console.<computed> [as error] (http://localhost:3000/__manus__/debug-collector.js:391:37)\n    at fetchAlertsHistory (http://localhost:3000/src/pages/Home.tsx:43:17)"}
[2026-07-08T13:42:56.239Z] {"timestamp":1783518174233,"level":"DEBUG","args":["[Manus] Debug collector initialized (no rrweb, UI events only)"],"stack":null}
[2026-07-08T13:42:56.239Z] {"timestamp":1783518174240,"level":"DEBUG","args":["[vite] connected."],"stack":null}
[2026-07-08T13:42:56.239Z] {"timestamp":1783518174761,"level":"INFO","args":["%cDownload the React DevTools for a better development experience: https://react.dev/link/react-devtools","font-weight:bold"],"stack":null}
[2026-07-08T13:42:56.239Z] {"timestamp":1783518175456,"level":"ERROR","args":["Erreur d'historique:",{"type":"Error","message":"Failed to fetch","stack":"TypeError: Failed to fetch\n    at window.fetch (http://localhost:3000/__manus__/debug-collector.js:493:12)\n    at fetchHistory (http://localhost:3000/src/components/TrafficAttackChart.tsx:13:32)\n    at http://localhost:3000/src/components/TrafficAttackChart.tsx:24:5\n    at Object.react_stack_bottom_frame (http://localhost:3000/@fs/home/jhonsard/Documents/Programation/TFC/IDS-IPS-PROJECT/frontend/node_modules/.vite/deps/react-dom_client.js?v=1178a9bf:18567:20)\n    at runWithFiberInDEV (http://localhost:3000/@fs/home/jhonsard/Documents/Programation/TFC/IDS-IPS-PROJECT/frontend/node_modules/.vite/deps/react-dom_client.js?v=1178a9bf:997:72)\n    at commitHookEffectListMount (http://localhost:3000/@fs/home/jhonsard/Documents/Programation/TFC/IDS-IPS-PROJECT/frontend/node_modules/.vite/deps/react-dom_client.js?v=1178a9bf:9411:163)\n    at commitHookPassiveMountEffects (http://localhost:3000/@fs/home/jhonsard/Documents/Programation/TFC/IDS-IPS-PROJECT/frontend/node_modules/.vite/deps/react-dom_client.js?v=1178a9bf:9465:60)\n    at commitPassiveMountOnFiber (http://localhost:3000/@fs/home/jhonsard/Documents/Programation/TFC/IDS-IPS-PROJECT/frontend/node_modules/.vite/deps/react-dom_client.js?v=1178a9bf:11040:29)\n    at recursivelyTraversePassiveMountEffects (http://localhost:3000/@fs/home/jhonsard/Documents/Programation/TFC/IDS-IPS-PROJECT/frontend/node_modules/.vite/deps/react-dom_client.js?v=1178a9bf:11010:13)\n    at commitPassiveMountOnFiber (http://localhost:3000/@fs/home/jhonsard/Documents/Programation/TFC/IDS-IPS-PROJECT/frontend/node_modules/.vite/deps/react-dom_client.js?v=1178a9bf:11201:13)"}],"stack":"Error\n    at console.<computed> [as error] (http://localhost:3000/__manus__/debug-collector.js:391:37)\n    at fetchHistory (http://localhost:3000/src/components/TrafficAttackChart.tsx:19:17)"}
[2026-07-08T13:42:56.239Z] {"timestamp":1783518175521,"level":"ERROR","args":["Erreur réseau lors du chargement de l'historique permanent:",{"type":"Error","message":"Failed to fetch","stack":"TypeError: Failed to fetch\n    at window.fetch (http://localhost:3000/__manus__/debug-collector.js:493:12)\n    at fetchAlertsHistory (http://localhost:3000/src/pages/Home.tsx:29:32)\n    at http://localhost:3000/src/pages/Home.tsx:46:5\n    at Object.react_stack_bottom_frame (http://localhost:3000/@fs/home/jhonsard/Documents/Programation/TFC/IDS-IPS-PROJECT/frontend/node_modules/.vite/deps/react-dom_client.js?v=1178a9bf:18567:20)\n    at runWithFiberInDEV (http://localhost:3000/@fs/home/jhonsard/Documents/Programation/TFC/IDS-IPS-PROJECT/frontend/node_modules/.vite/deps/react-dom_client.js?v=1178a9bf:997:72)\n    at commitHookEffectListMount (http://localhost:3000/@fs/home/jhonsard/Documents/Programation/TFC/IDS-IPS-PROJECT/frontend/node_modules/.vite/deps/react-dom_client.js?v=1178a9bf:9411:163)\n    at commitHookPassiveMountEffects (http://localhost:3000/@fs/home/jhonsard/Documents/Programation/TFC/IDS-IPS-PROJECT/frontend/node_modules/.vite/deps/react-dom_client.js?v=1178a9bf:9465:60)\n    at commitPassiveMountOnFiber (http://localhost:3000/@fs/home/jhonsard/Documents/Programation/TFC/IDS-IPS-PROJECT/frontend/node_modules/.vite/deps/react-dom_client.js?v=1178a9bf:11040:29)\n    at recursivelyTraversePassiveMountEffects (http://localhost:3000/@fs/home/jhonsard/Documents/Programation/TFC/IDS-IPS-PROJECT/frontend/node_modules/.vite/deps/react-dom_client.js?v=1178a9bf:11010:13)\n    at commitPassiveMountOnFiber (http://localhost:3000/@fs/home/jhonsard/Documents/Programation/TFC/IDS-IPS-PROJECT/frontend/node_modules/.vite/deps/react-dom_client.js?v=1178a9bf:11033:13)"}],"stack":"Error\n    at console.<computed> [as error] (http://localhost:3000/__manus__/debug-collector.js:391:37)\n    at fetchAlertsHistory (http://localhost:3000/src/pages/Home.tsx:43:17)"}
[2026-07-08T13:53:48.255Z] {"timestamp":1783518503926,"level":"LOG","args":["[vite] server connection lost. Polling for restart..."],"stack":null}
[2026-07-08T13:53:54.675Z] {"timestamp":1783518832662,"level":"DEBUG","args":["[Manus] Debug collector initialized (no rrweb, UI events only)"],"stack":null}
[2026-07-08T13:53:57.596Z] {"timestamp":1783518834928,"level":"DEBUG","args":["[vite] connected."],"stack":null}
[2026-07-08T13:53:58.728Z] {"timestamp":1783518836717,"level":"DEBUG","args":["[Manus] Debug collector initialized (no rrweb, UI events only)"],"stack":null}
[2026-07-08T13:53:58.728Z] {"timestamp":1783518836751,"level":"DEBUG","args":["[vite] connected."],"stack":null}
[2026-07-08T14:10:43.841Z] {"timestamp":1783519638851,"level":"LOG","args":["[vite] server connection lost. Polling for restart..."],"stack":null}
[2026-07-08T14:10:49.596Z] {"timestamp":1783519638853,"level":"LOG","args":["[vite] server connection lost. Polling for restart..."],"stack":null}
[2026-07-08T14:10:50.470Z] {"timestamp":1783519848460,"level":"DEBUG","args":["[Manus] Debug collector initialized (no rrweb, UI events only)"],"stack":null}
[2026-07-08T14:10:50.470Z] {"timestamp":1783519850047,"level":"DEBUG","args":["[vite] connected."],"stack":null}
[2026-07-08T14:12:28.475Z] {"timestamp":1783519863430,"level":"LOG","args":["[vite] server connection lost. Polling for restart..."],"stack":null}
[2026-07-08T14:14:43.609Z] {"timestamp":1783519953588,"level":"DEBUG","args":["[Manus] Debug collector initialized (no rrweb, UI events only)"],"stack":null}
[2026-07-08T14:14:43.609Z] {"timestamp":1783519961788,"level":"ERROR","args":["[vite] failed to connect to websocket.\nyour current setup:\n  (browser) localhost:3000/ <--[HTTP]--> localhost:3000/ (server)\n  (browser) localhost:3000/ <--[WebSocket (failing)]--> localhost:3000/ (server)\nCheck out your Vite / network configuration and https://vite.dev/config/server-options.html#server-hmr ."],"stack":"Error\n    at console.error (http://localhost:3000/__manus__/debug-collector.js:391:37)\n    at Object.connect (http://localhost:3000/@vite/client:765:16)\n    at async Object.connect (http://localhost:3000/@vite/client:381:5)"}
[2026-07-08T14:15:01.622Z] {"timestamp":1783520099609,"level":"DEBUG","args":["[Manus] Debug collector initialized (no rrweb, UI events only)"],"stack":null}
[2026-07-08T14:15:01.622Z] {"timestamp":1783520099697,"level":"DEBUG","args":["[vite] connected."],"stack":null}
[2026-07-08T14:18:19.624Z] {"timestamp":1783520179248,"level":"LOG","args":["[vite] server connection lost. Polling for restart..."],"stack":null}
[2026-07-08T14:18:26.096Z] {"timestamp":1783520304087,"level":"DEBUG","args":["[Manus] Debug collector initialized (no rrweb, UI events only)"],"stack":null}
[2026-07-08T14:18:26.096Z] {"timestamp":1783520304329,"level":"ERROR","args":[{"type":"UncaughtError","message":"Uncaught SyntaxError: The requested module '/src/components/TrafficAttackChart.tsx' does not provide an export named 'default'","filename":"http://localhost:3000/src/components/SidebarLayout.tsx","lineno":6,"colno":8,"stack":"SyntaxError: The requested module '/src/components/TrafficAttackChart.tsx' does not provide an export named 'default'"}],"stack":"SyntaxError: The requested module '/src/components/TrafficAttackChart.tsx' does not provide an export named 'default'"}
[2026-07-08T14:18:28.092Z] {"timestamp":1783520306990,"level":"DEBUG","args":["[vite] connected."],"stack":null}
[2026-07-08T14:18:35.753Z] {"timestamp":1783520313746,"level":"DEBUG","args":["[Manus] Debug collector initialized (no rrweb, UI events only)"],"stack":null}
[2026-07-08T14:18:35.754Z] {"timestamp":1783520313828,"level":"ERROR","args":[{"type":"UncaughtError","message":"Uncaught SyntaxError: The requested module '/src/components/TrafficAttackChart.tsx' does not provide an export named 'default'","filename":"http://localhost:3000/src/components/SidebarLayout.tsx","lineno":6,"colno":8,"stack":"SyntaxError: The requested module '/src/components/TrafficAttackChart.tsx' does not provide an export named 'default'"}],"stack":"SyntaxError: The requested module '/src/components/TrafficAttackChart.tsx' does not provide an export named 'default'"}
[2026-07-08T14:18:35.754Z] {"timestamp":1783520315601,"level":"DEBUG","args":["[vite] connected."],"stack":null}
[2026-07-08T17:44:06.381Z] {"timestamp":1783520364833,"level":"LOG","args":["[vite] server connection lost. Polling for restart..."],"stack":null}
[2026-07-08T17:44:09.631Z] {"timestamp":1783532647452,"level":"DEBUG","args":["[Manus] Debug collector initialized (no rrweb, UI events only)"],"stack":null}
[2026-07-08T17:44:09.631Z] {"timestamp":1783532648918,"level":"INFO","args":["%cDownload the React DevTools for a better development experience: https://react.dev/link/react-devtools","font-weight:bold"],"stack":null}
[2026-07-08T17:44:11.489Z] {"timestamp":1783532649621,"level":"ERROR","args":["Erreur d'historique:",{"type":"Error","message":"Failed to fetch","stack":"TypeError: Failed to fetch\n    at http://localhost:3000/__manus__/debug-collector.js:493:12\n    at fetchHistory (http://localhost:3000/src/components/TrafficAttackChart.tsx:13:32)\n    at http://localhost:3000/src/components/TrafficAttackChart.tsx:24:5\n    at Object.react_stack_bottom_frame (http://localhost:3000/@fs/home/jhonsard/Documents/Programation/TFC/IDS-IPS-PROJECT/frontend/node_modules/.vite/deps/react-dom_client.js?v=1178a9bf:18567:20)\n    at runWithFiberInDEV (http://localhost:3000/@fs/home/jhonsard/Documents/Programation/TFC/IDS-IPS-PROJECT/frontend/node_modules/.vite/deps/react-dom_client.js?v=1178a9bf:997:72)\n    at commitHookEffectListMount (http://localhost:3000/@fs/home/jhonsard/Documents/Programation/TFC/IDS-IPS-PROJECT/frontend/node_modules/.vite/deps/react-dom_client.js?v=1178a9bf:9411:163)\n    at commitHookPassiveMountEffects (http://localhost:3000/@fs/home/jhonsard/Documents/Programation/TFC/IDS-IPS-PROJECT/frontend/node_modules/.vite/deps/react-dom_client.js?v=1178a9bf:9465:60)\n    at commitPassiveMountOnFiber (http://localhost:3000/@fs/home/jhonsard/Documents/Programation/TFC/IDS-IPS-PROJECT/frontend/node_modules/.vite/deps/react-dom_client.js?v=1178a9bf:11040:29)\n    at recursivelyTraversePassiveMountEffects (http://localhost:3000/@fs/home/jhonsard/Documents/Programation/TFC/IDS-IPS-PROJECT/frontend/node_modules/.vite/deps/react-dom_client.js?v=1178a9bf:11010:13)\n    at commitPassiveMountOnFiber (http://localhost:3000/@fs/home/jhonsard/Documents/Programation/TFC/IDS-IPS-PROJECT/frontend/node_modules/.vite/deps/react-dom_client.js?v=1178a9bf:11201:13)"}],"stack":"Error\n    at console.error (http://localhost:3000/__manus__/debug-collector.js:391:37)\n    at fetchHistory (http://localhost:3000/src/components/TrafficAttackChart.tsx:19:17)"}
[2026-07-08T17:44:11.489Z] {"timestamp":1783532649695,"level":"ERROR","args":["Failed to fetch history",{"type":"Error","message":"Unexpected token '<', \"<!doctype \"... is not valid JSON","stack":"SyntaxError: Unexpected token '<', \"<!doctype \"... is not valid JSON"}],"stack":"Error\n    at console.error (http://localhost:3000/__manus__/debug-collector.js:391:37)\n    at fetchHistory (http://localhost:3000/src/components/SidebarLayout.tsx:44:17)"}
[2026-07-08T17:44:13.455Z] {"timestamp":1783532651494,"level":"DEBUG","args":["[vite] connected."],"stack":null}
[2026-07-08T17:44:35.459Z] {"timestamp":1783532674870,"level":"ERROR","args":[{"type":"Error","message":"Unexpected token '<', \"<!doctype \"... is not valid JSON","stack":"SyntaxError: Unexpected token '<', \"<!doctype \"... is not valid JSON"}],"stack":"Error\n    at console.error (http://localhost:3000/__manus__/debug-collector.js:391:37)\n    at fetchBanned (http://localhost:3000/src/components/BannedHosts.tsx:26:17)"}
[2026-07-08T17:44:47.455Z] {"timestamp":1783532685744,"level":"ERROR","args":["Erreur d'historique:",{"type":"Error","message":"Failed to fetch","stack":"TypeError: Failed to fetch\n    at http://localhost:3000/__manus__/debug-collector.js:493:12\n    at fetchHistory (http://localhost:3000/src/components/TrafficAttackChart.tsx:13:32)\n    at http://localhost:3000/src/components/TrafficAttackChart.tsx:24:5\n    at Object.react_stack_bottom_frame (http://localhost:3000/@fs/home/jhonsard/Documents/Programation/TFC/IDS-IPS-PROJECT/frontend/node_modules/.vite/deps/react-dom_client.js?v=1178a9bf:18567:20)\n    at runWithFiberInDEV (http://localhost:3000/@fs/home/jhonsard/Documents/Programation/TFC/IDS-IPS-PROJECT/frontend/node_modules/.vite/deps/react-dom_client.js?v=1178a9bf:997:72)\n    at commitHookEffectListMount (http://localhost:3000/@fs/home/jhonsard/Documents/Programation/TFC/IDS-IPS-PROJECT/frontend/node_modules/.vite/deps/react-dom_client.js?v=1178a9bf:9411:163)\n    at commitHookPassiveMountEffects (http://localhost:3000/@fs/home/jhonsard/Documents/Programation/TFC/IDS-IPS-PROJECT/frontend/node_modules/.vite/deps/react-dom_client.js?v=1178a9bf:9465:60)\n    at commitPassiveMountOnFiber (http://localhost:3000/@fs/home/jhonsard/Documents/Programation/TFC/IDS-IPS-PROJECT/frontend/node_modules/.vite/deps/react-dom_client.js?v=1178a9bf:11040:29)\n    at recursivelyTraversePassiveMountEffects (http://localhost:3000/@fs/home/jhonsard/Documents/Programation/TFC/IDS-IPS-PROJECT/frontend/node_modules/.vite/deps/react-dom_client.js?v=1178a9bf:11010:13)\n    at commitPassiveMountOnFiber (http://localhost:3000/@fs/home/jhonsard/Documents/Programation/TFC/IDS-IPS-PROJECT/frontend/node_modules/.vite/deps/react-dom_client.js?v=1178a9bf:11201:13)"}],"stack":"Error\n    at console.error (http://localhost:3000/__manus__/debug-collector.js:391:37)\n    at fetchHistory (http://localhost:3000/src/components/TrafficAttackChart.tsx:19:17)"}
[2026-07-08T17:47:57.459Z] {"timestamp":1783532876925,"level":"ERROR","args":[{"type":"Error","message":"Unexpected token '<', \"<!doctype \"... is not valid JSON","stack":"SyntaxError: Unexpected token '<', \"<!doctype \"... is not valid JSON"}],"stack":"Error\n    at console.error (http://localhost:3000/__manus__/debug-collector.js:391:37)\n    at fetchBanned (http://localhost:3000/src/components/BannedHosts.tsx:26:17)"}
[2026-07-08T17:52:12.821Z] {"timestamp":1783533130816,"level":"DEBUG","args":["[Manus] Debug collector initialized (no rrweb, UI events only)"],"stack":null}
[2026-07-08T17:52:12.821Z] {"timestamp":1783533130837,"level":"DEBUG","args":["[vite] connected."],"stack":null}
[2026-07-08T17:52:12.821Z] {"timestamp":1783533131121,"level":"INFO","args":["%cDownload the React DevTools for a better development experience: https://react.dev/link/react-devtools","font-weight:bold"],"stack":null}
[2026-07-08T17:52:12.821Z] {"timestamp":1783533131382,"level":"ERROR","args":["Failed to fetch history",{"type":"Error","message":"Unexpected token '<', \"<!doctype \"... is not valid JSON","stack":"SyntaxError: Unexpected token '<', \"<!doctype \"... is not valid JSON"}],"stack":"Error\n    at console.error (http://localhost:3000/__manus__/debug-collector.js:391:37)\n    at fetchHistory (http://localhost:3000/src/components/SidebarLayout.tsx:44:17)"}
[2026-07-08T17:54:50.818Z] {"timestamp":1783533289696,"level":"ERROR","args":[{"type":"Error","message":"Unexpected token '<', \"<!doctype \"... is not valid JSON","stack":"SyntaxError: Unexpected token '<', \"<!doctype \"... is not valid JSON"}],"stack":"Error\n    at console.error (http://localhost:3000/__manus__/debug-collector.js:391:37)\n    at fetchBanned (http://localhost:3000/src/components/BannedHosts.tsx:26:17)"}
[2026-07-08T18:38:04.819Z] {"timestamp":1783535882921,"level":"ERROR","args":[{"type":"Error","message":"Unexpected token '<', \"<!doctype \"... is not valid JSON","stack":"SyntaxError: Unexpected token '<', \"<!doctype \"... is not valid JSON"}],"stack":"Error\n    at console.error (http://localhost:3000/__manus__/debug-collector.js:391:37)\n    at fetchBanned (http://localhost:3000/src/components/BannedHosts.tsx:26:17)"}
[2026-07-08T19:49:26.107Z] {"timestamp":1783540166076,"level":"LOG","args":["[vite] server connection lost. Polling for restart..."],"stack":null}
[2026-07-09T05:22:16.638Z] {"timestamp":1783574534636,"level":"DEBUG","args":["[Manus] Debug collector initialized (no rrweb, UI events only)"],"stack":null}
[2026-07-09T05:22:16.638Z] {"timestamp":1783574534775,"level":"DEBUG","args":["[vite] connected."],"stack":null}
[2026-07-09T05:22:16.638Z] {"timestamp":1783574535833,"level":"INFO","args":["%cDownload the React DevTools for a better development experience: https://react.dev/link/react-devtools","font-weight:bold"],"stack":null}
[2026-07-09T05:22:16.638Z] {"timestamp":1783574536274,"level":"ERROR","args":["Failed to fetch history",{"type":"Error","message":"Unexpected token '<', \"<!doctype \"... is not valid JSON","stack":"SyntaxError: Unexpected token '<', \"<!doctype \"... is not valid JSON"}],"stack":"Error\n    at console.error (http://localhost:3000/__manus__/debug-collector.js:391:37)\n    at fetchHistory (http://localhost:3000/src/components/SidebarLayout.tsx:44:17)"}
[2026-07-09T10:48:07.820Z] {"timestamp":1783594085449,"level":"DEBUG","args":["[Manus] Debug collector initialized (no rrweb, UI events only)"],"stack":null}
[2026-07-09T10:48:07.820Z] {"timestamp":1783594086072,"level":"DEBUG","args":["[vite] connected."],"stack":null}
[2026-07-09T10:48:42.700Z] {"timestamp":1783594120694,"level":"DEBUG","args":["[Manus] Debug collector initialized (no rrweb, UI events only)"],"stack":null}
[2026-07-09T10:48:42.700Z] {"timestamp":1783594120709,"level":"DEBUG","args":["[vite] connected."],"stack":null}
[2026-07-09T10:49:59.414Z] {"timestamp":1783594197403,"level":"DEBUG","args":["[Manus] Debug collector initialized (no rrweb, UI events only)"],"stack":null}
[2026-07-09T10:49:59.414Z] {"timestamp":1783594197444,"level":"DEBUG","args":["[vite] connected."],"stack":null}
[2026-07-09T10:50:35.666Z] {"timestamp":1783594233646,"level":"DEBUG","args":["[Manus] Debug collector initialized (no rrweb, UI events only)"],"stack":null}
[2026-07-09T10:50:35.666Z] {"timestamp":1783594233666,"level":"DEBUG","args":["[vite] connected."],"stack":null}
[2026-07-09T10:51:25.801Z] {"timestamp":1783594283792,"level":"DEBUG","args":["[Manus] Debug collector initialized (no rrweb, UI events only)"],"stack":null}
[2026-07-09T10:51:25.801Z] {"timestamp":1783594283835,"level":"DEBUG","args":["[vite] connected."],"stack":null}
[2026-07-09T10:51:41.214Z] {"timestamp":1783594299210,"level":"DEBUG","args":["[Manus] Debug collector initialized (no rrweb, UI events only)"],"stack":null}
[2026-07-09T10:51:41.214Z] {"timestamp":1783594299254,"level":"DEBUG","args":["[vite] connected."],"stack":null}
[2026-07-09T10:51:56.595Z] {"timestamp":1783594314587,"level":"DEBUG","args":["[Manus] Debug collector initialized (no rrweb, UI events only)"],"stack":null}
[2026-07-09T10:51:56.595Z] {"timestamp":1783594314635,"level":"DEBUG","args":["[vite] connected."],"stack":null}
[2026-07-09T10:52:50.608Z] {"timestamp":1783594353698,"level":"LOG","args":["[vite] server connection lost. Polling for restart..."],"stack":null}
[2026-07-09T10:52:54.372Z] {"timestamp":1783594372005,"level":"DEBUG","args":["[Manus] Debug collector initialized (no rrweb, UI events only)"],"stack":null}
[2026-07-09T10:52:54.372Z] {"timestamp":1783594372254,"level":"DEBUG","args":["[vite] connected."],"stack":null}
[2026-07-09T10:54:37.327Z] {"timestamp":1783594475316,"level":"DEBUG","args":["[Manus] Debug collector initialized (no rrweb, UI events only)"],"stack":null}
[2026-07-09T10:54:37.327Z] {"timestamp":1783594475461,"level":"DEBUG","args":["[vite] connected."],"stack":null}
[2026-07-09T10:55:00.342Z] {"timestamp":1783594498332,"level":"DEBUG","args":["[Manus] Debug collector initialized (no rrweb, UI events only)"],"stack":null}
[2026-07-09T10:55:00.342Z] {"timestamp":1783594498902,"level":"DEBUG","args":["[vite] connected."],"stack":null}
[2026-07-09T10:55:18.514Z] {"timestamp":1783594516370,"level":"DEBUG","args":["[Manus] Debug collector initialized (no rrweb, UI events only)"],"stack":null}
[2026-07-09T10:55:18.514Z] {"timestamp":1783594516534,"level":"DEBUG","args":["[vite] connected."],"stack":null}
[2026-07-09T10:55:29.010Z] {"timestamp":1783594526932,"level":"DEBUG","args":["[Manus] Debug collector initialized (no rrweb, UI events only)"],"stack":null}
[2026-07-09T10:55:29.010Z] {"timestamp":1783594527430,"level":"DEBUG","args":["[vite] connected."],"stack":null}
[2026-07-09T10:55:29.010Z] {"timestamp":1783594528001,"level":"INFO","args":["%cDownload the React DevTools for a better development experience: https://react.dev/link/react-devtools","font-weight:bold"],"stack":null}
[2026-07-09T10:55:29.010Z] {"timestamp":1783594528809,"level":"ERROR","args":["Erreur d'historique:",{"type":"Error","message":"Failed to fetch","stack":"TypeError: Failed to fetch\n    at http://localhost:3000/__manus__/debug-collector.js:493:12\n    at fetchHistory (http://localhost:3000/src/components/TrafficAttackChart.tsx:13:32)\n    at http://localhost:3000/src/components/TrafficAttackChart.tsx:24:5\n    at Object.react_stack_bottom_frame (http://localhost:3000/@fs/home/jhonsard/Documents/Programation/TFC/IDS-IPS-PROJECT/frontend/node_modules/.vite/deps/react-dom_client.js?v=73546cf9:18567:20)\n    at runWithFiberInDEV (http://localhost:3000/@fs/home/jhonsard/Documents/Programation/TFC/IDS-IPS-PROJECT/frontend/node_modules/.vite/deps/react-dom_client.js?v=73546cf9:997:72)\n    at commitHookEffectListMount (http://localhost:3000/@fs/home/jhonsard/Documents/Programation/TFC/IDS-IPS-PROJECT/frontend/node_modules/.vite/deps/react-dom_client.js?v=73546cf9:9411:163)\n    at commitHookPassiveMountEffects (http://localhost:3000/@fs/home/jhonsard/Documents/Programation/TFC/IDS-IPS-PROJECT/frontend/node_modules/.vite/deps/react-dom_client.js?v=73546cf9:9465:60)\n    at commitPassiveMountOnFiber (http://localhost:3000/@fs/home/jhonsard/Documents/Programation/TFC/IDS-IPS-PROJECT/frontend/node_modules/.vite/deps/react-dom_client.js?v=73546cf9:11040:29)\n    at recursivelyTraversePassiveMountEffects (http://localhost:3000/@fs/home/jhonsard/Documents/Programation/TFC/IDS-IPS-PROJECT/frontend/node_modules/.vite/deps/react-dom_client.js?v=73546cf9:11010:13)\n    at commitPassiveMountOnFiber (http://localhost:3000/@fs/home/jhonsard/Documents/Programation/TFC/IDS-IPS-PROJECT/frontend/node_modules/.vite/deps/react-dom_client.js?v=73546cf9:11201:13)"}],"stack":"Error\n    at console.error (http://localhost:3000/__manus__/debug-collector.js:391:37)\n    at fetchHistory (http://localhost:3000/src/components/TrafficAttackChart.tsx:19:17)"}
[2026-07-09T10:55:29.010Z] {"timestamp":1783594528821,"level":"ERROR","args":["Failed to fetch history",{"type":"Error","message":"Failed to fetch","stack":"TypeError: Failed to fetch\n    at http://localhost:3000/__manus__/debug-collector.js:493:12\n    at fetchHistory (http://localhost:3000/src/components/SidebarLayout.tsx?t=1783594523481:60:27)\n    at http://localhost:3000/src/components/SidebarLayout.tsx?t=1783594523481:85:5\n    at Object.react_stack_bottom_frame (http://localhost:3000/@fs/home/jhonsard/Documents/Programation/TFC/IDS-IPS-PROJECT/frontend/node_modules/.vite/deps/react-dom_client.js?v=73546cf9:18567:20)\n    at runWithFiberInDEV (http://localhost:3000/@fs/home/jhonsard/Documents/Programation/TFC/IDS-IPS-PROJECT/frontend/node_modules/.vite/deps/react-dom_client.js?v=73546cf9:997:72)\n    at commitHookEffectListMount (http://localhost:3000/@fs/home/jhonsard/Documents/Programation/TFC/IDS-IPS-PROJECT/frontend/node_modules/.vite/deps/react-dom_client.js?v=73546cf9:9411:163)\n    at commitHookPassiveMountEffects (http://localhost:3000/@fs/home/jhonsard/Documents/Programation/TFC/IDS-IPS-PROJECT/frontend/node_modules/.vite/deps/react-dom_client.js?v=73546cf9:9465:60)\n    at commitPassiveMountOnFiber (http://localhost:3000/@fs/home/jhonsard/Documents/Programation/TFC/IDS-IPS-PROJECT/frontend/node_modules/.vite/deps/react-dom_client.js?v=73546cf9:11040:29)\n    at recursivelyTraversePassiveMountEffects (http://localhost:3000/@fs/home/jhonsard/Documents/Programation/TFC/IDS-IPS-PROJECT/frontend/node_modules/.vite/deps/react-dom_client.js?v=73546cf9:11010:13)\n    at commitPassiveMountOnFiber (http://localhost:3000/@fs/home/jhonsard/Documents/Programation/TFC/IDS-IPS-PROJECT/frontend/node_modules/.vite/deps/react-dom_client.js?v=73546cf9:11033:13)"}],"stack":"Error\n    at console.error (http://localhost:3000/__manus__/debug-collector.js:391:37)\n    at fetchHistory (http://localhost:3000/src/components/SidebarLayout.tsx?t=1783594523481:82:17)"}
[2026-07-09T10:55:29.010Z] {"timestamp":1783594528823,"level":"ERROR","args":["Erreur réseau lors du chargement de l'historique permanent:",{"type":"Error","message":"Failed to fetch","stack":"TypeError: Failed to fetch\n    at http://localhost:3000/__manus__/debug-collector.js:493:12\n    at fetchAlertsHistory (http://localhost:3000/src/components/SidebarLayout.tsx?t=1783594523481:38:32)\n    at http://localhost:3000/src/components/SidebarLayout.tsx?t=1783594523481:55:5\n    at Object.react_stack_bottom_frame (http://localhost:3000/@fs/home/jhonsard/Documents/Programation/TFC/IDS-IPS-PROJECT/frontend/node_modules/.vite/deps/react-dom_client.js?v=73546cf9:18567:20)\n    at runWithFiberInDEV (http://localhost:3000/@fs/home/jhonsard/Documents/Programation/TFC/IDS-IPS-PROJECT/frontend/node_modules/.vite/deps/react-dom_client.js?v=73546cf9:997:72)\n    at commitHookEffectListMount (http://localhost:3000/@fs/home/jhonsard/Documents/Programation/TFC/IDS-IPS-PROJECT/frontend/node_modules/.vite/deps/react-dom_client.js?v=73546cf9:9411:163)\n    at commitHookPassiveMountEffects (http://localhost:3000/@fs/home/jhonsard/Documents/Programation/TFC/IDS-IPS-PROJECT/frontend/node_modules/.vite/deps/react-dom_client.js?v=73546cf9:9465:60)\n    at commitPassiveMountOnFiber (http://localhost:3000/@fs/home/jhonsard/Documents/Programation/TFC/IDS-IPS-PROJECT/frontend/node_modules/.vite/deps/react-dom_client.js?v=73546cf9:11040:29)\n    at recursivelyTraversePassiveMountEffects (http://localhost:3000/@fs/home/jhonsard/Documents/Programation/TFC/IDS-IPS-PROJECT/frontend/node_modules/.vite/deps/react-dom_client.js?v=73546cf9:11010:13)\n    at commitPassiveMountOnFiber (http://localhost:3000/@fs/home/jhonsard/Documents/Programation/TFC/IDS-IPS-PROJECT/frontend/node_modules/.vite/deps/react-dom_client.js?v=73546cf9:11033:13)"}],"stack":"Error\n    at console.error (http://localhost:3000/__manus__/debug-collector.js:391:37)\n    at fetchAlertsHistory (http://localhost:3000/src/components/SidebarLayout.tsx?t=1783594523481:52:17)"}
[2026-07-09T10:55:56.934Z] {"timestamp":1783594555858,"level":"ERROR","args":[{"type":"Error","message":"Unexpected token '<', \"<!doctype \"... is not valid JSON","stack":"SyntaxError: Unexpected token '<', \"<!doctype \"... is not valid JSON"}],"stack":"Error\n    at console.error (http://localhost:3000/__manus__/debug-collector.js:391:37)\n    at fetchBanned (http://localhost:3000/src/components/BannedHosts.tsx:26:17)"}
[2026-07-09T10:56:04.934Z] {"timestamp":1783594563668,"level":"ERROR","args":[{"type":"Error","message":"Unexpected token '<', \"<!doctype \"... is not valid JSON","stack":"SyntaxError: Unexpected token '<', \"<!doctype \"... is not valid JSON"}],"stack":"Error\n    at console.error (http://localhost:3000/__manus__/debug-collector.js:391:37)\n    at fetchBanned (http://localhost:3000/src/components/BannedHosts.tsx:26:17)"}
[2026-07-09T11:17:32.935Z] {"timestamp":1783595852454,"level":"ERROR","args":[{"type":"Error","message":"Unexpected token '<', \"<!doctype \"... is not valid JSON","stack":"SyntaxError: Unexpected token '<', \"<!doctype \"... is not valid JSON"}],"stack":"Error\n    at console.error (http://localhost:3000/__manus__/debug-collector.js:391:37)\n    at fetchBanned (http://localhost:3000/src/components/BannedHosts.tsx:26:17)"}
[2026-07-09T11:18:08.935Z] {"timestamp":1783595887508,"level":"ERROR","args":["Erreur d'historique:",{"type":"Error","message":"Failed to fetch","stack":"TypeError: Failed to fetch\n    at http://localhost:3000/__manus__/debug-collector.js:493:12\n    at fetchHistory (http://localhost:3000/src/components/TrafficAttackChart.tsx:13:32)\n    at http://localhost:3000/src/components/TrafficAttackChart.tsx:24:5\n    at Object.react_stack_bottom_frame (http://localhost:3000/@fs/home/jhonsard/Documents/Programation/TFC/IDS-IPS-PROJECT/frontend/node_modules/.vite/deps/react-dom_client.js?v=73546cf9:18567:20)\n    at runWithFiberInDEV (http://localhost:3000/@fs/home/jhonsard/Documents/Programation/TFC/IDS-IPS-PROJECT/frontend/node_modules/.vite/deps/react-dom_client.js?v=73546cf9:997:72)\n    at commitHookEffectListMount (http://localhost:3000/@fs/home/jhonsard/Documents/Programation/TFC/IDS-IPS-PROJECT/frontend/node_modules/.vite/deps/react-dom_client.js?v=73546cf9:9411:163)\n    at commitHookPassiveMountEffects (http://localhost:3000/@fs/home/jhonsard/Documents/Programation/TFC/IDS-IPS-PROJECT/frontend/node_modules/.vite/deps/react-dom_client.js?v=73546cf9:9465:60)\n    at commitPassiveMountOnFiber (http://localhost:3000/@fs/home/jhonsard/Documents/Programation/TFC/IDS-IPS-PROJECT/frontend/node_modules/.vite/deps/react-dom_client.js?v=73546cf9:11040:29)\n    at recursivelyTraversePassiveMountEffects (http://localhost:3000/@fs/home/jhonsard/Documents/Programation/TFC/IDS-IPS-PROJECT/frontend/node_modules/.vite/deps/react-dom_client.js?v=73546cf9:11010:13)\n    at commitPassiveMountOnFiber (http://localhost:3000/@fs/home/jhonsard/Documents/Programation/TFC/IDS-IPS-PROJECT/frontend/node_modules/.vite/deps/react-dom_client.js?v=73546cf9:11201:13)"}],"stack":"Error\n    at console.error (http://localhost:3000/__manus__/debug-collector.js:391:37)\n    at fetchHistory (http://localhost:3000/src/components/TrafficAttackChart.tsx:19:17)"}
[2026-07-09T11:21:06.941Z] {"timestamp":1783596066865,"level":"ERROR","args":["Erreur d'historique:",{"type":"Error","message":"Failed to fetch","stack":"TypeError: Failed to fetch\n    at http://localhost:3000/__manus__/debug-collector.js:493:12\n    at fetchHistory (http://localhost:3000/src/components/TrafficAttackChart.tsx:13:32)\n    at http://localhost:3000/src/components/TrafficAttackChart.tsx:24:5\n    at Object.react_stack_bottom_frame (http://localhost:3000/@fs/home/jhonsard/Documents/Programation/TFC/IDS-IPS-PROJECT/frontend/node_modules/.vite/deps/react-dom_client.js?v=73546cf9:18567:20)\n    at runWithFiberInDEV (http://localhost:3000/@fs/home/jhonsard/Documents/Programation/TFC/IDS-IPS-PROJECT/frontend/node_modules/.vite/deps/react-dom_client.js?v=73546cf9:997:72)\n    at commitHookEffectListMount (http://localhost:3000/@fs/home/jhonsard/Documents/Programation/TFC/IDS-IPS-PROJECT/frontend/node_modules/.vite/deps/react-dom_client.js?v=73546cf9:9411:163)\n    at commitHookPassiveMountEffects (http://localhost:3000/@fs/home/jhonsard/Documents/Programation/TFC/IDS-IPS-PROJECT/frontend/node_modules/.vite/deps/react-dom_client.js?v=73546cf9:9465:60)\n    at commitPassiveMountOnFiber (http://localhost:3000/@fs/home/jhonsard/Documents/Programation/TFC/IDS-IPS-PROJECT/frontend/node_modules/.vite/deps/react-dom_client.js?v=73546cf9:11040:29)\n    at recursivelyTraversePassiveMountEffects (http://localhost:3000/@fs/home/jhonsard/Documents/Programation/TFC/IDS-IPS-PROJECT/frontend/node_modules/.vite/deps/react-dom_client.js?v=73546cf9:11010:13)\n    at commitPassiveMountOnFiber (http://localhost:3000/@fs/home/jhonsard/Documents/Programation/TFC/IDS-IPS-PROJECT/frontend/node_modules/.vite/deps/react-dom_client.js?v=73546cf9:11201:13)"}],"stack":"Error\n    at console.error (http://localhost:3000/__manus__/debug-collector.js:391:37)\n    at fetchHistory (http://localhost:3000/src/components/TrafficAttackChart.tsx:19:17)"}
[2026-07-09T11:38:26.935Z] {"timestamp":1783597106692,"level":"ERROR","args":["Erreur d'historique:",{"type":"Error","message":"Failed to fetch","stack":"TypeError: Failed to fetch\n    at http://localhost:3000/__manus__/debug-collector.js:493:12\n    at fetchHistory (http://localhost:3000/src/components/TrafficAttackChart.tsx:13:32)\n    at http://localhost:3000/src/components/TrafficAttackChart.tsx:24:5\n    at Object.react_stack_bottom_frame (http://localhost:3000/@fs/home/jhonsard/Documents/Programation/TFC/IDS-IPS-PROJECT/frontend/node_modules/.vite/deps/react-dom_client.js?v=73546cf9:18567:20)\n    at runWithFiberInDEV (http://localhost:3000/@fs/home/jhonsard/Documents/Programation/TFC/IDS-IPS-PROJECT/frontend/node_modules/.vite/deps/react-dom_client.js?v=73546cf9:997:72)\n    at commitHookEffectListMount (http://localhost:3000/@fs/home/jhonsard/Documents/Programation/TFC/IDS-IPS-PROJECT/frontend/node_modules/.vite/deps/react-dom_client.js?v=73546cf9:9411:163)\n    at commitHookPassiveMountEffects (http://localhost:3000/@fs/home/jhonsard/Documents/Programation/TFC/IDS-IPS-PROJECT/frontend/node_modules/.vite/deps/react-dom_client.js?v=73546cf9:9465:60)\n    at commitPassiveMountOnFiber (http://localhost:3000/@fs/home/jhonsard/Documents/Programation/TFC/IDS-IPS-PROJECT/frontend/node_modules/.vite/deps/react-dom_client.js?v=73546cf9:11040:29)\n    at recursivelyTraversePassiveMountEffects (http://localhost:3000/@fs/home/jhonsard/Documents/Programation/TFC/IDS-IPS-PROJECT/frontend/node_modules/.vite/deps/react-dom_client.js?v=73546cf9:11010:13)\n    at commitPassiveMountOnFiber (http://localhost:3000/@fs/home/jhonsard/Documents/Programation/TFC/IDS-IPS-PROJECT/frontend/node_modules/.vite/deps/react-dom_client.js?v=73546cf9:11201:13)"}],"stack":"Error\n    at console.error (http://localhost:3000/__manus__/debug-collector.js:391:37)\n    at fetchHistory (http://localhost:3000/src/components/TrafficAttackChart.tsx:19:17)"}
[2026-07-09T12:15:32.233Z] {"timestamp":1783599330229,"level":"DEBUG","args":["[Manus] Debug collector initialized (no rrweb, UI events only)"],"stack":null}
[2026-07-09T12:15:32.233Z] {"timestamp":1783599330273,"level":"DEBUG","args":["[vite] connected."],"stack":null}
[2026-07-09T12:15:32.233Z] {"timestamp":1783599331156,"level":"INFO","args":["%cDownload the React DevTools for a better development experience: https://react.dev/link/react-devtools","font-weight:bold"],"stack":null}
[2026-07-09T12:15:32.233Z] {"timestamp":1783599331866,"level":"ERROR","args":["Erreur d'historique:",{"type":"Error","message":"Failed to fetch","stack":"TypeError: Failed to fetch\n    at window.fetch (http://localhost:3000/__manus__/debug-collector.js:493:12)\n    at fetchHistory (http://localhost:3000/src/components/TrafficAttackChart.tsx:13:32)\n    at http://localhost:3000/src/components/TrafficAttackChart.tsx:24:5\n    at Object.react_stack_bottom_frame (http://localhost:3000/@fs/home/jhonsard/Documents/Programation/TFC/IDS-IPS-PROJECT/frontend/node_modules/.vite/deps/react-dom_client.js?v=73546cf9:18567:20)\n    at runWithFiberInDEV (http://localhost:3000/@fs/home/jhonsard/Documents/Programation/TFC/IDS-IPS-PROJECT/frontend/node_modules/.vite/deps/react-dom_client.js?v=73546cf9:997:72)\n    at commitHookEffectListMount (http://localhost:3000/@fs/home/jhonsard/Documents/Programation/TFC/IDS-IPS-PROJECT/frontend/node_modules/.vite/deps/react-dom_client.js?v=73546cf9:9411:163)\n    at commitHookPassiveMountEffects (http://localhost:3000/@fs/home/jhonsard/Documents/Programation/TFC/IDS-IPS-PROJECT/frontend/node_modules/.vite/deps/react-dom_client.js?v=73546cf9:9465:60)\n    at commitPassiveMountOnFiber (http://localhost:3000/@fs/home/jhonsard/Documents/Programation/TFC/IDS-IPS-PROJECT/frontend/node_modules/.vite/deps/react-dom_client.js?v=73546cf9:11040:29)\n    at recursivelyTraversePassiveMountEffects (http://localhost:3000/@fs/home/jhonsard/Documents/Programation/TFC/IDS-IPS-PROJECT/frontend/node_modules/.vite/deps/react-dom_client.js?v=73546cf9:11010:13)\n    at commitPassiveMountOnFiber (http://localhost:3000/@fs/home/jhonsard/Documents/Programation/TFC/IDS-IPS-PROJECT/frontend/node_modules/.vite/deps/react-dom_client.js?v=73546cf9:11201:13)"}],"stack":"Error\n    at console.<computed> [as error] (http://localhost:3000/__manus__/debug-collector.js:391:37)\n    at fetchHistory (http://localhost:3000/src/components/TrafficAttackChart.tsx:19:17)"}
[2026-07-09T12:15:32.233Z] {"timestamp":1783599331873,"level":"ERROR","args":["Failed to fetch history",{"type":"Error","message":"Failed to fetch","stack":"TypeError: Failed to fetch\n    at window.fetch (http://localhost:3000/__manus__/debug-collector.js:493:12)\n    at fetchHistory (http://localhost:3000/src/components/SidebarLayout.tsx?t=1783599208016:62:27)\n    at http://localhost:3000/src/components/SidebarLayout.tsx?t=1783599208016:87:5\n    at Object.react_stack_bottom_frame (http://localhost:3000/@fs/home/jhonsard/Documents/Programation/TFC/IDS-IPS-PROJECT/frontend/node_modules/.vite/deps/react-dom_client.js?v=73546cf9:18567:20)\n    at runWithFiberInDEV (http://localhost:3000/@fs/home/jhonsard/Documents/Programation/TFC/IDS-IPS-PROJECT/frontend/node_modules/.vite/deps/react-dom_client.js?v=73546cf9:997:72)\n    at commitHookEffectListMount (http://localhost:3000/@fs/home/jhonsard/Documents/Programation/TFC/IDS-IPS-PROJECT/frontend/node_modules/.vite/deps/react-dom_client.js?v=73546cf9:9411:163)\n    at commitHookPassiveMountEffects (http://localhost:3000/@fs/home/jhonsard/Documents/Programation/TFC/IDS-IPS-PROJECT/frontend/node_modules/.vite/deps/react-dom_client.js?v=73546cf9:9465:60)\n    at commitPassiveMountOnFiber (http://localhost:3000/@fs/home/jhonsard/Documents/Programation/TFC/IDS-IPS-PROJECT/frontend/node_modules/.vite/deps/react-dom_client.js?v=73546cf9:11040:29)\n    at recursivelyTraversePassiveMountEffects (http://localhost:3000/@fs/home/jhonsard/Documents/Programation/TFC/IDS-IPS-PROJECT/frontend/node_modules/.vite/deps/react-dom_client.js?v=73546cf9:11010:13)\n    at commitPassiveMountOnFiber (http://localhost:3000/@fs/home/jhonsard/Documents/Programation/TFC/IDS-IPS-PROJECT/frontend/node_modules/.vite/deps/react-dom_client.js?v=73546cf9:11033:13)"}],"stack":"Error\n    at console.<computed> [as error] (http://localhost:3000/__manus__/debug-collector.js:391:37)\n    at fetchHistory (http://localhost:3000/src/components/SidebarLayout.tsx?t=1783599208016:84:17)"}
[2026-07-09T12:15:32.233Z] {"timestamp":1783599331874,"level":"ERROR","args":["Erreur réseau lors du chargement de l'historique permanent:",{"type":"Error","message":"Failed to fetch","stack":"TypeError: Failed to fetch\n    at window.fetch (http://localhost:3000/__manus__/debug-collector.js:493:12)\n    at fetchAlertsHistory (http://localhost:3000/src/components/SidebarLayout.tsx?t=1783599208016:40:32)\n    at http://localhost:3000/src/components/SidebarLayout.tsx?t=1783599208016:57:5\n    at Object.react_stack_bottom_frame (http://localhost:3000/@fs/home/jhonsard/Documents/Programation/TFC/IDS-IPS-PROJECT/frontend/node_modules/.vite/deps/react-dom_client.js?v=73546cf9:18567:20)\n    at runWithFiberInDEV (http://localhost:3000/@fs/home/jhonsard/Documents/Programation/TFC/IDS-IPS-PROJECT/frontend/node_modules/.vite/deps/react-dom_client.js?v=73546cf9:997:72)\n    at commitHookEffectListMount (http://localhost:3000/@fs/home/jhonsard/Documents/Programation/TFC/IDS-IPS-PROJECT/frontend/node_modules/.vite/deps/react-dom_client.js?v=73546cf9:9411:163)\n    at commitHookPassiveMountEffects (http://localhost:3000/@fs/home/jhonsard/Documents/Programation/TFC/IDS-IPS-PROJECT/frontend/node_modules/.vite/deps/react-dom_client.js?v=73546cf9:9465:60)\n    at commitPassiveMountOnFiber (http://localhost:3000/@fs/home/jhonsard/Documents/Programation/TFC/IDS-IPS-PROJECT/frontend/node_modules/.vite/deps/react-dom_client.js?v=73546cf9:11040:29)\n    at recursivelyTraversePassiveMountEffects (http://localhost:3000/@fs/home/jhonsard/Documents/Programation/TFC/IDS-IPS-PROJECT/frontend/node_modules/.vite/deps/react-dom_client.js?v=73546cf9:11010:13)\n    at commitPassiveMountOnFiber (http://localhost:3000/@fs/home/jhonsard/Documents/Programation/TFC/IDS-IPS-PROJECT/frontend/node_modules/.vite/deps/react-dom_client.js?v=73546cf9:11033:13)"}],"stack":"Error\n    at console.<computed> [as error] (http://localhost:3000/__manus__/debug-collector.js:391:37)\n    at fetchAlertsHistory (http://localhost:3000/src/components/SidebarLayout.tsx?t=1783599208016:54:17)"}
[2026-07-09T12:22:30.246Z] {"timestamp":1783599749762,"level":"DEBUG","args":["[vite]","hot updated: /src/components/SidebarLayout.tsx"],"stack":null}
[2026-07-09T12:22:30.246Z] {"timestamp":1783599749762,"level":"DEBUG","args":["[vite]","hot updated: /src/index.css"],"stack":null}
[2026-07-09T12:22:30.246Z] {"timestamp":1783599749875,"level":"ERROR","args":["Failed to fetch history",{"type":"Error","message":"Failed to fetch","stack":"TypeError: Failed to fetch\n    at window.fetch (http://localhost:3000/__manus__/debug-collector.js:493:12)\n    at fetchHistory (http://localhost:3000/src/components/SidebarLayout.tsx?t=1783599749271:62:27)\n    at http://localhost:3000/src/components/SidebarLayout.tsx?t=1783599749271:87:5\n    at Object.react_stack_bottom_frame (http://localhost:3000/@fs/home/jhonsard/Documents/Programation/TFC/IDS-IPS-PROJECT/frontend/node_modules/.vite/deps/react-dom_client.js?v=73546cf9:18567:20)\n    at runWithFiberInDEV (http://localhost:3000/@fs/home/jhonsard/Documents/Programation/TFC/IDS-IPS-PROJECT/frontend/node_modules/.vite/deps/react-dom_client.js?v=73546cf9:997:72)\n    at commitHookEffectListMount (http://localhost:3000/@fs/home/jhonsard/Documents/Programation/TFC/IDS-IPS-PROJECT/frontend/node_modules/.vite/deps/react-dom_client.js?v=73546cf9:9411:163)\n    at commitHookPassiveMountEffects (http://localhost:3000/@fs/home/jhonsard/Documents/Programation/TFC/IDS-IPS-PROJECT/frontend/node_modules/.vite/deps/react-dom_client.js?v=73546cf9:9465:60)\n    at commitPassiveMountOnFiber (http://localhost:3000/@fs/home/jhonsard/Documents/Programation/TFC/IDS-IPS-PROJECT/frontend/node_modules/.vite/deps/react-dom_client.js?v=73546cf9:11040:29)\n    at recursivelyTraversePassiveMountEffects (http://localhost:3000/@fs/home/jhonsard/Documents/Programation/TFC/IDS-IPS-PROJECT/frontend/node_modules/.vite/deps/react-dom_client.js?v=73546cf9:11010:13)\n    at commitPassiveMountOnFiber (http://localhost:3000/@fs/home/jhonsard/Documents/Programation/TFC/IDS-IPS-PROJECT/frontend/node_modules/.vite/deps/react-dom_client.js?v=73546cf9:11033:13)"}],"stack":"Error\n    at console.<computed> [as error] (http://localhost:3000/__manus__/debug-collector.js:391:37)\n    at fetchHistory (http://localhost:3000/src/components/SidebarLayout.tsx?t=1783599749271:84:17)"}
[2026-07-09T12:22:30.246Z] {"timestamp":1783599749878,"level":"ERROR","args":["Erreur réseau lors du chargement de l'historique permanent:",{"type":"Error","message":"Failed to fetch","stack":"TypeError: Failed to fetch\n    at window.fetch (http://localhost:3000/__manus__/debug-collector.js:493:12)\n    at fetchAlertsHistory (http://localhost:3000/src/components/SidebarLayout.tsx?t=1783599749271:40:32)\n    at http://localhost:3000/src/components/SidebarLayout.tsx?t=1783599749271:57:5\n    at Object.react_stack_bottom_frame (http://localhost:3000/@fs/home/jhonsard/Documents/Programation/TFC/IDS-IPS-PROJECT/frontend/node_modules/.vite/deps/react-dom_client.js?v=73546cf9:18567:20)\n    at runWithFiberInDEV (http://localhost:3000/@fs/home/jhonsard/Documents/Programation/TFC/IDS-IPS-PROJECT/frontend/node_modules/.vite/deps/react-dom_client.js?v=73546cf9:997:72)\n    at commitHookEffectListMount (http://localhost:3000/@fs/home/jhonsard/Documents/Programation/TFC/IDS-IPS-PROJECT/frontend/node_modules/.vite/deps/react-dom_client.js?v=73546cf9:9411:163)\n    at commitHookPassiveMountEffects (http://localhost:3000/@fs/home/jhonsard/Documents/Programation/TFC/IDS-IPS-PROJECT/frontend/node_modules/.vite/deps/react-dom_client.js?v=73546cf9:9465:60)\n    at commitPassiveMountOnFiber (http://localhost:3000/@fs/home/jhonsard/Documents/Programation/TFC/IDS-IPS-PROJECT/frontend/node_modules/.vite/deps/react-dom_client.js?v=73546cf9:11040:29)\n    at recursivelyTraversePassiveMountEffects (http://localhost:3000/@fs/home/jhonsard/Documents/Programation/TFC/IDS-IPS-PROJECT/frontend/node_modules/.vite/deps/react-dom_client.js?v=73546cf9:11010:13)\n    at commitPassiveMountOnFiber (http://localhost:3000/@fs/home/jhonsard/Documents/Programation/TFC/IDS-IPS-PROJECT/frontend/node_modules/.vite/deps/react-dom_client.js?v=73546cf9:11033:13)"}],"stack":"Error\n    at console.<computed> [as error] (http://localhost:3000/__manus__/debug-collector.js:391:37)\n    at fetchAlertsHistory (http://localhost:3000/src/components/SidebarLayout.tsx?t=1783599749271:54:17)"}
[2026-07-09T12:31:50.939Z] {"timestamp":1783600308932,"level":"DEBUG","args":["[Manus] Debug collector initialized (no rrweb, UI events only)"],"stack":null}
[2026-07-09T12:31:50.939Z] {"timestamp":1783600308938,"level":"DEBUG","args":["[vite] connected."],"stack":null}
[2026-07-09T12:31:50.939Z] {"timestamp":1783600310232,"level":"INFO","args":["%cDownload the React DevTools for a better development experience: https://react.dev/link/react-devtools","font-weight:bold"],"stack":null}
[2026-07-09T12:31:50.939Z] {"timestamp":1783600310551,"level":"ERROR","args":["Erreur d'historique:",{"type":"Error","message":"Failed to fetch","stack":"TypeError: Failed to fetch\n    at window.fetch (http://localhost:3000/__manus__/debug-collector.js:493:12)\n    at fetchHistory (http://localhost:3000/src/components/TrafficAttackChart.tsx:13:32)\n    at http://localhost:3000/src/components/TrafficAttackChart.tsx:24:5\n    at Object.react_stack_bottom_frame (http://localhost:3000/@fs/home/jhonsard/Documents/Programation/TFC/IDS-IPS-PROJECT/frontend/node_modules/.vite/deps/react-dom_client.js?v=73546cf9:18567:20)\n    at runWithFiberInDEV (http://localhost:3000/@fs/home/jhonsard/Documents/Programation/TFC/IDS-IPS-PROJECT/frontend/node_modules/.vite/deps/react-dom_client.js?v=73546cf9:997:72)\n    at commitHookEffectListMount (http://localhost:3000/@fs/home/jhonsard/Documents/Programation/TFC/IDS-IPS-PROJECT/frontend/node_modules/.vite/deps/react-dom_client.js?v=73546cf9:9411:163)\n    at commitHookPassiveMountEffects (http://localhost:3000/@fs/home/jhonsard/Documents/Programation/TFC/IDS-IPS-PROJECT/frontend/node_modules/.vite/deps/react-dom_client.js?v=73546cf9:9465:60)\n    at commitPassiveMountOnFiber (http://localhost:3000/@fs/home/jhonsard/Documents/Programation/TFC/IDS-IPS-PROJECT/frontend/node_modules/.vite/deps/react-dom_client.js?v=73546cf9:11040:29)\n    at recursivelyTraversePassiveMountEffects (http://localhost:3000/@fs/home/jhonsard/Documents/Programation/TFC/IDS-IPS-PROJECT/frontend/node_modules/.vite/deps/react-dom_client.js?v=73546cf9:11010:13)\n    at commitPassiveMountOnFiber (http://localhost:3000/@fs/home/jhonsard/Documents/Programation/TFC/IDS-IPS-PROJECT/frontend/node_modules/.vite/deps/react-dom_client.js?v=73546cf9:11201:13)"}],"stack":"Error\n    at console.<computed> [as error] (http://localhost:3000/__manus__/debug-collector.js:391:37)\n    at fetchHistory (http://localhost:3000/src/components/TrafficAttackChart.tsx:19:17)"}
[2026-07-09T12:31:50.939Z] {"timestamp":1783600310553,"level":"ERROR","args":["Failed to fetch history",{"type":"Error","message":"Failed to fetch","stack":"TypeError: Failed to fetch\n    at window.fetch (http://localhost:3000/__manus__/debug-collector.js:493:12)\n    at fetchHistory (http://localhost:3000/src/components/SidebarLayout.tsx?t=1783599749271:62:27)\n    at http://localhost:3000/src/components/SidebarLayout.tsx?t=1783599749271:87:5\n    at Object.react_stack_bottom_frame (http://localhost:3000/@fs/home/jhonsard/Documents/Programation/TFC/IDS-IPS-PROJECT/frontend/node_modules/.vite/deps/react-dom_client.js?v=73546cf9:18567:20)\n    at runWithFiberInDEV (http://localhost:3000/@fs/home/jhonsard/Documents/Programation/TFC/IDS-IPS-PROJECT/frontend/node_modules/.vite/deps/react-dom_client.js?v=73546cf9:997:72)\n    at commitHookEffectListMount (http://localhost:3000/@fs/home/jhonsard/Documents/Programation/TFC/IDS-IPS-PROJECT/frontend/node_modules/.vite/deps/react-dom_client.js?v=73546cf9:9411:163)\n    at commitHookPassiveMountEffects (http://localhost:3000/@fs/home/jhonsard/Documents/Programation/TFC/IDS-IPS-PROJECT/frontend/node_modules/.vite/deps/react-dom_client.js?v=73546cf9:9465:60)\n    at commitPassiveMountOnFiber (http://localhost:3000/@fs/home/jhonsard/Documents/Programation/TFC/IDS-IPS-PROJECT/frontend/node_modules/.vite/deps/react-dom_client.js?v=73546cf9:11040:29)\n    at recursivelyTraversePassiveMountEffects (http://localhost:3000/@fs/home/jhonsard/Documents/Programation/TFC/IDS-IPS-PROJECT/frontend/node_modules/.vite/deps/react-dom_client.js?v=73546cf9:11010:13)\n    at commitPassiveMountOnFiber (http://localhost:3000/@fs/home/jhonsard/Documents/Programation/TFC/IDS-IPS-PROJECT/frontend/node_modules/.vite/deps/react-dom_client.js?v=73546cf9:11033:13)"}],"stack":"Error\n    at console.<computed> [as error] (http://localhost:3000/__manus__/debug-collector.js:391:37)\n    at fetchHistory (http://localhost:3000/src/components/SidebarLayout.tsx?t=1783599749271:84:17)"}
[2026-07-09T12:31:50.939Z] {"timestamp":1783600310556,"level":"ERROR","args":["Erreur réseau lors du chargement de l'historique permanent:",{"type":"Error","message":"Failed to fetch","stack":"TypeError: Failed to fetch\n    at window.fetch (http://localhost:3000/__manus__/debug-collector.js:493:12)\n    at fetchAlertsHistory (http://localhost:3000/src/components/SidebarLayout.tsx?t=1783599749271:40:32)\n    at http://localhost:3000/src/components/SidebarLayout.tsx?t=1783599749271:57:5\n    at Object.react_stack_bottom_frame (http://localhost:3000/@fs/home/jhonsard/Documents/Programation/TFC/IDS-IPS-PROJECT/frontend/node_modules/.vite/deps/react-dom_client.js?v=73546cf9:18567:20)\n    at runWithFiberInDEV (http://localhost:3000/@fs/home/jhonsard/Documents/Programation/TFC/IDS-IPS-PROJECT/frontend/node_modules/.vite/deps/react-dom_client.js?v=73546cf9:997:72)\n    at commitHookEffectListMount (http://localhost:3000/@fs/home/jhonsard/Documents/Programation/TFC/IDS-IPS-PROJECT/frontend/node_modules/.vite/deps/react-dom_client.js?v=73546cf9:9411:163)\n    at commitHookPassiveMountEffects (http://localhost:3000/@fs/home/jhonsard/Documents/Programation/TFC/IDS-IPS-PROJECT/frontend/node_modules/.vite/deps/react-dom_client.js?v=73546cf9:9465:60)\n    at commitPassiveMountOnFiber (http://localhost:3000/@fs/home/jhonsard/Documents/Programation/TFC/IDS-IPS-PROJECT/frontend/node_modules/.vite/deps/react-dom_client.js?v=73546cf9:11040:29)\n    at recursivelyTraversePassiveMountEffects (http://localhost:3000/@fs/home/jhonsard/Documents/Programation/TFC/IDS-IPS-PROJECT/frontend/node_modules/.vite/deps/react-dom_client.js?v=73546cf9:11010:13)\n    at commitPassiveMountOnFiber (http://localhost:3000/@fs/home/jhonsard/Documents/Programation/TFC/IDS-IPS-PROJECT/frontend/node_modules/.vite/deps/react-dom_client.js?v=73546cf9:11033:13)"}],"stack":"Error\n    at console.<computed> [as error] (http://localhost:3000/__manus__/debug-collector.js:391:37)\n    at fetchAlertsHistory (http://localhost:3000/src/components/SidebarLayout.tsx?t=1783599749271:54:17)"}
[2026-07-09T12:34:29.083Z] {"timestamp":1783600467080,"level":"DEBUG","args":["[Manus] Debug collector initialized (no rrweb, UI events only)"],"stack":null}
[2026-07-09T12:34:29.083Z] {"timestamp":1783600467091,"level":"DEBUG","args":["[vite] connected."],"stack":null}
[2026-07-09T12:34:29.083Z] {"timestamp":1783600468616,"level":"INFO","args":["%cDownload the React DevTools for a better development experience: https://react.dev/link/react-devtools","font-weight:bold"],"stack":null}
[2026-07-09T12:34:29.083Z] {"timestamp":1783600468874,"level":"ERROR","args":["Échec de synchronisation avec l'historique permanent de la BDD."],"stack":"Error\n    at console.<computed> [as error] (http://localhost:3000/__manus__/debug-collector.js:391:37)\n    at fetchAlertsHistory (http://localhost:3000/src/components/SidebarLayout.tsx?t=1783599749271:51:19)"}
[2026-07-09T12:38:45.088Z] {"timestamp":1783600724095,"level":"ERROR","args":[{"type":"Error","message":"Unexpected token '<', \"<!doctype \"... is not valid JSON","stack":"SyntaxError: Unexpected token '<', \"<!doctype \"... is not valid JSON"}],"stack":"Error\n    at console.<computed> [as error] (http://localhost:3000/__manus__/debug-collector.js:391:37)\n    at fetchBanned (http://localhost:3000/src/components/BannedHosts.tsx:26:17)"}
[2026-07-09T12:39:43.090Z] {"timestamp":1783600781391,"level":"ERROR","args":[{"type":"Error","message":"Unexpected token '<', \"<!doctype \"... is not valid JSON","stack":"SyntaxError: Unexpected token '<', \"<!doctype \"... is not valid JSON"}],"stack":"Error\n    at console.<computed> [as error] (http://localhost:3000/__manus__/debug-collector.js:391:37)\n    at fetchBanned (http://localhost:3000/src/components/BannedHosts.tsx:26:17)"}
[2026-07-09T12:40:33.085Z] {"timestamp":1783600831829,"level":"ERROR","args":[{"type":"Error","message":"Unexpected token '<', \"<!doctype \"... is not valid JSON","stack":"SyntaxError: Unexpected token '<', \"<!doctype \"... is not valid JSON"}],"stack":"Error\n    at console.<computed> [as error] (http://localhost:3000/__manus__/debug-collector.js:391:37)\n    at fetchBanned (http://localhost:3000/src/components/BannedHosts.tsx:26:17)"}
[2026-07-10T13:18:23.271Z] {"timestamp":1783689501240,"level":"DEBUG","args":["[Manus] Debug collector initialized (no rrweb, UI events only)"],"stack":null}
[2026-07-10T13:18:23.271Z] {"timestamp":1783689502308,"level":"DEBUG","args":["[vite] connected."],"stack":null}
[2026-07-10T13:18:25.929Z] {"timestamp":1783689503931,"level":"INFO","args":["%cDownload the React DevTools for a better development experience: https://react.dev/link/react-devtools","font-weight:bold"],"stack":null}
[2026-07-10T13:19:07.247Z] {"timestamp":1783689546668,"level":"DEBUG","args":["[vite]","hot updated: /src/components/SidebarLayout.tsx"],"stack":null}
[2026-07-10T13:19:07.247Z] {"timestamp":1783689546668,"level":"DEBUG","args":["[vite]","hot updated: /src/index.css"],"stack":null}
[2026-07-10T13:22:17.301Z] {"timestamp":1783689736131,"level":"DEBUG","args":["[vite]","hot updated: /src/index.css"],"stack":null}
[2026-07-10T13:22:17.301Z] {"timestamp":1783689736131,"level":"DEBUG","args":["[vite]","hot updated: /src/pages/Login.tsx"],"stack":null}
[2026-07-10T13:22:17.301Z] {"timestamp":1783689736132,"level":"DEBUG","args":["[vite]","hot updated: /src/components/SidebarLayout.tsx"],"stack":null}
[2026-07-10T13:22:17.301Z] {"timestamp":1783689736132,"level":"DEBUG","args":["[vite]","hot updated: /src/pages/WelcomeAuth.tsx"],"stack":null}
[2026-07-10T13:22:17.301Z] {"timestamp":1783689736132,"level":"DEBUG","args":["[vite]","hot updated: /src/pages/LogsManagement.tsx"],"stack":null}
[2026-07-10T13:22:44.894Z] {"timestamp":1783689764754,"level":"LOG","args":["[vite] server connection lost. Polling for restart..."],"stack":null}
[2026-07-10T13:22:48.821Z] {"timestamp":1783689766815,"level":"DEBUG","args":["[Manus] Debug collector initialized (no rrweb, UI events only)"],"stack":null}
[2026-07-10T13:22:48.821Z] {"timestamp":1783689767792,"level":"DEBUG","args":["[vite] connected."],"stack":null}
[2026-07-10T13:22:48.821Z] {"timestamp":1783689768099,"level":"INFO","args":["%cDownload the React DevTools for a better development experience: https://react.dev/link/react-devtools","font-weight:bold"],"stack":null}
[2026-07-10T13:25:12.586Z] {"timestamp":1783689873596,"level":"LOG","args":["[vite] server connection lost. Polling for restart..."],"stack":null}
[2026-07-10T13:25:15.817Z] {"timestamp":1783689913535,"level":"DEBUG","args":["[Manus] Debug collector initialized (no rrweb, UI events only)"],"stack":null}
[2026-07-10T13:25:15.817Z] {"timestamp":1783689913762,"level":"DEBUG","args":["[vite] connected."],"stack":null}
[2026-07-10T13:25:17.538Z] {"timestamp":1783689916069,"level":"INFO","args":["%cDownload the React DevTools for a better development experience: https://react.dev/link/react-devtools","font-weight:bold"],"stack":null}
[2026-07-10T13:25:35.615Z] {"timestamp":1783689933611,"level":"DEBUG","args":["[Manus] Debug collector initialized (no rrweb, UI events only)"],"stack":null}
[2026-07-10T13:25:35.615Z] {"timestamp":1783689933680,"level":"DEBUG","args":["[vite] connected."],"stack":null}
[2026-07-10T13:25:35.615Z] {"timestamp":1783689933787,"level":"INFO","args":["%cDownload the React DevTools for a better development experience: https://react.dev/link/react-devtools","font-weight:bold"],"stack":null}
[2026-07-10T13:26:21.168Z] {"timestamp":1783689981129,"level":"LOG","args":["[vite] server connection lost. Polling for restart..."],"stack":null}
[2026-07-10T13:26:23.495Z] {"timestamp":1783689981490,"level":"DEBUG","args":["[Manus] Debug collector initialized (no rrweb, UI events only)"],"stack":null}
[2026-07-10T13:26:23.495Z] {"timestamp":1783689981965,"level":"DEBUG","args":["[vite] connected."],"stack":null}
[2026-07-10T13:26:23.495Z] {"timestamp":1783689983068,"level":"INFO","args":["%cDownload the React DevTools for a better development experience: https://react.dev/link/react-devtools","font-weight:bold"],"stack":null}
[2026-07-10T13:29:51.493Z] {"timestamp":1783690190041,"level":"DEBUG","args":["[vite]","hot updated: /src/components/SidebarLayout.tsx"],"stack":null}
[2026-07-10T13:29:51.493Z] {"timestamp":1783690190041,"level":"DEBUG","args":["[vite]","hot updated: /src/index.css"],"stack":null}
[2026-07-10T13:29:59.495Z] {"timestamp":1783690198418,"level":"DEBUG","args":["[vite]","hot updated: /src/components/SidebarLayout.tsx"],"stack":null}
[2026-07-10T13:29:59.495Z] {"timestamp":1783690198418,"level":"DEBUG","args":["[vite]","hot updated: /src/index.css"],"stack":null}
[2026-07-10T13:30:15.684Z] {"timestamp":1783690215484,"level":"ERROR","args":["[vite]","Failed to reload /src/components/SidebarLayout.tsx. This could be due to syntax errors or importing non-existent modules. (see errors above)"],"stack":"Error\n    at console.<computed> [as error] (http://localhost:3000/__manus__/debug-collector.js:391:37)\n    at Object.error (http://localhost:3000/@vite/client:809:26)\n    at HMRClient.warnFailedUpdate (http://localhost:3000/@vite/client:181:15)\n    at HMRClient.fetchUpdate (http://localhost:3000/@vite/client:212:10)\n    at async Promise.all (index 0)\n    at async HMRClient.queueUpdate (http://localhost:3000/@vite/client:196:5)\n    at async Promise.all (index 0)\n    at async handleMessage (http://localhost:3000/@vite/client:838:4)"}
[2026-07-10T13:30:17.493Z] {"timestamp":1783690215681,"level":"DEBUG","args":["[vite]","hot updated: /src/components/SidebarLayout.tsx"],"stack":null}
[2026-07-10T13:30:17.493Z] {"timestamp":1783690215681,"level":"DEBUG","args":["[vite]","hot updated: /src/index.css"],"stack":null}
[2026-07-10T13:35:42.620Z] {"timestamp":1783690540601,"level":"DEBUG","args":["[Manus] Debug collector initialized (no rrweb, UI events only)"],"stack":null}
[2026-07-10T13:35:42.620Z] {"timestamp":1783690540633,"level":"DEBUG","args":["[vite] connected."],"stack":null}
[2026-07-10T13:47:12.615Z] {"timestamp":1783690624092,"level":"LOG","args":["[vite] server connection lost. Polling for restart..."],"stack":null}
[2026-07-10T13:47:17.528Z] {"timestamp":1783691235113,"level":"DEBUG","args":["[Manus] Debug collector initialized (no rrweb, UI events only)"],"stack":null}
[2026-07-10T13:47:22.256Z] {"timestamp":1783691238214,"level":"INFO","args":["%cDownload the React DevTools for a better development experience: https://react.dev/link/react-devtools","font-weight:bold"],"stack":null}
[2026-07-10T13:47:23.318Z] {"timestamp":1783691242806,"level":"DEBUG","args":["[vite] connected."],"stack":null}
[2026-07-10T13:47:33.935Z] {"timestamp":1783691250696,"level":"DEBUG","args":["[Manus] Debug collector initialized (no rrweb, UI events only)"],"stack":null}
[2026-07-10T13:47:51.569Z] {"timestamp":1783691253644,"level":"DEBUG","args":["[vite] connected."],"stack":null}
[2026-07-10T13:47:56.934Z] {"timestamp":1783691274242,"level":"DEBUG","args":["[Manus] Debug collector initialized (no rrweb, UI events only)"],"stack":null}
[2026-07-10T13:47:56.934Z] {"timestamp":1783691274353,"level":"DEBUG","args":["[vite] connected."],"stack":null}
[2026-07-10T13:48:00.370Z] {"timestamp":1783691278854,"level":"INFO","args":["%cDownload the React DevTools for a better development experience: https://react.dev/link/react-devtools","font-weight:bold"],"stack":null}
[2026-07-10T14:33:53.602Z] {"timestamp":1783694031599,"level":"DEBUG","args":["[Manus] Debug collector initialized (no rrweb, UI events only)"],"stack":null}
[2026-07-10T14:33:53.602Z] {"timestamp":1783694032390,"level":"DEBUG","args":["[vite] connected."],"stack":null}
[2026-07-10T14:33:53.602Z] {"timestamp":1783694032749,"level":"INFO","args":["%cDownload the React DevTools for a better development experience: https://react.dev/link/react-devtools","font-weight:bold"],"stack":null}
[2026-07-10T14:42:47.838Z] {"timestamp":1783694566264,"level":"ERROR","args":["[vite]","Failed to reload /src/pages/NetworkLogs.tsx. This could be due to syntax errors or importing non-existent modules. (see errors above)"],"stack":"Error\n    at console.<computed> [as error] (http://localhost:3000/__manus__/debug-collector.js:391:37)\n    at Object.error (http://localhost:3000/@vite/client:809:26)\n    at HMRClient.warnFailedUpdate (http://localhost:3000/@vite/client:181:15)\n    at HMRClient.fetchUpdate (http://localhost:3000/@vite/client:212:10)\n    at async Promise.all (index 1)\n    at async HMRClient.queueUpdate (http://localhost:3000/@vite/client:196:5)\n    at async Promise.all (index 0)\n    at async handleMessage (http://localhost:3000/@vite/client:838:4)"}
[2026-07-10T14:42:47.839Z] {"timestamp":1783694566778,"level":"DEBUG","args":["[vite]","hot updated: /src/index.css"],"stack":null}
[2026-07-10T14:42:47.839Z] {"timestamp":1783694566779,"level":"DEBUG","args":["[vite]","hot updated: /src/pages/NetworkLogs.tsx"],"stack":null}
[2026-07-10T14:43:05.602Z] {"timestamp":1783694583895,"level":"DEBUG","args":["[vite]","hot updated: /src/index.css"],"stack":null}
[2026-07-10T14:43:05.602Z] {"timestamp":1783694583896,"level":"DEBUG","args":["[vite]","hot updated: /src/pages/NetworkLogs.tsx"],"stack":null}
[2026-07-10T14:43:54.263Z] {"timestamp":1783694632003,"level":"DEBUG","args":["[Manus] Debug collector initialized (no rrweb, UI events only)"],"stack":null}
[2026-07-10T14:43:54.263Z] {"timestamp":1783694632012,"level":"DEBUG","args":["[vite] connected."],"stack":null}
[2026-07-10T14:43:54.263Z] {"timestamp":1783694632546,"level":"INFO","args":["%cDownload the React DevTools for a better development experience: https://react.dev/link/react-devtools","font-weight:bold"],"stack":null}
[2026-07-10T14:45:46.008Z] {"timestamp":1783694744811,"level":"ERROR","args":["[vite]","Failed to reload /src/pages/ThreatIntel.tsx. This could be due to syntax errors or importing non-existent modules. (see errors above)"],"stack":"Error\n    at console.<computed> [as error] (http://localhost:3000/__manus__/debug-collector.js:391:37)\n    at Object.error (http://localhost:3000/@vite/client:809:26)\n    at HMRClient.warnFailedUpdate (http://localhost:3000/@vite/client:181:15)\n    at HMRClient.fetchUpdate (http://localhost:3000/@vite/client:212:10)\n    at async Promise.all (index 1)\n    at async HMRClient.queueUpdate (http://localhost:3000/@vite/client:196:5)\n    at async Promise.all (index 0)\n    at async handleMessage (http://localhost:3000/@vite/client:838:4)"}
[2026-07-10T14:45:46.008Z] {"timestamp":1783694744878,"level":"DEBUG","args":["[vite]","hot updated: /src/index.css"],"stack":null}
[2026-07-10T14:45:46.008Z] {"timestamp":1783694744879,"level":"DEBUG","args":["[vite]","hot updated: /src/pages/ThreatIntel.tsx"],"stack":null}
[2026-07-10T14:45:56.004Z] {"timestamp":1783694755451,"level":"DEBUG","args":["[vite]","hot updated: /src/index.css"],"stack":null}
[2026-07-10T14:45:56.004Z] {"timestamp":1783694755451,"level":"DEBUG","args":["[vite]","hot updated: /src/pages/ThreatIntel.tsx"],"stack":null}
[2026-07-10T14:46:14.375Z] {"timestamp":1783694773428,"level":"ERROR","args":["[vite]","Failed to reload /src/pages/Assets.tsx. This could be due to syntax errors or importing non-existent modules. (see errors above)"],"stack":"Error\n    at console.<computed> [as error] (http://localhost:3000/__manus__/debug-collector.js:391:37)\n    at Object.error (http://localhost:3000/@vite/client:809:26)\n    at HMRClient.warnFailedUpdate (http://localhost:3000/@vite/client:181:15)\n    at HMRClient.fetchUpdate (http://localhost:3000/@vite/client:212:10)\n    at async Promise.all (index 1)\n    at async HMRClient.queueUpdate (http://localhost:3000/@vite/client:196:5)\n    at async Promise.all (index 0)\n    at async handleMessage (http://localhost:3000/@vite/client:838:4)"}
[2026-07-10T14:46:14.375Z] {"timestamp":1783694773435,"level":"DEBUG","args":["[vite]","hot updated: /src/index.css"],"stack":null}
[2026-07-10T14:46:14.375Z] {"timestamp":1783694773437,"level":"DEBUG","args":["[vite]","hot updated: /src/pages/Assets.tsx"],"stack":null}
[2026-07-10T14:46:23.063Z] {"timestamp":1783694781042,"level":"DEBUG","args":["[Manus] Debug collector initialized (no rrweb, UI events only)"],"stack":null}
[2026-07-10T14:46:23.063Z] {"timestamp":1783694781343,"level":"DEBUG","args":["[vite] connected."],"stack":null}
[2026-07-10T14:46:35.730Z] {"timestamp":1783694793436,"level":"DEBUG","args":["[Manus] Debug collector initialized (no rrweb, UI events only)"],"stack":null}
[2026-07-10T14:46:35.730Z] {"timestamp":1783694793466,"level":"DEBUG","args":["[vite] connected."],"stack":null}
[2026-07-10T14:46:35.730Z] {"timestamp":1783694794574,"level":"INFO","args":["%cDownload the React DevTools for a better development experience: https://react.dev/link/react-devtools","font-weight:bold"],"stack":null}
[2026-07-10T14:46:59.581Z] {"timestamp":1783694818783,"level":"ERROR","args":["[vite]","Failed to reload /src/pages/Settings.tsx. This could be due to syntax errors or importing non-existent modules. (see errors above)"],"stack":"Error\n    at console.<computed> [as error] (http://localhost:3000/__manus__/debug-collector.js:391:37)\n    at Object.error (http://localhost:3000/@vite/client:809:26)\n    at HMRClient.warnFailedUpdate (http://localhost:3000/@vite/client:181:15)\n    at HMRClient.fetchUpdate (http://localhost:3000/@vite/client:212:10)\n    at async Promise.all (index 1)\n    at async HMRClient.queueUpdate (http://localhost:3000/@vite/client:196:5)\n    at async Promise.all (index 0)\n    at async handleMessage (http://localhost:3000/@vite/client:838:4)"}
[2026-07-10T14:46:59.581Z] {"timestamp":1783694818972,"level":"DEBUG","args":["[vite]","hot updated: /src/index.css"],"stack":null}
[2026-07-10T14:46:59.581Z] {"timestamp":1783694818975,"level":"DEBUG","args":["[vite]","hot updated: /src/pages/Settings.tsx"],"stack":null}
[2026-07-10T14:47:23.446Z] {"timestamp":1783694843176,"level":"DEBUG","args":["[vite]","hot updated: /src/index.css"],"stack":null}
[2026-07-10T14:47:23.446Z] {"timestamp":1783694843177,"level":"DEBUG","args":["[vite]","hot updated: /src/pages/Settings.tsx"],"stack":null}
[2026-07-10T14:47:38.479Z] {"timestamp":1783694856470,"level":"DEBUG","args":["[Manus] Debug collector initialized (no rrweb, UI events only)"],"stack":null}
[2026-07-10T14:47:38.479Z] {"timestamp":1783694856482,"level":"DEBUG","args":["[vite] connected."],"stack":null}
[2026-07-10T14:47:38.479Z] {"timestamp":1783694856757,"level":"INFO","args":["%cDownload the React DevTools for a better development experience: https://react.dev/link/react-devtools","font-weight:bold"],"stack":null}
[2026-07-10T14:48:16.565Z] {"timestamp":1783694895170,"level":"ERROR","args":["[vite]","Failed to reload /src/pages/LogsManagement.tsx. This could be due to syntax errors or importing non-existent modules. (see errors above)"],"stack":"Error\n    at console.<computed> [as error] (http://localhost:3000/__manus__/debug-collector.js:391:37)\n    at Object.error (http://localhost:3000/@vite/client:809:26)\n    at HMRClient.warnFailedUpdate (http://localhost:3000/@vite/client:181:15)\n    at HMRClient.fetchUpdate (http://localhost:3000/@vite/client:212:10)\n    at async Promise.all (index 1)\n    at async HMRClient.queueUpdate (http://localhost:3000/@vite/client:196:5)\n    at async Promise.all (index 0)\n    at async handleMessage (http://localhost:3000/@vite/client:838:4)"}
[2026-07-10T14:48:16.565Z] {"timestamp":1783694895216,"level":"DEBUG","args":["[vite]","hot updated: /src/index.css"],"stack":null}
[2026-07-10T14:48:16.565Z] {"timestamp":1783694895217,"level":"DEBUG","args":["[vite]","hot updated: /src/pages/LogsManagement.tsx"],"stack":null}
[2026-07-10T14:48:30.475Z] {"timestamp":1783694909408,"level":"DEBUG","args":["[vite]","hot updated: /src/index.css"],"stack":null}
[2026-07-10T14:48:30.475Z] {"timestamp":1783694909408,"level":"DEBUG","args":["[vite]","hot updated: /src/pages/LogsManagement.tsx"],"stack":null}
[2026-07-10T14:48:58.485Z] {"timestamp":1783694937074,"level":"ERROR","args":["[vite]","Failed to reload /src/pages/UserProfile.tsx. This could be due to syntax errors or importing non-existent modules. (see errors above)"],"stack":"Error\n    at console.<computed> [as error] (http://localhost:3000/__manus__/debug-collector.js:391:37)\n    at Object.error (http://localhost:3000/@vite/client:809:26)\n    at HMRClient.warnFailedUpdate (http://localhost:3000/@vite/client:181:15)\n    at HMRClient.fetchUpdate (http://localhost:3000/@vite/client:212:10)\n    at async Promise.all (index 1)\n    at async HMRClient.queueUpdate (http://localhost:3000/@vite/client:196:5)\n    at async Promise.all (index 0)\n    at async handleMessage (http://localhost:3000/@vite/client:838:4)"}
[2026-07-10T14:48:58.485Z] {"timestamp":1783694937237,"level":"DEBUG","args":["[vite]","hot updated: /src/index.css"],"stack":null}
[2026-07-10T14:48:58.485Z] {"timestamp":1783694937244,"level":"DEBUG","args":["[vite]","hot updated: /src/pages/UserProfile.tsx"],"stack":null}
[2026-07-10T14:49:20.481Z] {"timestamp":1783694959669,"level":"DEBUG","args":["[vite]","hot updated: /src/index.css"],"stack":null}
[2026-07-10T14:49:20.481Z] {"timestamp":1783694959669,"level":"DEBUG","args":["[vite]","hot updated: /src/pages/UserProfile.tsx"],"stack":null}
[2026-07-10T14:49:52.477Z] {"timestamp":1783694991056,"level":"ERROR","args":["[vite]","Failed to reload /src/components/BannedHosts.tsx. This could be due to syntax errors or importing non-existent modules. (see errors above)"],"stack":"Error\n    at console.<computed> [as error] (http://localhost:3000/__manus__/debug-collector.js:391:37)\n    at Object.error (http://localhost:3000/@vite/client:809:26)\n    at HMRClient.warnFailedUpdate (http://localhost:3000/@vite/client:181:15)\n    at HMRClient.fetchUpdate (http://localhost:3000/@vite/client:212:10)\n    at async Promise.all (index 1)\n    at async HMRClient.queueUpdate (http://localhost:3000/@vite/client:196:5)\n    at async Promise.all (index 0)\n    at async handleMessage (http://localhost:3000/@vite/client:838:4)"}
[2026-07-10T14:49:52.477Z] {"timestamp":1783694991096,"level":"DEBUG","args":["[vite]","hot updated: /src/index.css"],"stack":null}
[2026-07-10T14:49:52.477Z] {"timestamp":1783694991096,"level":"DEBUG","args":["[vite]","hot updated: /src/components/BannedHosts.tsx"],"stack":null}
[2026-07-10T14:50:10.472Z] {"timestamp":1783695008955,"level":"DEBUG","args":["[vite]","hot updated: /src/index.css"],"stack":null}
[2026-07-10T14:50:10.472Z] {"timestamp":1783695008955,"level":"DEBUG","args":["[vite]","hot updated: /src/components/BannedHosts.tsx"],"stack":null}
[2026-07-10T14:50:48.473Z] {"timestamp":1783695048273,"level":"ERROR","args":[{"type":"Error","message":"Unexpected token '<', \"<!doctype \"... is not valid JSON","stack":"SyntaxError: Unexpected token '<', \"<!doctype \"... is not valid JSON"}],"stack":"Error\n    at console.<computed> [as error] (http://localhost:3000/__manus__/debug-collector.js:391:37)\n    at fetchBanned (http://localhost:3000/src/components/BannedHosts.tsx?t=1783695008494:26:17)"}
[2026-07-10T14:54:00.472Z] {"timestamp":1783695239547,"level":"ERROR","args":[{"type":"Error","message":"Unexpected token '<', \"<!doctype \"... is not valid JSON","stack":"SyntaxError: Unexpected token '<', \"<!doctype \"... is not valid JSON"}],"stack":"Error\n    at console.<computed> [as error] (http://localhost:3000/__manus__/debug-collector.js:391:37)\n    at fetchBanned (http://localhost:3000/src/components/BannedHosts.tsx?t=1783695008494:26:17)"}
[2026-07-10T14:54:44.483Z] {"timestamp":1783695283736,"level":"ERROR","args":[{"type":"Error","message":"Unexpected token '<', \"<!doctype \"... is not valid JSON","stack":"SyntaxError: Unexpected token '<', \"<!doctype \"... is not valid JSON"}],"stack":"Error\n    at console.<computed> [as error] (http://localhost:3000/__manus__/debug-collector.js:391:37)\n    at fetchBanned (http://localhost:3000/src/components/BannedHosts.tsx?t=1783695008494:26:17)"}
[2026-07-11T03:29:37.563Z] {"timestamp":1783740574946,"level":"DEBUG","args":["[Manus] Debug collector initialized (no rrweb, UI events only)"],"stack":null}
[2026-07-11T03:29:37.563Z] {"timestamp":1783740575019,"level":"DEBUG","args":["[vite] connected."],"stack":null}
[2026-07-11T03:29:37.563Z] {"timestamp":1783740575853,"level":"INFO","args":["%cDownload the React DevTools for a better development experience: https://react.dev/link/react-devtools","font-weight:bold"],"stack":null}
[2026-07-11T03:37:08.815Z] {"timestamp":1783741026218,"level":"DEBUG","args":["[Manus] Debug collector initialized (no rrweb, UI events only)"],"stack":null}
[2026-07-11T03:37:08.815Z] {"timestamp":1783741026244,"level":"DEBUG","args":["[vite] connected."],"stack":null}
[2026-07-11T03:37:08.815Z] {"timestamp":1783741026515,"level":"INFO","args":["%cDownload the React DevTools for a better development experience: https://react.dev/link/react-devtools","font-weight:bold"],"stack":null}
[2026-07-11T03:49:25.692Z] {"timestamp":1783741764877,"level":"LOG","args":["[vite] server connection lost. Polling for restart..."],"stack":null}
[2026-07-11T03:49:28.207Z] {"timestamp":1783741765604,"level":"DEBUG","args":["[Manus] Debug collector initialized (no rrweb, UI events only)"],"stack":null}
[2026-07-11T03:49:28.207Z] {"timestamp":1783741765625,"level":"DEBUG","args":["[vite] connected."],"stack":null}
[2026-07-11T03:49:28.207Z] {"timestamp":1783741765919,"level":"INFO","args":["%cDownload the React DevTools for a better development experience: https://react.dev/link/react-devtools","font-weight:bold"],"stack":null}
[2026-07-11T03:53:11.927Z] {"timestamp":1783741991324,"level":"LOG","args":["[vite] server connection lost. Polling for restart..."],"stack":null}
[2026-07-11T03:53:14.438Z] {"timestamp":1783741991844,"level":"DEBUG","args":["[Manus] Debug collector initialized (no rrweb, UI events only)"],"stack":null}
[2026-07-11T03:53:14.438Z] {"timestamp":1783741991857,"level":"DEBUG","args":["[vite] connected."],"stack":null}
[2026-07-11T03:53:14.438Z] {"timestamp":1783741992149,"level":"INFO","args":["%cDownload the React DevTools for a better development experience: https://react.dev/link/react-devtools","font-weight:bold"],"stack":null}
[2026-07-11T04:14:23.066Z] {"timestamp":1783743259303,"level":"DEBUG","args":["[Manus] Debug collector initialized (no rrweb, UI events only)"],"stack":null}
[2026-07-11T04:14:23.066Z] {"timestamp":1783743259994,"level":"DEBUG","args":["[vite] connected."],"stack":null}
[2026-07-11T04:14:25.819Z] {"timestamp":1783743263953,"level":"INFO","args":["%cDownload the React DevTools for a better development experience: https://react.dev/link/react-devtools","font-weight:bold"],"stack":null}
[2026-07-11T04:15:09.352Z] {"timestamp":1783743308307,"level":"ERROR","args":[{"type":"Error","message":"Unexpected token '<', \"<!doctype \"... is not valid JSON","stack":"SyntaxError: Unexpected token '<', \"<!doctype \"... is not valid JSON"}],"stack":"Error\n    at console.<computed> [as error] (http://localhost:3000/__manus__/debug-collector.js:391:37)\n    at fetchBanned (http://localhost:3000/src/components/BannedHosts.tsx:26:17)"}
[2026-07-11T04:16:41.363Z] {"timestamp":1783743399706,"level":"ERROR","args":["Failed to fetch history",{"type":"Error","message":"Failed to fetch","stack":"TypeError: Failed to fetch\n    at window.fetch (http://localhost:3000/__manus__/debug-collector.js:493:12)\n    at fetchHistory (http://localhost:3000/src/components/SidebarLayout.tsx:63:27)\n    at http://localhost:3000/src/components/SidebarLayout.tsx:88:5\n    at Object.react_stack_bottom_frame (http://localhost:3000/@fs/home/jhonsard/Documents/Programation/TFC/IDS-IPS-PROJECT/frontend/node_modules/.vite/deps/react-dom_client.js?v=73546cf9:18567:20)\n    at runWithFiberInDEV (http://localhost:3000/@fs/home/jhonsard/Documents/Programation/TFC/IDS-IPS-PROJECT/frontend/node_modules/.vite/deps/react-dom_client.js?v=73546cf9:997:72)\n    at commitHookEffectListMount (http://localhost:3000/@fs/home/jhonsard/Documents/Programation/TFC/IDS-IPS-PROJECT/frontend/node_modules/.vite/deps/react-dom_client.js?v=73546cf9:9411:163)\n    at commitHookPassiveMountEffects (http://localhost:3000/@fs/home/jhonsard/Documents/Programation/TFC/IDS-IPS-PROJECT/frontend/node_modules/.vite/deps/react-dom_client.js?v=73546cf9:9465:60)\n    at commitPassiveMountOnFiber (http://localhost:3000/@fs/home/jhonsard/Documents/Programation/TFC/IDS-IPS-PROJECT/frontend/node_modules/.vite/deps/react-dom_client.js?v=73546cf9:11040:29)\n    at recursivelyTraversePassiveMountEffects (http://localhost:3000/@fs/home/jhonsard/Documents/Programation/TFC/IDS-IPS-PROJECT/frontend/node_modules/.vite/deps/react-dom_client.js?v=73546cf9:11010:13)\n    at commitPassiveMountOnFiber (http://localhost:3000/@fs/home/jhonsard/Documents/Programation/TFC/IDS-IPS-PROJECT/frontend/node_modules/.vite/deps/react-dom_client.js?v=73546cf9:11033:13)"}],"stack":"Error\n    at console.<computed> [as error] (http://localhost:3000/__manus__/debug-collector.js:391:37)\n    at fetchHistory (http://localhost:3000/src/components/SidebarLayout.tsx:85:17)"}
[2026-07-11T04:16:41.363Z] {"timestamp":1783743399709,"level":"ERROR","args":["Erreur réseau lors du chargement de l'historique permanent:",{"type":"Error","message":"Failed to fetch","stack":"TypeError: Failed to fetch\n    at window.fetch (http://localhost:3000/__manus__/debug-collector.js:493:12)\n    at fetchAlertsHistory (http://localhost:3000/src/components/SidebarLayout.tsx:41:32)\n    at http://localhost:3000/src/components/SidebarLayout.tsx:58:5\n    at Object.react_stack_bottom_frame (http://localhost:3000/@fs/home/jhonsard/Documents/Programation/TFC/IDS-IPS-PROJECT/frontend/node_modules/.vite/deps/react-dom_client.js?v=73546cf9:18567:20)\n    at runWithFiberInDEV (http://localhost:3000/@fs/home/jhonsard/Documents/Programation/TFC/IDS-IPS-PROJECT/frontend/node_modules/.vite/deps/react-dom_client.js?v=73546cf9:997:72)\n    at commitHookEffectListMount (http://localhost:3000/@fs/home/jhonsard/Documents/Programation/TFC/IDS-IPS-PROJECT/frontend/node_modules/.vite/deps/react-dom_client.js?v=73546cf9:9411:163)\n    at commitHookPassiveMountEffects (http://localhost:3000/@fs/home/jhonsard/Documents/Programation/TFC/IDS-IPS-PROJECT/frontend/node_modules/.vite/deps/react-dom_client.js?v=73546cf9:9465:60)\n    at commitPassiveMountOnFiber (http://localhost:3000/@fs/home/jhonsard/Documents/Programation/TFC/IDS-IPS-PROJECT/frontend/node_modules/.vite/deps/react-dom_client.js?v=73546cf9:11040:29)\n    at recursivelyTraversePassiveMountEffects (http://localhost:3000/@fs/home/jhonsard/Documents/Programation/TFC/IDS-IPS-PROJECT/frontend/node_modules/.vite/deps/react-dom_client.js?v=73546cf9:11010:13)\n    at commitPassiveMountOnFiber (http://localhost:3000/@fs/home/jhonsard/Documents/Programation/TFC/IDS-IPS-PROJECT/frontend/node_modules/.vite/deps/react-dom_client.js?v=73546cf9:11033:13)"}],"stack":"Error\n    at console.<computed> [as error] (http://localhost:3000/__manus__/debug-collector.js:391:37)\n    at fetchAlertsHistory (http://localhost:3000/src/components/SidebarLayout.tsx:55:17)"}
[2026-07-11T04:16:41.363Z] {"timestamp":1783743399710,"level":"ERROR","args":["Error fetching logs:",{"type":"Error","message":"Failed to fetch","stack":"TypeError: Failed to fetch\n    at window.fetch (http://localhost:3000/__manus__/debug-collector.js:493:12)\n    at fetchLogs (http://localhost:3000/src/pages/LogsManagement.tsx:29:37)\n    at http://localhost:3000/src/pages/LogsManagement.tsx:76:5\n    at Object.react_stack_bottom_frame (http://localhost:3000/@fs/home/jhonsard/Documents/Programation/TFC/IDS-IPS-PROJECT/frontend/node_modules/.vite/deps/react-dom_client.js?v=73546cf9:18567:20)\n    at runWithFiberInDEV (http://localhost:3000/@fs/home/jhonsard/Documents/Programation/TFC/IDS-IPS-PROJECT/frontend/node_modules/.vite/deps/react-dom_client.js?v=73546cf9:997:72)\n    at commitHookEffectListMount (http://localhost:3000/@fs/home/jhonsard/Documents/Programation/TFC/IDS-IPS-PROJECT/frontend/node_modules/.vite/deps/react-dom_client.js?v=73546cf9:9411:163)\n    at commitHookPassiveMountEffects (http://localhost:3000/@fs/home/jhonsard/Documents/Programation/TFC/IDS-IPS-PROJECT/frontend/node_modules/.vite/deps/react-dom_client.js?v=73546cf9:9465:60)\n    at commitPassiveMountOnFiber (http://localhost:3000/@fs/home/jhonsard/Documents/Programation/TFC/IDS-IPS-PROJECT/frontend/node_modules/.vite/deps/react-dom_client.js?v=73546cf9:11040:29)\n    at recursivelyTraversePassiveMountEffects (http://localhost:3000/@fs/home/jhonsard/Documents/Programation/TFC/IDS-IPS-PROJECT/frontend/node_modules/.vite/deps/react-dom_client.js?v=73546cf9:11010:13)\n    at commitPassiveMountOnFiber (http://localhost:3000/@fs/home/jhonsard/Documents/Programation/TFC/IDS-IPS-PROJECT/frontend/node_modules/.vite/deps/react-dom_client.js?v=73546cf9:11201:13)"}],"stack":"Error\n    at console.<computed> [as error] (http://localhost:3000/__manus__/debug-collector.js:391:37)\n    at fetchLogs (http://localhost:3000/src/pages/LogsManagement.tsx:70:15)"}
[2026-07-11T04:20:48.160Z] {"timestamp":1783743647497,"level":"LOG","args":["[vite] server connection lost. Polling for restart..."],"stack":null}
[2026-07-11T04:20:50.622Z] {"timestamp":1783743647990,"level":"DEBUG","args":["[Manus] Debug collector initialized (no rrweb, UI events only)"],"stack":null}
[2026-07-11T04:20:50.622Z] {"timestamp":1783743648023,"level":"DEBUG","args":["[vite] connected."],"stack":null}
[2026-07-11T04:20:50.622Z] {"timestamp":1783743648373,"level":"INFO","args":["%cDownload the React DevTools for a better development experience: https://react.dev/link/react-devtools","font-weight:bold"],"stack":null}
[2026-07-11T04:21:43.305Z] {"timestamp":1783743702808,"level":"ERROR","args":["Error fetching logs:",{"type":"Error","message":"Failed to fetch","stack":"TypeError: Failed to fetch\n    at window.fetch (http://localhost:3000/__manus__/debug-collector.js:493:12)\n    at fetchLogs (http://localhost:3000/src/pages/LogsManagement.tsx:29:37)\n    at http://localhost:3000/src/pages/LogsManagement.tsx:76:5\n    at Object.react_stack_bottom_frame (http://localhost:3000/@fs/home/jhonsard/Documents/Programation/TFC/IDS-IPS-PROJECT/frontend/node_modules/.vite/deps/react-dom_client.js?v=73546cf9:18567:20)\n    at runWithFiberInDEV (http://localhost:3000/@fs/home/jhonsard/Documents/Programation/TFC/IDS-IPS-PROJECT/frontend/node_modules/.vite/deps/react-dom_client.js?v=73546cf9:997:72)\n    at commitHookEffectListMount (http://localhost:3000/@fs/home/jhonsard/Documents/Programation/TFC/IDS-IPS-PROJECT/frontend/node_modules/.vite/deps/react-dom_client.js?v=73546cf9:9411:163)\n    at commitHookPassiveMountEffects (http://localhost:3000/@fs/home/jhonsard/Documents/Programation/TFC/IDS-IPS-PROJECT/frontend/node_modules/.vite/deps/react-dom_client.js?v=73546cf9:9465:60)\n    at commitPassiveMountOnFiber (http://localhost:3000/@fs/home/jhonsard/Documents/Programation/TFC/IDS-IPS-PROJECT/frontend/node_modules/.vite/deps/react-dom_client.js?v=73546cf9:11040:29)\n    at recursivelyTraversePassiveMountEffects (http://localhost:3000/@fs/home/jhonsard/Documents/Programation/TFC/IDS-IPS-PROJECT/frontend/node_modules/.vite/deps/react-dom_client.js?v=73546cf9:11010:13)\n    at commitPassiveMountOnFiber (http://localhost:3000/@fs/home/jhonsard/Documents/Programation/TFC/IDS-IPS-PROJECT/frontend/node_modules/.vite/deps/react-dom_client.js?v=73546cf9:11201:13)"}],"stack":"Error\n    at console.<computed> [as error] (http://localhost:3000/__manus__/debug-collector.js:391:37)\n    at fetchLogs (http://localhost:3000/src/pages/LogsManagement.tsx:70:15)"}
[2026-07-11T04:21:43.305Z] {"timestamp":1783743702834,"level":"ERROR","args":["Error fetching logs:",{"type":"Error","message":"Failed to fetch","stack":"TypeError: Failed to fetch\n    at window.fetch (http://localhost:3000/__manus__/debug-collector.js:493:12)\n    at fetchLogs (http://localhost:3000/src/pages/LogsManagement.tsx:29:37)\n    at http://localhost:3000/src/pages/LogsManagement.tsx:76:5\n    at Object.react_stack_bottom_frame (http://localhost:3000/@fs/home/jhonsard/Documents/Programation/TFC/IDS-IPS-PROJECT/frontend/node_modules/.vite/deps/react-dom_client.js?v=73546cf9:18567:20)\n    at runWithFiberInDEV (http://localhost:3000/@fs/home/jhonsard/Documents/Programation/TFC/IDS-IPS-PROJECT/frontend/node_modules/.vite/deps/react-dom_client.js?v=73546cf9:997:72)\n    at commitHookEffectListMount (http://localhost:3000/@fs/home/jhonsard/Documents/Programation/TFC/IDS-IPS-PROJECT/frontend/node_modules/.vite/deps/react-dom_client.js?v=73546cf9:9411:163)\n    at commitHookPassiveMountEffects (http://localhost:3000/@fs/home/jhonsard/Documents/Programation/TFC/IDS-IPS-PROJECT/frontend/node_modules/.vite/deps/react-dom_client.js?v=73546cf9:9465:60)\n    at commitPassiveMountOnFiber (http://localhost:3000/@fs/home/jhonsard/Documents/Programation/TFC/IDS-IPS-PROJECT/frontend/node_modules/.vite/deps/react-dom_client.js?v=73546cf9:11040:29)\n    at recursivelyTraversePassiveMountEffects (http://localhost:3000/@fs/home/jhonsard/Documents/Programation/TFC/IDS-IPS-PROJECT/frontend/node_modules/.vite/deps/react-dom_client.js?v=73546cf9:11010:13)\n    at commitPassiveMountOnFiber (http://localhost:3000/@fs/home/jhonsard/Documents/Programation/TFC/IDS-IPS-PROJECT/frontend/node_modules/.vite/deps/react-dom_client.js?v=73546cf9:11201:13)"}],"stack":"Error\n    at console.<computed> [as error] (http://localhost:3000/__manus__/debug-collector.js:391:37)\n    at fetchLogs (http://localhost:3000/src/pages/LogsManagement.tsx:70:15)"}
[2026-07-11T04:25:58.861Z] {"timestamp":1783743956857,"level":"DEBUG","args":["[Manus] Debug collector initialized (no rrweb, UI events only)"],"stack":null}
[2026-07-11T04:25:58.861Z] {"timestamp":1783743956881,"level":"DEBUG","args":["[vite] connected."],"stack":null}
[2026-07-11T04:25:58.861Z] {"timestamp":1783743957169,"level":"INFO","args":["%cDownload the React DevTools for a better development experience: https://react.dev/link/react-devtools","font-weight:bold"],"stack":null}
[2026-07-11T04:27:18.222Z] {"timestamp":1783744036192,"level":"DEBUG","args":["[Manus] Debug collector initialized (no rrweb, UI events only)"],"stack":null}
[2026-07-11T04:27:18.222Z] {"timestamp":1783744036288,"level":"DEBUG","args":["[vite] connected."],"stack":null}
[2026-07-11T04:27:18.222Z] {"timestamp":1783744036554,"level":"INFO","args":["%cDownload the React DevTools for a better development experience: https://react.dev/link/react-devtools","font-weight:bold"],"stack":null}
[2026-07-11T04:27:28.198Z] {"timestamp":1783744046318,"level":"ERROR","args":[{"type":"Error","message":"Unexpected token '<', \"<!doctype \"... is not valid JSON","stack":"SyntaxError: Unexpected token '<', \"<!doctype \"... is not valid JSON"}],"stack":"Error\n    at console.<computed> [as error] (http://localhost:3000/__manus__/debug-collector.js:391:37)\n    at fetchBanned (http://localhost:3000/src/components/BannedHosts.tsx:26:17)"}
[2026-07-11T04:28:12.160Z] {"timestamp":1783744090156,"level":"DEBUG","args":["[Manus] Debug collector initialized (no rrweb, UI events only)"],"stack":null}
[2026-07-11T04:28:12.160Z] {"timestamp":1783744090211,"level":"DEBUG","args":["[vite] connected."],"stack":null}
[2026-07-11T04:28:12.160Z] {"timestamp":1783744090588,"level":"INFO","args":["%cDownload the React DevTools for a better development experience: https://react.dev/link/react-devtools","font-weight:bold"],"stack":null}
[2026-07-11T04:29:34.444Z] {"timestamp":1783744128460,"level":"LOG","args":["[vite] server connection lost. Polling for restart..."],"stack":null}
[2026-07-11T04:29:34.747Z] {"timestamp":1783744128460,"level":"LOG","args":["[vite] server connection lost. Polling for restart..."],"stack":null}
[2026-07-11T04:29:38.887Z] {"timestamp":1783744176268,"level":"DEBUG","args":["[Manus] Debug collector initialized (no rrweb, UI events only)"],"stack":null}
[2026-07-11T04:29:38.887Z] {"timestamp":1783744176695,"level":"DEBUG","args":["[vite] connected."],"stack":null}
[2026-07-11T04:29:38.887Z] {"timestamp":1783744176828,"level":"INFO","args":["%cDownload the React DevTools for a better development experience: https://react.dev/link/react-devtools","font-weight:bold"],"stack":null}
[2026-07-11T04:29:58.615Z] {"timestamp":1783744196608,"level":"DEBUG","args":["[Manus] Debug collector initialized (no rrweb, UI events only)"],"stack":null}
[2026-07-11T04:29:58.615Z] {"timestamp":1783744196621,"level":"DEBUG","args":["[vite] connected."],"stack":null}
[2026-07-11T04:29:58.615Z] {"timestamp":1783744196998,"level":"INFO","args":["%cDownload the React DevTools for a better development experience: https://react.dev/link/react-devtools","font-weight:bold"],"stack":null}
[2026-07-11T04:30:12.688Z] {"timestamp":1783744210637,"level":"DEBUG","args":["[Manus] Debug collector initialized (no rrweb, UI events only)"],"stack":null}
[2026-07-11T04:30:12.688Z] {"timestamp":1783744210647,"level":"DEBUG","args":["[vite] connected."],"stack":null}
[2026-07-11T04:30:12.688Z] {"timestamp":1783744210948,"level":"INFO","args":["%cDownload the React DevTools for a better development experience: https://react.dev/link/react-devtools","font-weight:bold"],"stack":null}
[2026-07-11T04:30:30.650Z] {"timestamp":1783744229423,"level":"ERROR","args":[{"type":"Error","message":"Unexpected token '<', \"<!doctype \"... is not valid JSON","stack":"SyntaxError: Unexpected token '<', \"<!doctype \"... is not valid JSON"}],"stack":"Error\n    at console.error (http://localhost:3000/__manus__/debug-collector.js:391:37)\n    at fetchBanned (http://localhost:3000/src/components/BannedHosts.tsx:26:17)"}
[2026-07-11T04:31:43.063Z] {"timestamp":1783744301061,"level":"DEBUG","args":["[Manus] Debug collector initialized (no rrweb, UI events only)"],"stack":null}
[2026-07-11T04:31:43.063Z] {"timestamp":1783744301071,"level":"DEBUG","args":["[vite] connected."],"stack":null}
[2026-07-11T04:31:43.063Z] {"timestamp":1783744301590,"level":"INFO","args":["%cDownload the React DevTools for a better development experience: https://react.dev/link/react-devtools","font-weight:bold"],"stack":null}
[2026-07-11T04:36:11.235Z] {"timestamp":1783744569230,"level":"DEBUG","args":["[Manus] Debug collector initialized (no rrweb, UI events only)"],"stack":null}
[2026-07-11T04:36:11.235Z] {"timestamp":1783744569247,"level":"DEBUG","args":["[vite] connected."],"stack":null}
[2026-07-11T04:36:11.235Z] {"timestamp":1783744569379,"level":"INFO","args":["%cDownload the React DevTools for a better development experience: https://react.dev/link/react-devtools","font-weight:bold"],"stack":null}
[2026-07-11T04:36:48.426Z] {"timestamp":1783744606420,"level":"DEBUG","args":["[Manus] Debug collector initialized (no rrweb, UI events only)"],"stack":null}
[2026-07-11T04:36:48.426Z] {"timestamp":1783744606432,"level":"DEBUG","args":["[vite] connected."],"stack":null}
[2026-07-11T04:36:48.426Z] {"timestamp":1783744606566,"level":"INFO","args":["%cDownload the React DevTools for a better development experience: https://react.dev/link/react-devtools","font-weight:bold"],"stack":null}
[2026-07-11T04:36:51.294Z] {"timestamp":1783744608674,"level":"DEBUG","args":["[Manus] Debug collector initialized (no rrweb, UI events only)"],"stack":null}
[2026-07-11T04:36:51.294Z] {"timestamp":1783744608702,"level":"DEBUG","args":["[vite] connected."],"stack":null}
[2026-07-11T04:36:51.294Z] {"timestamp":1783744608959,"level":"INFO","args":["%cDownload the React DevTools for a better development experience: https://react.dev/link/react-devtools","font-weight:bold"],"stack":null}
[2026-07-11T04:47:53.459Z] {"timestamp":1783745272530,"level":"LOG","args":["[vite] server connection lost. Polling for restart..."],"stack":null}
[2026-07-11T04:47:56.249Z] {"timestamp":1783745273699,"level":"DEBUG","args":["[Manus] Debug collector initialized (no rrweb, UI events only)"],"stack":null}
[2026-07-11T04:47:56.249Z] {"timestamp":1783745273712,"level":"DEBUG","args":["[vite] connected."],"stack":null}
[2026-07-11T04:47:56.249Z] {"timestamp":1783745274037,"level":"INFO","args":["%cDownload the React DevTools for a better development experience: https://react.dev/link/react-devtools","font-weight:bold"],"stack":null}
[2026-07-11T04:47:56.318Z] {"timestamp":1783745273699,"level":"DEBUG","args":["[Manus] Debug collector initialized (no rrweb, UI events only)"],"stack":null}
[2026-07-11T04:47:56.318Z] {"timestamp":1783745273712,"level":"DEBUG","args":["[vite] connected."],"stack":null}
[2026-07-11T04:47:56.318Z] {"timestamp":1783745274037,"level":"INFO","args":["%cDownload the React DevTools for a better development experience: https://react.dev/link/react-devtools","font-weight:bold"],"stack":null}
[2026-07-11T10:34:12.778Z] {"timestamp":1783766050609,"level":"DEBUG","args":["[Manus] Debug collector initialized (no rrweb, UI events only)"],"stack":null}
[2026-07-11T10:34:12.778Z] {"timestamp":1783766051947,"level":"DEBUG","args":["[vite] connected."],"stack":null}
[2026-07-11T10:34:14.633Z] {"timestamp":1783766053111,"level":"INFO","args":["%cDownload the React DevTools for a better development experience: https://react.dev/link/react-devtools","font-weight:bold"],"stack":null}
[2026-07-11T10:34:28.421Z] {"timestamp":1783766066393,"level":"DEBUG","args":["[Manus] Debug collector initialized (no rrweb, UI events only)"],"stack":null}
[2026-07-11T10:34:28.421Z] {"timestamp":1783766066407,"level":"DEBUG","args":["[vite] connected."],"stack":null}
[2026-07-11T10:34:28.421Z] {"timestamp":1783766066493,"level":"INFO","args":["%cDownload the React DevTools for a better development experience: https://react.dev/link/react-devtools","font-weight:bold"],"stack":null}
[2026-07-11T10:42:08.571Z] {"timestamp":1783766526566,"level":"DEBUG","args":["[Manus] Debug collector initialized (no rrweb, UI events only)"],"stack":null}
[2026-07-11T10:42:08.571Z] {"timestamp":1783766526574,"level":"DEBUG","args":["[vite] connected."],"stack":null}
[2026-07-11T10:42:10.571Z] {"timestamp":1783766528605,"level":"INFO","args":["%cDownload the React DevTools for a better development experience: https://react.dev/link/react-devtools","font-weight:bold"],"stack":null}
[2026-07-11T11:05:19.774Z] {"timestamp":1783767917769,"level":"DEBUG","args":["[Manus] Debug collector initialized (no rrweb, UI events only)"],"stack":null}
[2026-07-11T11:05:19.774Z] {"timestamp":1783767917780,"level":"DEBUG","args":["[vite] connected."],"stack":null}
[2026-07-11T11:05:19.774Z] {"timestamp":1783767918182,"level":"INFO","args":["%cDownload the React DevTools for a better development experience: https://react.dev/link/react-devtools","font-weight:bold"],"stack":null}
[2026-07-11T11:07:11.641Z] {"timestamp":1783768022565,"level":"LOG","args":["[vite] server connection lost. Polling for restart..."],"stack":null}
[2026-07-11T11:07:14.410Z] {"timestamp":1783768032406,"level":"DEBUG","args":["[Manus] Debug collector initialized (no rrweb, UI events only)"],"stack":null}
[2026-07-11T11:07:14.410Z] {"timestamp":1783768032429,"level":"DEBUG","args":["[vite] connected."],"stack":null}
[2026-07-11T11:07:14.410Z] {"timestamp":1783768034121,"level":"INFO","args":["%cDownload the React DevTools for a better development experience: https://react.dev/link/react-devtools","font-weight:bold"],"stack":null}
[2026-07-11T11:08:40.017Z] {"timestamp":1783768117997,"level":"DEBUG","args":["[Manus] Debug collector initialized (no rrweb, UI events only)"],"stack":null}
[2026-07-11T11:08:40.018Z] {"timestamp":1783768118056,"level":"DEBUG","args":["[vite] connected."],"stack":null}
[2026-07-11T11:08:40.018Z] {"timestamp":1783768118363,"level":"INFO","args":["%cDownload the React DevTools for a better development experience: https://react.dev/link/react-devtools","font-weight:bold"],"stack":null}
[2026-07-12T08:08:26.661Z] {"timestamp":1783843703186,"level":"DEBUG","args":["[Manus] Debug collector initialized (no rrweb, UI events only)"],"stack":null}
[2026-07-12T08:08:26.661Z] {"timestamp":1783843703621,"level":"DEBUG","args":["[vite] connected."],"stack":null}
[2026-07-12T08:08:26.661Z] {"timestamp":1783843704536,"level":"INFO","args":["%cDownload the React DevTools for a better development experience: https://react.dev/link/react-devtools","font-weight:bold"],"stack":null}
[2026-07-12T08:39:17.164Z] {"timestamp":1783845553590,"level":"DEBUG","args":["[Manus] Debug collector initialized (no rrweb, UI events only)"],"stack":null}
[2026-07-12T08:39:17.164Z] {"timestamp":1783845553684,"level":"DEBUG","args":["[vite] connected."],"stack":null}
[2026-07-12T08:39:17.164Z] {"timestamp":1783845554175,"level":"INFO","args":["%cDownload the React DevTools for a better development experience: https://react.dev/link/react-devtools","font-weight:bold"],"stack":null}
[2026-07-12T08:40:34.021Z] {"timestamp":1783845632015,"level":"DEBUG","args":["[Manus] Debug collector initialized (no rrweb, UI events only)"],"stack":null}
[2026-07-12T08:40:34.021Z] {"timestamp":1783845632018,"level":"DEBUG","args":["[vite] connected."],"stack":null}
[2026-07-12T08:40:38.019Z] {"timestamp":1783845636912,"level":"INFO","args":["%cDownload the React DevTools for a better development experience: https://react.dev/link/react-devtools","font-weight:bold"],"stack":null}
[2026-07-12T08:41:54.017Z] {"timestamp":1783845712893,"level":"ERROR","args":[{"type":"Error","message":"Unexpected token '<', \"<!doctype \"... is not valid JSON","stack":"SyntaxError: Unexpected token '<', \"<!doctype \"... is not valid JSON"}],"stack":"Error\n    at console.<computed> [as error] (http://localhost:3000/__manus__/debug-collector.js:391:37)\n    at fetchBanned (http://localhost:3000/src/components/BannedHosts.tsx:26:17)"}
[2026-07-12T08:42:48.038Z] {"timestamp":1783845767452,"level":"ERROR","args":[{"type":"Error","message":"Unexpected token '<', \"<!doctype \"... is not valid JSON","stack":"SyntaxError: Unexpected token '<', \"<!doctype \"... is not valid JSON"}],"stack":"Error\n    at console.<computed> [as error] (http://localhost:3000/__manus__/debug-collector.js:391:37)\n    at fetchBanned (http://localhost:3000/src/components/BannedHosts.tsx:26:17)"}
[2026-07-12T08:44:14.019Z] {"timestamp":1783845853449,"level":"ERROR","args":[{"type":"Error","message":"Unexpected token '<', \"<!doctype \"... is not valid JSON","stack":"SyntaxError: Unexpected token '<', \"<!doctype \"... is not valid JSON"}],"stack":"Error\n    at console.<computed> [as error] (http://localhost:3000/__manus__/debug-collector.js:391:37)\n    at fetchBanned (http://localhost:3000/src/components/BannedHosts.tsx:26:17)"}
[2026-07-12T08:54:54.587Z] {"timestamp":1783846492479,"level":"DEBUG","args":["[Manus] Debug collector initialized (no rrweb, UI events only)"],"stack":null}
[2026-07-12T08:54:54.587Z] {"timestamp":1783846492487,"level":"DEBUG","args":["[vite] connected."],"stack":null}
[2026-07-12T08:54:54.587Z] {"timestamp":1783846493405,"level":"INFO","args":["%cDownload the React DevTools for a better development experience: https://react.dev/link/react-devtools","font-weight:bold"],"stack":null}
[2026-07-12T08:57:58.488Z] {"timestamp":1783846677256,"level":"DEBUG","args":["[vite]","hot updated: /src/index.css"],"stack":null}
[2026-07-12T08:57:59.176Z] {"timestamp":1783846675958,"level":"DEBUG","args":["[vite]","hot updated: /src/index.css"],"stack":null}
[2026-07-12T08:58:11.167Z] {"timestamp":1783846689512,"level":"DEBUG","args":["[vite]","hot updated: /src/index.css"],"stack":null}
[2026-07-12T08:58:11.167Z] {"timestamp":1783846689576,"level":"DEBUG","args":["[vite]","hot updated: /src/index.css"],"stack":null}
[2026-07-12T08:58:12.484Z] {"timestamp":1783846691190,"level":"DEBUG","args":["[vite]","hot updated: /src/index.css"],"stack":null}
[2026-07-12T08:58:12.484Z] {"timestamp":1783846691620,"level":"DEBUG","args":["[vite]","hot updated: /src/index.css"],"stack":null}
[2026-07-12T08:58:24.272Z] {"timestamp":1783846700702,"level":"DEBUG","args":["[Manus] Debug collector initialized (no rrweb, UI events only)"],"stack":null}
[2026-07-12T08:58:24.272Z] {"timestamp":1783846700908,"level":"DEBUG","args":["[vite] connected."],"stack":null}
[2026-07-12T08:58:24.272Z] {"timestamp":1783846701054,"level":"INFO","args":["%cDownload the React DevTools for a better development experience: https://react.dev/link/react-devtools","font-weight:bold"],"stack":null}
[2026-07-12T08:58:25.004Z] {"timestamp":1783846702970,"level":"DEBUG","args":["[Manus] Debug collector initialized (no rrweb, UI events only)"],"stack":null}
[2026-07-12T08:58:25.004Z] {"timestamp":1783846702977,"level":"DEBUG","args":["[vite] connected."],"stack":null}
[2026-07-12T08:58:25.004Z] {"timestamp":1783846704375,"level":"INFO","args":["%cDownload the React DevTools for a better development experience: https://react.dev/link/react-devtools","font-weight:bold"],"stack":null}
[2026-07-12T08:58:51.920Z] {"timestamp":1783846729558,"level":"DEBUG","args":["[Manus] Debug collector initialized (no rrweb, UI events only)"],"stack":null}
[2026-07-12T08:58:51.920Z] {"timestamp":1783846729580,"level":"DEBUG","args":["[vite] connected."],"stack":null}
[2026-07-12T08:58:51.920Z] {"timestamp":1783846729861,"level":"INFO","args":["%cDownload the React DevTools for a better development experience: https://react.dev/link/react-devtools","font-weight:bold"],"stack":null}
[2026-07-12T08:59:44.892Z] {"timestamp":1783846782886,"level":"DEBUG","args":["[Manus] Debug collector initialized (no rrweb, UI events only)"],"stack":null}
[2026-07-12T08:59:44.892Z] {"timestamp":1783846782899,"level":"DEBUG","args":["[vite] connected."],"stack":null}
[2026-07-12T08:59:44.892Z] {"timestamp":1783846783022,"level":"INFO","args":["%cDownload the React DevTools for a better development experience: https://react.dev/link/react-devtools","font-weight:bold"],"stack":null}
[2026-07-12T09:00:10.899Z] {"timestamp":1783846810037,"level":"ERROR","args":[{"type":"Error","message":"Unexpected token '<', \"<!doctype \"... is not valid JSON","stack":"SyntaxError: Unexpected token '<', \"<!doctype \"... is not valid JSON"}],"stack":"Error\n    at console.<computed> [as error] (http://localhost:3000/__manus__/debug-collector.js:391:37)\n    at fetchBanned (http://localhost:3000/src/components/BannedHosts.tsx:26:17)"}
[2026-07-12T09:03:08.642Z] {"timestamp":1783846986640,"level":"DEBUG","args":["[Manus] Debug collector initialized (no rrweb, UI events only)"],"stack":null}
[2026-07-12T09:03:08.642Z] {"timestamp":1783846986674,"level":"DEBUG","args":["[vite] connected."],"stack":null}
[2026-07-12T09:03:08.642Z] {"timestamp":1783846986968,"level":"INFO","args":["%cDownload the React DevTools for a better development experience: https://react.dev/link/react-devtools","font-weight:bold"],"stack":null}
[2026-07-12T09:03:16.281Z] {"timestamp":1783846994231,"level":"DEBUG","args":["[vite]","hot updated: /src/components/SidebarLayout.tsx"],"stack":null}
[2026-07-12T09:03:16.281Z] {"timestamp":1783846994232,"level":"DEBUG","args":["[vite]","hot updated: /src/index.css"],"stack":null}
[2026-07-12T09:03:16.615Z] {"timestamp":1783846996236,"level":"DEBUG","args":["[vite]","hot updated: /src/components/SidebarLayout.tsx"],"stack":null}
[2026-07-12T09:03:16.615Z] {"timestamp":1783846996238,"level":"DEBUG","args":["[vite]","hot updated: /src/index.css"],"stack":null}
[2026-07-12T09:03:16.714Z] {"timestamp":1783846996236,"level":"DEBUG","args":["[vite]","hot updated: /src/components/SidebarLayout.tsx"],"stack":null}
[2026-07-12T09:03:16.714Z] {"timestamp":1783846996238,"level":"DEBUG","args":["[vite]","hot updated: /src/index.css"],"stack":null}
[2026-07-12T09:03:20.195Z] {"timestamp":1783846997560,"level":"DEBUG","args":["[Manus] Debug collector initialized (no rrweb, UI events only)"],"stack":null}
[2026-07-12T09:03:20.195Z] {"timestamp":1783846997635,"level":"DEBUG","args":["[vite] connected."],"stack":null}
[2026-07-12T09:03:20.195Z] {"timestamp":1783846997806,"level":"INFO","args":["%cDownload the React DevTools for a better development experience: https://react.dev/link/react-devtools","font-weight:bold"],"stack":null}
[2026-07-12T09:03:24.282Z] {"timestamp":1783847000830,"level":"DEBUG","args":["[vite]","hot updated: /src/components/SidebarLayout.tsx"],"stack":null}
[2026-07-12T09:03:24.283Z] {"timestamp":1783847000830,"level":"DEBUG","args":["[vite]","hot updated: /src/index.css"],"stack":null}
[2026-07-12T09:03:25.562Z] {"timestamp":1783847004300,"level":"DEBUG","args":["[vite]","hot updated: /src/components/SidebarLayout.tsx"],"stack":null}
[2026-07-12T09:03:25.562Z] {"timestamp":1783847004300,"level":"DEBUG","args":["[vite]","hot updated: /src/index.css"],"stack":null}
[2026-07-12T09:03:37.600Z] {"timestamp":1783847016953,"level":"DEBUG","args":["[vite]","hot updated: /src/components/SidebarLayout.tsx"],"stack":null}
[2026-07-12T09:03:37.600Z] {"timestamp":1783847016953,"level":"DEBUG","args":["[vite]","hot updated: /src/index.css"],"stack":null}
[2026-07-12T09:03:38.283Z] {"timestamp":1783847015044,"level":"DEBUG","args":["[vite]","hot updated: /src/components/SidebarLayout.tsx"],"stack":null}
[2026-07-12T09:03:38.283Z] {"timestamp":1783847015045,"level":"DEBUG","args":["[vite]","hot updated: /src/index.css"],"stack":null}
[2026-07-12T09:03:47.570Z] {"timestamp":1783847026520,"level":"DEBUG","args":["[vite]","hot updated: /src/components/SidebarLayout.tsx"],"stack":null}
[2026-07-12T09:03:47.570Z] {"timestamp":1783847026520,"level":"DEBUG","args":["[vite]","hot updated: /src/index.css"],"stack":null}
[2026-07-12T09:03:48.280Z] {"timestamp":1783847024707,"level":"DEBUG","args":["[vite]","hot updated: /src/components/SidebarLayout.tsx"],"stack":null}
[2026-07-12T09:03:48.280Z] {"timestamp":1783847024707,"level":"DEBUG","args":["[vite]","hot updated: /src/index.css"],"stack":null}
[2026-07-12T09:04:21.571Z] {"timestamp":1783847060953,"level":"ERROR","args":[{"type":"Error","message":"Unexpected token '<', \"<!doctype \"... is not valid JSON","stack":"SyntaxError: Unexpected token '<', \"<!doctype \"... is not valid JSON"}],"stack":"Error\n    at console.<computed> [as error] (http://localhost:3000/__manus__/debug-collector.js:391:37)\n    at fetchBanned (http://localhost:3000/src/components/BannedHosts.tsx:26:17)"}
[2026-07-12T09:05:39.566Z] {"timestamp":1783847139192,"level":"ERROR","args":[{"type":"Error","message":"Unexpected token '<', \"<!doctype \"... is not valid JSON","stack":"SyntaxError: Unexpected token '<', \"<!doctype \"... is not valid JSON"}],"stack":"Error\n    at console.<computed> [as error] (http://localhost:3000/__manus__/debug-collector.js:391:37)\n    at fetchBanned (http://localhost:3000/src/components/BannedHosts.tsx:26:17)"}
[2026-07-12T09:06:02.491Z] {"timestamp":1783847158902,"level":"DEBUG","args":["[Manus] Debug collector initialized (no rrweb, UI events only)"],"stack":null}
[2026-07-12T09:06:02.491Z] {"timestamp":1783847158940,"level":"DEBUG","args":["[vite] connected."],"stack":null}
[2026-07-12T09:06:02.491Z] {"timestamp":1783847159167,"level":"INFO","args":["%cDownload the React DevTools for a better development experience: https://react.dev/link/react-devtools","font-weight:bold"],"stack":null}
[2026-07-12T09:06:17.568Z] {"timestamp":1783847177540,"level":"ERROR","args":[{"type":"Error","message":"Unexpected token '<', \"<!doctype \"... is not valid JSON","stack":"SyntaxError: Unexpected token '<', \"<!doctype \"... is not valid JSON"}],"stack":"Error\n    at console.<computed> [as error] (http://localhost:3000/__manus__/debug-collector.js:391:37)\n    at fetchBanned (http://localhost:3000/src/components/BannedHosts.tsx:26:17)"}
[2026-07-12T09:06:19.567Z] {"timestamp":1783847178841,"level":"DEBUG","args":["[vite]","hot updated: /src/index.css"],"stack":null}
[2026-07-12T09:06:19.567Z] {"timestamp":1783847178842,"level":"DEBUG","args":["[vite]","hot updated: /src/pages/NetworkLogs.tsx"],"stack":null}
[2026-07-12T09:06:20.499Z] {"timestamp":1783847177323,"level":"DEBUG","args":["[vite]","hot updated: /src/index.css"],"stack":null}
[2026-07-12T09:06:20.499Z] {"timestamp":1783847177324,"level":"DEBUG","args":["[vite]","hot updated: /src/pages/NetworkLogs.tsx"],"stack":null}
[2026-07-12T09:06:37.565Z] {"timestamp":1783847196888,"level":"ERROR","args":["[vite]","Failed to reload /src/pages/NetworkLogs.tsx. This could be due to syntax errors or importing non-existent modules. (see errors above)"],"stack":"Error\n    at console.<computed> [as error] (http://localhost:3000/__manus__/debug-collector.js:391:37)\n    at Object.error (http://localhost:3000/@vite/client:809:26)\n    at HMRClient.warnFailedUpdate (http://localhost:3000/@vite/client:181:15)\n    at HMRClient.fetchUpdate (http://localhost:3000/@vite/client:212:10)\n    at async Promise.all (index 1)\n    at async HMRClient.queueUpdate (http://localhost:3000/@vite/client:196:5)\n    at async Promise.all (index 0)\n    at async handleMessage (http://localhost:3000/@vite/client:838:4)"}
[2026-07-12T09:06:37.565Z] {"timestamp":1783847196889,"level":"DEBUG","args":["[vite]","hot updated: /src/index.css"],"stack":null}
[2026-07-12T09:06:37.565Z] {"timestamp":1783847196889,"level":"DEBUG","args":["[vite]","hot updated: /src/pages/NetworkLogs.tsx"],"stack":null}
[2026-07-12T09:06:38.494Z] {"timestamp":1783847195476,"level":"ERROR","args":["[vite]","Failed to reload /src/pages/NetworkLogs.tsx. This could be due to syntax errors or importing non-existent modules. (see errors above)"],"stack":"Error\n    at console.<computed> [as error] (http://192.168.152.105:3000/__manus__/debug-collector.js:391:37)\n    at Object.error (http://192.168.152.105:3000/@vite/client:809:26)\n    at HMRClient.warnFailedUpdate (http://192.168.152.105:3000/@vite/client:181:15)\n    at HMRClient.fetchUpdate (http://192.168.152.105:3000/@vite/client:212:10)\n    at async Promise.all (index 1)\n    at async HMRClient.queueUpdate (http://192.168.152.105:3000/@vite/client:196:5)\n    at async Promise.all (index 0)\n    at async handleMessage (http://192.168.152.105:3000/@vite/client:838:4)"}
[2026-07-12T09:06:38.494Z] {"timestamp":1783847195562,"level":"DEBUG","args":["[vite]","hot updated: /src/index.css"],"stack":null}
[2026-07-12T09:06:38.494Z] {"timestamp":1783847195562,"level":"DEBUG","args":["[vite]","hot updated: /src/pages/NetworkLogs.tsx"],"stack":null}
[2026-07-12T09:06:47.565Z] {"timestamp":1783847207153,"level":"DEBUG","args":["[vite]","hot updated: /src/index.css"],"stack":null}
[2026-07-12T09:06:47.565Z] {"timestamp":1783847207153,"level":"DEBUG","args":["[vite]","hot updated: /src/pages/NetworkLogs.tsx"],"stack":null}
[2026-07-12T09:06:48.491Z] {"timestamp":1783847205303,"level":"DEBUG","args":["[vite]","hot updated: /src/index.css"],"stack":null}
[2026-07-12T09:06:48.491Z] {"timestamp":1783847205304,"level":"DEBUG","args":["[vite]","hot updated: /src/pages/NetworkLogs.tsx"],"stack":null}
[2026-07-12T09:06:56.489Z] {"timestamp":1783847214435,"level":"ERROR","args":["[vite]","Failed to reload /src/pages/NetworkLogs.tsx. This could be due to syntax errors or importing non-existent modules. (see errors above)"],"stack":"Error\n    at console.<computed> [as error] (http://192.168.152.105:3000/__manus__/debug-collector.js:391:37)\n    at Object.error (http://192.168.152.105:3000/@vite/client:809:26)\n    at HMRClient.warnFailedUpdate (http://192.168.152.105:3000/@vite/client:181:15)\n    at HMRClient.fetchUpdate (http://192.168.152.105:3000/@vite/client:212:10)\n    at async Promise.all (index 1)\n    at async HMRClient.queueUpdate (http://192.168.152.105:3000/@vite/client:196:5)\n    at async Promise.all (index 0)\n    at async handleMessage (http://192.168.152.105:3000/@vite/client:838:4)"}
[2026-07-12T09:06:56.489Z] {"timestamp":1783847214441,"level":"DEBUG","args":["[vite]","hot updated: /src/index.css"],"stack":null}
[2026-07-12T09:06:56.489Z] {"timestamp":1783847214441,"level":"DEBUG","args":["[vite]","hot updated: /src/pages/NetworkLogs.tsx"],"stack":null}
[2026-07-12T09:06:57.562Z] {"timestamp":1783847216099,"level":"ERROR","args":["[vite]","Failed to reload /src/pages/NetworkLogs.tsx. This could be due to syntax errors or importing non-existent modules. (see errors above)"],"stack":"Error\n    at console.<computed> [as error] (http://localhost:3000/__manus__/debug-collector.js:391:37)\n    at Object.error (http://localhost:3000/@vite/client:809:26)\n    at HMRClient.warnFailedUpdate (http://localhost:3000/@vite/client:181:15)\n    at HMRClient.fetchUpdate (http://localhost:3000/@vite/client:212:10)\n    at async Promise.all (index 1)\n    at async HMRClient.queueUpdate (http://localhost:3000/@vite/client:196:5)\n    at async Promise.all (index 0)\n    at async handleMessage (http://localhost:3000/@vite/client:838:4)"}
[2026-07-12T09:06:57.562Z] {"timestamp":1783847216100,"level":"DEBUG","args":["[vite]","hot updated: /src/index.css"],"stack":null}
[2026-07-12T09:06:57.562Z] {"timestamp":1783847216100,"level":"DEBUG","args":["[vite]","hot updated: /src/pages/NetworkLogs.tsx"],"stack":null}
[2026-07-12T09:07:08.490Z] {"timestamp":1783847226258,"level":"DEBUG","args":["[vite]","hot updated: /src/index.css"],"stack":null}
[2026-07-12T09:07:08.490Z] {"timestamp":1783847226259,"level":"DEBUG","args":["[vite]","hot updated: /src/pages/NetworkLogs.tsx"],"stack":null}
[2026-07-12T09:07:09.565Z] {"timestamp":1783847227919,"level":"DEBUG","args":["[vite]","hot updated: /src/index.css"],"stack":null}
[2026-07-12T09:07:09.565Z] {"timestamp":1783847227919,"level":"DEBUG","args":["[vite]","hot updated: /src/pages/NetworkLogs.tsx"],"stack":null}
[2026-07-12T09:07:19.396Z] {"timestamp":1783847236329,"level":"DEBUG","args":["[vite]","hot updated: /src/index.css"],"stack":null}
[2026-07-12T09:07:19.396Z] {"timestamp":1783847236329,"level":"DEBUG","args":["[vite]","hot updated: /src/pages/NetworkLogs.tsx"],"stack":null}
[2026-07-12T09:07:19.562Z] {"timestamp":1783847237906,"level":"DEBUG","args":["[vite]","hot updated: /src/index.css"],"stack":null}
[2026-07-12T09:07:19.562Z] {"timestamp":1783847237910,"level":"DEBUG","args":["[vite]","hot updated: /src/pages/NetworkLogs.tsx"],"stack":null}
[2026-07-12T09:08:00.282Z] {"timestamp":1783847277804,"level":"DEBUG","args":["[Manus] Debug collector initialized (no rrweb, UI events only)"],"stack":null}
[2026-07-12T09:08:00.282Z] {"timestamp":1783847277819,"level":"DEBUG","args":["[vite] connected."],"stack":null}
[2026-07-12T09:08:00.282Z] {"timestamp":1783847278339,"level":"INFO","args":["%cDownload the React DevTools for a better development experience: https://react.dev/link/react-devtools","font-weight:bold"],"stack":null}
[2026-07-12T09:08:13.878Z] {"timestamp":1783847292196,"level":"ERROR","args":[{"type":"Error","message":"Unexpected token '<', \"<!doctype \"... is not valid JSON","stack":"SyntaxError: Unexpected token '<', \"<!doctype \"... is not valid JSON"}],"stack":"Error\n    at console.<computed> [as error] (http://localhost:3000/__manus__/debug-collector.js:391:37)\n    at fetchBanned (http://localhost:3000/src/components/BannedHosts.tsx:26:17)"}
[2026-07-12T09:08:43.683Z] {"timestamp":1783847321680,"level":"DEBUG","args":["[Manus] Debug collector initialized (no rrweb, UI events only)"],"stack":null}
[2026-07-12T09:08:43.683Z] {"timestamp":1783847322094,"level":"INFO","args":["%cDownload the React DevTools for a better development experience: https://react.dev/link/react-devtools","font-weight:bold"],"stack":null}
[2026-07-12T09:08:57.687Z] {"timestamp":1783847337121,"level":"ERROR","args":[{"type":"Error","message":"Unexpected token '<', \"<!doctype \"... is not valid JSON","stack":"SyntaxError: Unexpected token '<', \"<!doctype \"... is not valid JSON"}],"stack":"Error\n    at console.<computed> [as error] (http://localhost:3000/__manus__/debug-collector.js:391:37)\n    at fetchBanned (http://localhost:3000/src/components/BannedHosts.tsx:26:17)"}
[2026-07-12T09:10:24.800Z] {"timestamp":1783847390469,"level":"LOG","args":["[vite] server connection lost. Polling for restart..."],"stack":null}
[2026-07-12T09:10:31.268Z] {"timestamp":1783847428977,"level":"DEBUG","args":["[Manus] Debug collector initialized (no rrweb, UI events only)"],"stack":null}
[2026-07-12T09:10:31.268Z] {"timestamp":1783847430092,"level":"DEBUG","args":["[vite] connected."],"stack":null}
[2026-07-12T09:10:31.268Z] {"timestamp":1783847430186,"level":"INFO","args":["%cDownload the React DevTools for a better development experience: https://react.dev/link/react-devtools","font-weight:bold"],"stack":null}
[2026-07-12T09:10:53.150Z] {"timestamp":1783847451142,"level":"DEBUG","args":["[Manus] Debug collector initialized (no rrweb, UI events only)"],"stack":null}
[2026-07-12T09:10:53.150Z] {"timestamp":1783847451178,"level":"DEBUG","args":["[vite] connected."],"stack":null}
[2026-07-12T09:10:53.150Z] {"timestamp":1783847451376,"level":"INFO","args":["%cDownload the React DevTools for a better development experience: https://react.dev/link/react-devtools","font-weight:bold"],"stack":null}
[2026-07-12T09:10:53.150Z] {"timestamp":1783847451671,"level":"ERROR","args":["Échec de synchronisation avec l'historique permanent de la BDD."],"stack":"Error\n    at console.<computed> [as error] (http://localhost:3000/__manus__/debug-collector.js:391:37)\n    at fetchAlertsHistory (http://localhost:3000/src/components/SidebarLayout.tsx:51:19)"}
[2026-07-12T09:11:05.145Z] {"timestamp":1783847464880,"level":"ERROR","args":[{"type":"Error","message":"Unexpected token '<', \"<!doctype \"... is not valid JSON","stack":"SyntaxError: Unexpected token '<', \"<!doctype \"... is not valid JSON"}],"stack":"Error\n    at console.<computed> [as error] (http://localhost:3000/__manus__/debug-collector.js:391:37)\n    at fetchBanned (http://localhost:3000/src/components/BannedHosts.tsx:26:17)"}
[2026-07-12T09:11:15.146Z] {"timestamp":1783847473251,"level":"ERROR","args":[{"type":"Error","message":"Unexpected token '<', \"<!doctype \"... is not valid JSON","stack":"SyntaxError: Unexpected token '<', \"<!doctype \"... is not valid JSON"}],"stack":"Error\n    at console.<computed> [as error] (http://localhost:3000/__manus__/debug-collector.js:391:37)\n    at fetchBanned (http://localhost:3000/src/components/BannedHosts.tsx:26:17)"}
[2026-07-12T09:11:55.248Z] {"timestamp":1783847513184,"level":"DEBUG","args":["[Manus] Debug collector initialized (no rrweb, UI events only)"],"stack":null}
[2026-07-12T09:11:55.248Z] {"timestamp":1783847513191,"level":"DEBUG","args":["[vite] connected."],"stack":null}
[2026-07-12T09:11:55.248Z] {"timestamp":1783847513713,"level":"INFO","args":["%cDownload the React DevTools for a better development experience: https://react.dev/link/react-devtools","font-weight:bold"],"stack":null}
[2026-07-12T09:11:55.248Z] {"timestamp":1783847514264,"level":"ERROR","args":["Échec de synchronisation avec l'historique permanent de la BDD."],"stack":"Error\n    at console.<computed> [as error] (http://localhost:3000/__manus__/debug-collector.js:391:37)\n    at fetchAlertsHistory (http://localhost:3000/src/components/SidebarLayout.tsx:51:19)"}
[2026-07-12T09:11:57.186Z] {"timestamp":1783847516318,"level":"ERROR","args":[{"type":"Error","message":"Unexpected token '<', \"<!doctype \"... is not valid JSON","stack":"SyntaxError: Unexpected token '<', \"<!doctype \"... is not valid JSON"}],"stack":"Error\n    at console.<computed> [as error] (http://localhost:3000/__manus__/debug-collector.js:391:37)\n    at fetchBanned (http://localhost:3000/src/components/BannedHosts.tsx:26:17)"}
[2026-07-12T09:15:09.187Z] {"timestamp":1783847707227,"level":"DEBUG","args":["[vite]","hot updated: /src/index.css"],"stack":null}
[2026-07-12T09:15:19.604Z] {"timestamp":1783847717601,"level":"DEBUG","args":["[Manus] Debug collector initialized (no rrweb, UI events only)"],"stack":null}
[2026-07-12T09:15:19.604Z] {"timestamp":1783847717607,"level":"DEBUG","args":["[vite] connected."],"stack":null}
[2026-07-12T09:15:19.604Z] {"timestamp":1783847717983,"level":"INFO","args":["%cDownload the React DevTools for a better development experience: https://react.dev/link/react-devtools","font-weight:bold"],"stack":null}
[2026-07-12T09:15:19.604Z] {"timestamp":1783847718721,"level":"ERROR","args":["Échec de synchronisation avec l'historique permanent de la BDD."],"stack":"Error\n    at console.<computed> [as error] (http://localhost:3000/__manus__/debug-collector.js:391:37)\n    at fetchAlertsHistory (http://localhost:3000/src/components/SidebarLayout.tsx:51:19)"}
[2026-07-12T09:18:26.108Z] {"timestamp":1783847903949,"level":"DEBUG","args":["[Manus] Debug collector initialized (no rrweb, UI events only)"],"stack":null}
[2026-07-12T09:18:26.108Z] {"timestamp":1783847904036,"level":"DEBUG","args":["[vite] connected."],"stack":null}
[2026-07-12T09:18:28.011Z] {"timestamp":1783847906219,"level":"INFO","args":["%cDownload the React DevTools for a better development experience: https://react.dev/link/react-devtools","font-weight:bold"],"stack":null}
[2026-07-12T09:18:28.011Z] {"timestamp":1783847906802,"level":"ERROR","args":["Échec de synchronisation avec l'historique permanent de la BDD."],"stack":"Error\n    at console.<computed> [as error] (http://localhost:3000/__manus__/debug-collector.js:391:37)\n    at fetchAlertsHistory (http://localhost:3000/src/components/SidebarLayout.tsx:51:19)"}
[2026-07-12T09:19:04.057Z] {"timestamp":1783847942051,"level":"DEBUG","args":["[Manus] Debug collector initialized (no rrweb, UI events only)"],"stack":null}
[2026-07-12T09:19:04.057Z] {"timestamp":1783847942061,"level":"DEBUG","args":["[vite] connected."],"stack":null}
[2026-07-12T09:19:04.057Z] {"timestamp":1783847942180,"level":"INFO","args":["%cDownload the React DevTools for a better development experience: https://react.dev/link/react-devtools","font-weight:bold"],"stack":null}
[2026-07-12T09:19:12.386Z] {"timestamp":1783847950383,"level":"DEBUG","args":["[Manus] Debug collector initialized (no rrweb, UI events only)"],"stack":null}
[2026-07-12T09:19:12.386Z] {"timestamp":1783847950433,"level":"DEBUG","args":["[vite] connected."],"stack":null}
[2026-07-12T09:19:12.386Z] {"timestamp":1783847951195,"level":"INFO","args":["%cDownload the React DevTools for a better development experience: https://react.dev/link/react-devtools","font-weight:bold"],"stack":null}
[2026-07-12T09:19:12.386Z] {"timestamp":1783847951502,"level":"ERROR","args":["Échec de synchronisation avec l'historique permanent de la BDD."],"stack":"Error\n    at console.<computed> [as error] (http://localhost:3000/__manus__/debug-collector.js:391:37)\n    at fetchAlertsHistory (http://localhost:3000/src/components/SidebarLayout.tsx:51:19)"}
[2026-07-12T09:19:26.404Z] {"timestamp":1783847964898,"level":"ERROR","args":[{"type":"Error","message":"Unexpected token '<', \"<!doctype \"... is not valid JSON","stack":"SyntaxError: Unexpected token '<', \"<!doctype \"... is not valid JSON"}],"stack":"Error\n    at console.<computed> [as error] (http://localhost:3000/__manus__/debug-collector.js:391:37)\n    at fetchBanned (http://localhost:3000/src/components/BannedHosts.tsx:26:17)"}
[2026-07-12T09:25:13.633Z] {"timestamp":1783848311624,"level":"DEBUG","args":["[Manus] Debug collector initialized (no rrweb, UI events only)"],"stack":null}
[2026-07-12T09:25:13.633Z] {"timestamp":1783848311798,"level":"DEBUG","args":["[vite] connected."],"stack":null}
[2026-07-12T09:25:13.633Z] {"timestamp":1783848312396,"level":"INFO","args":["%cDownload the React DevTools for a better development experience: https://react.dev/link/react-devtools","font-weight:bold"],"stack":null}
[2026-07-12T09:25:13.633Z] {"timestamp":1783848312825,"level":"ERROR","args":["Échec de synchronisation avec l'historique permanent de la BDD."],"stack":"Error\n    at console.<computed> [as error] (http://localhost:3000/__manus__/debug-collector.js:391:37)\n    at fetchAlertsHistory (http://localhost:3000/src/components/SidebarLayout.tsx:51:19)"}
[2026-07-12T09:42:56.646Z] {"timestamp":1783849374643,"level":"DEBUG","args":["[Manus] Debug collector initialized (no rrweb, UI events only)"],"stack":null}
[2026-07-12T09:42:56.646Z] {"timestamp":1783849374663,"level":"DEBUG","args":["[vite] connected."],"stack":null}
[2026-07-12T09:42:56.646Z] {"timestamp":1783849374982,"level":"INFO","args":["%cDownload the React DevTools for a better development experience: https://react.dev/link/react-devtools","font-weight:bold"],"stack":null}
[2026-07-12T09:42:56.646Z] {"timestamp":1783849375261,"level":"ERROR","args":["Erreur d'historique:",{"type":"Error","message":"Failed to fetch","stack":"TypeError: Failed to fetch\n    at window.fetch (http://localhost:3000/__manus__/debug-collector.js:493:12)\n    at fetchHistory (http://localhost:3000/src/components/TrafficAttackChart.tsx:13:32)\n    at http://localhost:3000/src/components/TrafficAttackChart.tsx:24:5\n    at Object.react_stack_bottom_frame (http://localhost:3000/@fs/home/jhonsard/Documents/Programation/TFC/IDS-IPS-PROJECT/frontend/node_modules/.vite/deps/react-dom_client.js?v=73546cf9:18567:20)\n    at runWithFiberInDEV (http://localhost:3000/@fs/home/jhonsard/Documents/Programation/TFC/IDS-IPS-PROJECT/frontend/node_modules/.vite/deps/react-dom_client.js?v=73546cf9:997:72)\n    at commitHookEffectListMount (http://localhost:3000/@fs/home/jhonsard/Documents/Programation/TFC/IDS-IPS-PROJECT/frontend/node_modules/.vite/deps/react-dom_client.js?v=73546cf9:9411:163)\n    at commitHookPassiveMountEffects (http://localhost:3000/@fs/home/jhonsard/Documents/Programation/TFC/IDS-IPS-PROJECT/frontend/node_modules/.vite/deps/react-dom_client.js?v=73546cf9:9465:60)\n    at commitPassiveMountOnFiber (http://localhost:3000/@fs/home/jhonsard/Documents/Programation/TFC/IDS-IPS-PROJECT/frontend/node_modules/.vite/deps/react-dom_client.js?v=73546cf9:11040:29)\n    at recursivelyTraversePassiveMountEffects (http://localhost:3000/@fs/home/jhonsard/Documents/Programation/TFC/IDS-IPS-PROJECT/frontend/node_modules/.vite/deps/react-dom_client.js?v=73546cf9:11010:13)\n    at commitPassiveMountOnFiber (http://localhost:3000/@fs/home/jhonsard/Documents/Programation/TFC/IDS-IPS-PROJECT/frontend/node_modules/.vite/deps/react-dom_client.js?v=73546cf9:11201:13)"}],"stack":"Error\n    at console.<computed> [as error] (http://localhost:3000/__manus__/debug-collector.js:391:37)\n    at fetchHistory (http://localhost:3000/src/components/TrafficAttackChart.tsx:19:17)"}
[2026-07-12T09:42:56.646Z] {"timestamp":1783849375266,"level":"ERROR","args":["Failed to fetch history",{"type":"Error","message":"Failed to fetch","stack":"TypeError: Failed to fetch\n    at window.fetch (http://localhost:3000/__manus__/debug-collector.js:493:12)\n    at fetchHistory (http://localhost:3000/src/components/SidebarLayout.tsx:62:27)\n    at http://localhost:3000/src/components/SidebarLayout.tsx:87:5\n    at Object.react_stack_bottom_frame (http://localhost:3000/@fs/home/jhonsard/Documents/Programation/TFC/IDS-IPS-PROJECT/frontend/node_modules/.vite/deps/react-dom_client.js?v=73546cf9:18567:20)\n    at runWithFiberInDEV (http://localhost:3000/@fs/home/jhonsard/Documents/Programation/TFC/IDS-IPS-PROJECT/frontend/node_modules/.vite/deps/react-dom_client.js?v=73546cf9:997:72)\n    at commitHookEffectListMount (http://localhost:3000/@fs/home/jhonsard/Documents/Programation/TFC/IDS-IPS-PROJECT/frontend/node_modules/.vite/deps/react-dom_client.js?v=73546cf9:9411:163)\n    at commitHookPassiveMountEffects (http://localhost:3000/@fs/home/jhonsard/Documents/Programation/TFC/IDS-IPS-PROJECT/frontend/node_modules/.vite/deps/react-dom_client.js?v=73546cf9:9465:60)\n    at commitPassiveMountOnFiber (http://localhost:3000/@fs/home/jhonsard/Documents/Programation/TFC/IDS-IPS-PROJECT/frontend/node_modules/.vite/deps/react-dom_client.js?v=73546cf9:11040:29)\n    at recursivelyTraversePassiveMountEffects (http://localhost:3000/@fs/home/jhonsard/Documents/Programation/TFC/IDS-IPS-PROJECT/frontend/node_modules/.vite/deps/react-dom_client.js?v=73546cf9:11010:13)\n    at commitPassiveMountOnFiber (http://localhost:3000/@fs/home/jhonsard/Documents/Programation/TFC/IDS-IPS-PROJECT/frontend/node_modules/.vite/deps/react-dom_client.js?v=73546cf9:11033:13)"}],"stack":"Error\n    at console.<computed> [as error] (http://localhost:3000/__manus__/debug-collector.js:391:37)\n    at fetchHistory (http://localhost:3000/src/components/SidebarLayout.tsx:84:17)"}
[2026-07-12T09:42:56.646Z] {"timestamp":1783849375268,"level":"ERROR","args":["Erreur réseau lors du chargement de l'historique permanent:",{"type":"Error","message":"Failed to fetch","stack":"TypeError: Failed to fetch\n    at window.fetch (http://localhost:3000/__manus__/debug-collector.js:493:12)\n    at fetchAlertsHistory (http://localhost:3000/src/components/SidebarLayout.tsx:40:32)\n    at http://localhost:3000/src/components/SidebarLayout.tsx:57:5\n    at Object.react_stack_bottom_frame (http://localhost:3000/@fs/home/jhonsard/Documents/Programation/TFC/IDS-IPS-PROJECT/frontend/node_modules/.vite/deps/react-dom_client.js?v=73546cf9:18567:20)\n    at runWithFiberInDEV (http://localhost:3000/@fs/home/jhonsard/Documents/Programation/TFC/IDS-IPS-PROJECT/frontend/node_modules/.vite/deps/react-dom_client.js?v=73546cf9:997:72)\n    at commitHookEffectListMount (http://localhost:3000/@fs/home/jhonsard/Documents/Programation/TFC/IDS-IPS-PROJECT/frontend/node_modules/.vite/deps/react-dom_client.js?v=73546cf9:9411:163)\n    at commitHookPassiveMountEffects (http://localhost:3000/@fs/home/jhonsard/Documents/Programation/TFC/IDS-IPS-PROJECT/frontend/node_modules/.vite/deps/react-dom_client.js?v=73546cf9:9465:60)\n    at commitPassiveMountOnFiber (http://localhost:3000/@fs/home/jhonsard/Documents/Programation/TFC/IDS-IPS-PROJECT/frontend/node_modules/.vite/deps/react-dom_client.js?v=73546cf9:11040:29)\n    at recursivelyTraversePassiveMountEffects (http://localhost:3000/@fs/home/jhonsard/Documents/Programation/TFC/IDS-IPS-PROJECT/frontend/node_modules/.vite/deps/react-dom_client.js?v=73546cf9:11010:13)\n    at commitPassiveMountOnFiber (http://localhost:3000/@fs/home/jhonsard/Documents/Programation/TFC/IDS-IPS-PROJECT/frontend/node_modules/.vite/deps/react-dom_client.js?v=73546cf9:11033:13)"}],"stack":"Error\n    at console.<computed> [as error] (http://localhost:3000/__manus__/debug-collector.js:391:37)\n    at fetchAlertsHistory (http://localhost:3000/src/components/SidebarLayout.tsx:54:17)"}
[2026-07-12T09:43:59.634Z] {"timestamp":1783849437630,"level":"DEBUG","args":["[Manus] Debug collector initialized (no rrweb, UI events only)"],"stack":null}
[2026-07-12T09:43:59.634Z] {"timestamp":1783849437646,"level":"DEBUG","args":["[vite] connected."],"stack":null}
[2026-07-12T09:43:59.634Z] {"timestamp":1783849438038,"level":"INFO","args":["%cDownload the React DevTools for a better development experience: https://react.dev/link/react-devtools","font-weight:bold"],"stack":null}
[2026-07-12T09:43:59.634Z] {"timestamp":1783849438345,"level":"ERROR","args":["Erreur d'historique:",{"type":"Error","message":"Failed to fetch","stack":"TypeError: Failed to fetch\n    at window.fetch (http://localhost:3000/__manus__/debug-collector.js:493:12)\n    at fetchHistory (http://localhost:3000/src/components/TrafficAttackChart.tsx:13:32)\n    at http://localhost:3000/src/components/TrafficAttackChart.tsx:24:5\n    at Object.react_stack_bottom_frame (http://localhost:3000/@fs/home/jhonsard/Documents/Programation/TFC/IDS-IPS-PROJECT/frontend/node_modules/.vite/deps/react-dom_client.js?v=73546cf9:18567:20)\n    at runWithFiberInDEV (http://localhost:3000/@fs/home/jhonsard/Documents/Programation/TFC/IDS-IPS-PROJECT/frontend/node_modules/.vite/deps/react-dom_client.js?v=73546cf9:997:72)\n    at commitHookEffectListMount (http://localhost:3000/@fs/home/jhonsard/Documents/Programation/TFC/IDS-IPS-PROJECT/frontend/node_modules/.vite/deps/react-dom_client.js?v=73546cf9:9411:163)\n    at commitHookPassiveMountEffects (http://localhost:3000/@fs/home/jhonsard/Documents/Programation/TFC/IDS-IPS-PROJECT/frontend/node_modules/.vite/deps/react-dom_client.js?v=73546cf9:9465:60)\n    at commitPassiveMountOnFiber (http://localhost:3000/@fs/home/jhonsard/Documents/Programation/TFC/IDS-IPS-PROJECT/frontend/node_modules/.vite/deps/react-dom_client.js?v=73546cf9:11040:29)\n    at recursivelyTraversePassiveMountEffects (http://localhost:3000/@fs/home/jhonsard/Documents/Programation/TFC/IDS-IPS-PROJECT/frontend/node_modules/.vite/deps/react-dom_client.js?v=73546cf9:11010:13)\n    at commitPassiveMountOnFiber (http://localhost:3000/@fs/home/jhonsard/Documents/Programation/TFC/IDS-IPS-PROJECT/frontend/node_modules/.vite/deps/react-dom_client.js?v=73546cf9:11201:13)"}],"stack":"Error\n    at console.<computed> [as error] (http://localhost:3000/__manus__/debug-collector.js:391:37)\n    at fetchHistory (http://localhost:3000/src/components/TrafficAttackChart.tsx:19:17)"}
[2026-07-12T09:43:59.634Z] {"timestamp":1783849438349,"level":"ERROR","args":["Failed to fetch history",{"type":"Error","message":"Failed to fetch","stack":"TypeError: Failed to fetch\n    at window.fetch (http://localhost:3000/__manus__/debug-collector.js:493:12)\n    at fetchHistory (http://localhost:3000/src/components/SidebarLayout.tsx:62:27)\n    at http://localhost:3000/src/components/SidebarLayout.tsx:87:5\n    at Object.react_stack_bottom_frame (http://localhost:3000/@fs/home/jhonsard/Documents/Programation/TFC/IDS-IPS-PROJECT/frontend/node_modules/.vite/deps/react-dom_client.js?v=73546cf9:18567:20)\n    at runWithFiberInDEV (http://localhost:3000/@fs/home/jhonsard/Documents/Programation/TFC/IDS-IPS-PROJECT/frontend/node_modules/.vite/deps/react-dom_client.js?v=73546cf9:997:72)\n    at commitHookEffectListMount (http://localhost:3000/@fs/home/jhonsard/Documents/Programation/TFC/IDS-IPS-PROJECT/frontend/node_modules/.vite/deps/react-dom_client.js?v=73546cf9:9411:163)\n    at commitHookPassiveMountEffects (http://localhost:3000/@fs/home/jhonsard/Documents/Programation/TFC/IDS-IPS-PROJECT/frontend/node_modules/.vite/deps/react-dom_client.js?v=73546cf9:9465:60)\n    at commitPassiveMountOnFiber (http://localhost:3000/@fs/home/jhonsard/Documents/Programation/TFC/IDS-IPS-PROJECT/frontend/node_modules/.vite/deps/react-dom_client.js?v=73546cf9:11040:29)\n    at recursivelyTraversePassiveMountEffects (http://localhost:3000/@fs/home/jhonsard/Documents/Programation/TFC/IDS-IPS-PROJECT/frontend/node_modules/.vite/deps/react-dom_client.js?v=73546cf9:11010:13)\n    at commitPassiveMountOnFiber (http://localhost:3000/@fs/home/jhonsard/Documents/Programation/TFC/IDS-IPS-PROJECT/frontend/node_modules/.vite/deps/react-dom_client.js?v=73546cf9:11033:13)"}],"stack":"Error\n    at console.<computed> [as error] (http://localhost:3000/__manus__/debug-collector.js:391:37)\n    at fetchHistory (http://localhost:3000/src/components/SidebarLayout.tsx:84:17)"}
[2026-07-12T09:43:59.634Z] {"timestamp":1783849438350,"level":"ERROR","args":["Erreur réseau lors du chargement de l'historique permanent:",{"type":"Error","message":"Failed to fetch","stack":"TypeError: Failed to fetch\n    at window.fetch (http://localhost:3000/__manus__/debug-collector.js:493:12)\n    at fetchAlertsHistory (http://localhost:3000/src/components/SidebarLayout.tsx:40:32)\n    at http://localhost:3000/src/components/SidebarLayout.tsx:57:5\n    at Object.react_stack_bottom_frame (http://localhost:3000/@fs/home/jhonsard/Documents/Programation/TFC/IDS-IPS-PROJECT/frontend/node_modules/.vite/deps/react-dom_client.js?v=73546cf9:18567:20)\n    at runWithFiberInDEV (http://localhost:3000/@fs/home/jhonsard/Documents/Programation/TFC/IDS-IPS-PROJECT/frontend/node_modules/.vite/deps/react-dom_client.js?v=73546cf9:997:72)\n    at commitHookEffectListMount (http://localhost:3000/@fs/home/jhonsard/Documents/Programation/TFC/IDS-IPS-PROJECT/frontend/node_modules/.vite/deps/react-dom_client.js?v=73546cf9:9411:163)\n    at commitHookPassiveMountEffects (http://localhost:3000/@fs/home/jhonsard/Documents/Programation/TFC/IDS-IPS-PROJECT/frontend/node_modules/.vite/deps/react-dom_client.js?v=73546cf9:9465:60)\n    at commitPassiveMountOnFiber (http://localhost:3000/@fs/home/jhonsard/Documents/Programation/TFC/IDS-IPS-PROJECT/frontend/node_modules/.vite/deps/react-dom_client.js?v=73546cf9:11040:29)\n    at recursivelyTraversePassiveMountEffects (http://localhost:3000/@fs/home/jhonsard/Documents/Programation/TFC/IDS-IPS-PROJECT/frontend/node_modules/.vite/deps/react-dom_client.js?v=73546cf9:11010:13)\n    at commitPassiveMountOnFiber (http://localhost:3000/@fs/home/jhonsard/Documents/Programation/TFC/IDS-IPS-PROJECT/frontend/node_modules/.vite/deps/react-dom_client.js?v=73546cf9:11033:13)"}],"stack":"Error\n    at console.<computed> [as error] (http://localhost:3000/__manus__/debug-collector.js:391:37)\n    at fetchAlertsHistory (http://localhost:3000/src/components/SidebarLayout.tsx:54:17)"}
[2026-07-12T09:48:57.048Z] {"timestamp":1783849735375,"level":"DEBUG","args":["[Manus] Debug collector initialized (no rrweb, UI events only)"],"stack":null}
[2026-07-12T09:48:57.048Z] {"timestamp":1783849735387,"level":"DEBUG","args":["[vite] connected."],"stack":null}
[2026-07-12T09:48:57.048Z] {"timestamp":1783849735508,"level":"INFO","args":["%cDownload the React DevTools for a better development experience: https://react.dev/link/react-devtools","font-weight:bold"],"stack":null}
[2026-07-12T09:48:57.048Z] {"timestamp":1783849735682,"level":"ERROR","args":["Erreur d'historique:",{"type":"Error","message":"Failed to fetch","stack":"TypeError: Failed to fetch\n    at window.fetch (http://localhost:3000/__manus__/debug-collector.js:493:12)\n    at fetchHistory (http://localhost:3000/src/components/TrafficAttackChart.tsx:13:32)\n    at http://localhost:3000/src/components/TrafficAttackChart.tsx:24:5\n    at Object.react_stack_bottom_frame (http://localhost:3000/@fs/home/jhonsard/Documents/Programation/TFC/IDS-IPS-PROJECT/frontend/node_modules/.vite/deps/react-dom_client.js?v=73546cf9:18567:20)\n    at runWithFiberInDEV (http://localhost:3000/@fs/home/jhonsard/Documents/Programation/TFC/IDS-IPS-PROJECT/frontend/node_modules/.vite/deps/react-dom_client.js?v=73546cf9:997:72)\n    at commitHookEffectListMount (http://localhost:3000/@fs/home/jhonsard/Documents/Programation/TFC/IDS-IPS-PROJECT/frontend/node_modules/.vite/deps/react-dom_client.js?v=73546cf9:9411:163)\n    at commitHookPassiveMountEffects (http://localhost:3000/@fs/home/jhonsard/Documents/Programation/TFC/IDS-IPS-PROJECT/frontend/node_modules/.vite/deps/react-dom_client.js?v=73546cf9:9465:60)\n    at commitPassiveMountOnFiber (http://localhost:3000/@fs/home/jhonsard/Documents/Programation/TFC/IDS-IPS-PROJECT/frontend/node_modules/.vite/deps/react-dom_client.js?v=73546cf9:11040:29)\n    at recursivelyTraversePassiveMountEffects (http://localhost:3000/@fs/home/jhonsard/Documents/Programation/TFC/IDS-IPS-PROJECT/frontend/node_modules/.vite/deps/react-dom_client.js?v=73546cf9:11010:13)\n    at commitPassiveMountOnFiber (http://localhost:3000/@fs/home/jhonsard/Documents/Programation/TFC/IDS-IPS-PROJECT/frontend/node_modules/.vite/deps/react-dom_client.js?v=73546cf9:11201:13)"}],"stack":"Error\n    at console.<computed> [as error] (http://localhost:3000/__manus__/debug-collector.js:391:37)\n    at fetchHistory (http://localhost:3000/src/components/TrafficAttackChart.tsx:19:17)"}
[2026-07-12T09:48:57.048Z] {"timestamp":1783849735686,"level":"ERROR","args":["Failed to fetch history",{"type":"Error","message":"Failed to fetch","stack":"TypeError: Failed to fetch\n    at window.fetch (http://localhost:3000/__manus__/debug-collector.js:493:12)\n    at fetchHistory (http://localhost:3000/src/components/SidebarLayout.tsx:62:27)\n    at http://localhost:3000/src/components/SidebarLayout.tsx:87:5\n    at Object.react_stack_bottom_frame (http://localhost:3000/@fs/home/jhonsard/Documents/Programation/TFC/IDS-IPS-PROJECT/frontend/node_modules/.vite/deps/react-dom_client.js?v=73546cf9:18567:20)\n    at runWithFiberInDEV (http://localhost:3000/@fs/home/jhonsard/Documents/Programation/TFC/IDS-IPS-PROJECT/frontend/node_modules/.vite/deps/react-dom_client.js?v=73546cf9:997:72)\n    at commitHookEffectListMount (http://localhost:3000/@fs/home/jhonsard/Documents/Programation/TFC/IDS-IPS-PROJECT/frontend/node_modules/.vite/deps/react-dom_client.js?v=73546cf9:9411:163)\n    at commitHookPassiveMountEffects (http://localhost:3000/@fs/home/jhonsard/Documents/Programation/TFC/IDS-IPS-PROJECT/frontend/node_modules/.vite/deps/react-dom_client.js?v=73546cf9:9465:60)\n    at commitPassiveMountOnFiber (http://localhost:3000/@fs/home/jhonsard/Documents/Programation/TFC/IDS-IPS-PROJECT/frontend/node_modules/.vite/deps/react-dom_client.js?v=73546cf9:11040:29)\n    at recursivelyTraversePassiveMountEffects (http://localhost:3000/@fs/home/jhonsard/Documents/Programation/TFC/IDS-IPS-PROJECT/frontend/node_modules/.vite/deps/react-dom_client.js?v=73546cf9:11010:13)\n    at commitPassiveMountOnFiber (http://localhost:3000/@fs/home/jhonsard/Documents/Programation/TFC/IDS-IPS-PROJECT/frontend/node_modules/.vite/deps/react-dom_client.js?v=73546cf9:11033:13)"}],"stack":"Error\n    at console.<computed> [as error] (http://localhost:3000/__manus__/debug-collector.js:391:37)\n    at fetchHistory (http://localhost:3000/src/components/SidebarLayout.tsx:84:17)"}
[2026-07-12T09:48:57.048Z] {"timestamp":1783849735688,"level":"ERROR","args":["Erreur réseau lors du chargement de l'historique permanent:",{"type":"Error","message":"Failed to fetch","stack":"TypeError: Failed to fetch\n    at window.fetch (http://localhost:3000/__manus__/debug-collector.js:493:12)\n    at fetchAlertsHistory (http://localhost:3000/src/components/SidebarLayout.tsx:40:32)\n    at http://localhost:3000/src/components/SidebarLayout.tsx:57:5\n    at Object.react_stack_bottom_frame (http://localhost:3000/@fs/home/jhonsard/Documents/Programation/TFC/IDS-IPS-PROJECT/frontend/node_modules/.vite/deps/react-dom_client.js?v=73546cf9:18567:20)\n    at runWithFiberInDEV (http://localhost:3000/@fs/home/jhonsard/Documents/Programation/TFC/IDS-IPS-PROJECT/frontend/node_modules/.vite/deps/react-dom_client.js?v=73546cf9:997:72)\n    at commitHookEffectListMount (http://localhost:3000/@fs/home/jhonsard/Documents/Programation/TFC/IDS-IPS-PROJECT/frontend/node_modules/.vite/deps/react-dom_client.js?v=73546cf9:9411:163)\n    at commitHookPassiveMountEffects (http://localhost:3000/@fs/home/jhonsard/Documents/Programation/TFC/IDS-IPS-PROJECT/frontend/node_modules/.vite/deps/react-dom_client.js?v=73546cf9:9465:60)\n    at commitPassiveMountOnFiber (http://localhost:3000/@fs/home/jhonsard/Documents/Programation/TFC/IDS-IPS-PROJECT/frontend/node_modules/.vite/deps/react-dom_client.js?v=73546cf9:11040:29)\n    at recursivelyTraversePassiveMountEffects (http://localhost:3000/@fs/home/jhonsard/Documents/Programation/TFC/IDS-IPS-PROJECT/frontend/node_modules/.vite/deps/react-dom_client.js?v=73546cf9:11010:13)\n    at commitPassiveMountOnFiber (http://localhost:3000/@fs/home/jhonsard/Documents/Programation/TFC/IDS-IPS-PROJECT/frontend/node_modules/.vite/deps/react-dom_client.js?v=73546cf9:11033:13)"}],"stack":"Error\n    at console.<computed> [as error] (http://localhost:3000/__manus__/debug-collector.js:391:37)\n    at fetchAlertsHistory (http://localhost:3000/src/components/SidebarLayout.tsx:54:17)"}
[2026-07-12T09:48:59.194Z] {"timestamp":1783849737187,"level":"DEBUG","args":["[Manus] Debug collector initialized (no rrweb, UI events only)"],"stack":null}
[2026-07-12T09:48:59.194Z] {"timestamp":1783849737205,"level":"DEBUG","args":["[vite] connected."],"stack":null}
[2026-07-12T09:48:59.194Z] {"timestamp":1783849737327,"level":"INFO","args":["%cDownload the React DevTools for a better development experience: https://react.dev/link/react-devtools","font-weight:bold"],"stack":null}
[2026-07-12T09:48:59.194Z] {"timestamp":1783849737492,"level":"ERROR","args":["Erreur d'historique:",{"type":"Error","message":"Failed to fetch","stack":"TypeError: Failed to fetch\n    at window.fetch (http://localhost:3000/__manus__/debug-collector.js:493:12)\n    at fetchHistory (http://localhost:3000/src/components/TrafficAttackChart.tsx:13:32)\n    at http://localhost:3000/src/components/TrafficAttackChart.tsx:24:5\n    at Object.react_stack_bottom_frame (http://localhost:3000/@fs/home/jhonsard/Documents/Programation/TFC/IDS-IPS-PROJECT/frontend/node_modules/.vite/deps/react-dom_client.js?v=73546cf9:18567:20)\n    at runWithFiberInDEV (http://localhost:3000/@fs/home/jhonsard/Documents/Programation/TFC/IDS-IPS-PROJECT/frontend/node_modules/.vite/deps/react-dom_client.js?v=73546cf9:997:72)\n    at commitHookEffectListMount (http://localhost:3000/@fs/home/jhonsard/Documents/Programation/TFC/IDS-IPS-PROJECT/frontend/node_modules/.vite/deps/react-dom_client.js?v=73546cf9:9411:163)\n    at commitHookPassiveMountEffects (http://localhost:3000/@fs/home/jhonsard/Documents/Programation/TFC/IDS-IPS-PROJECT/frontend/node_modules/.vite/deps/react-dom_client.js?v=73546cf9:9465:60)\n    at commitPassiveMountOnFiber (http://localhost:3000/@fs/home/jhonsard/Documents/Programation/TFC/IDS-IPS-PROJECT/frontend/node_modules/.vite/deps/react-dom_client.js?v=73546cf9:11040:29)\n    at recursivelyTraversePassiveMountEffects (http://localhost:3000/@fs/home/jhonsard/Documents/Programation/TFC/IDS-IPS-PROJECT/frontend/node_modules/.vite/deps/react-dom_client.js?v=73546cf9:11010:13)\n    at commitPassiveMountOnFiber (http://localhost:3000/@fs/home/jhonsard/Documents/Programation/TFC/IDS-IPS-PROJECT/frontend/node_modules/.vite/deps/react-dom_client.js?v=73546cf9:11201:13)"}],"stack":"Error\n    at console.<computed> [as error] (http://localhost:3000/__manus__/debug-collector.js:391:37)\n    at fetchHistory (http://localhost:3000/src/components/TrafficAttackChart.tsx:19:17)"}
[2026-07-12T09:48:59.194Z] {"timestamp":1783849737494,"level":"ERROR","args":["Failed to fetch history",{"type":"Error","message":"Failed to fetch","stack":"TypeError: Failed to fetch\n    at window.fetch (http://localhost:3000/__manus__/debug-collector.js:493:12)\n    at fetchHistory (http://localhost:3000/src/components/SidebarLayout.tsx:62:27)\n    at http://localhost:3000/src/components/SidebarLayout.tsx:87:5\n    at Object.react_stack_bottom_frame (http://localhost:3000/@fs/home/jhonsard/Documents/Programation/TFC/IDS-IPS-PROJECT/frontend/node_modules/.vite/deps/react-dom_client.js?v=73546cf9:18567:20)\n    at runWithFiberInDEV (http://localhost:3000/@fs/home/jhonsard/Documents/Programation/TFC/IDS-IPS-PROJECT/frontend/node_modules/.vite/deps/react-dom_client.js?v=73546cf9:997:72)\n    at commitHookEffectListMount (http://localhost:3000/@fs/home/jhonsard/Documents/Programation/TFC/IDS-IPS-PROJECT/frontend/node_modules/.vite/deps/react-dom_client.js?v=73546cf9:9411:163)\n    at commitHookPassiveMountEffects (http://localhost:3000/@fs/home/jhonsard/Documents/Programation/TFC/IDS-IPS-PROJECT/frontend/node_modules/.vite/deps/react-dom_client.js?v=73546cf9:9465:60)\n    at commitPassiveMountOnFiber (http://localhost:3000/@fs/home/jhonsard/Documents/Programation/TFC/IDS-IPS-PROJECT/frontend/node_modules/.vite/deps/react-dom_client.js?v=73546cf9:11040:29)\n    at recursivelyTraversePassiveMountEffects (http://localhost:3000/@fs/home/jhonsard/Documents/Programation/TFC/IDS-IPS-PROJECT/frontend/node_modules/.vite/deps/react-dom_client.js?v=73546cf9:11010:13)\n    at commitPassiveMountOnFiber (http://localhost:3000/@fs/home/jhonsard/Documents/Programation/TFC/IDS-IPS-PROJECT/frontend/node_modules/.vite/deps/react-dom_client.js?v=73546cf9:11033:13)"}],"stack":"Error\n    at console.<computed> [as error] (http://localhost:3000/__manus__/debug-collector.js:391:37)\n    at fetchHistory (http://localhost:3000/src/components/SidebarLayout.tsx:84:17)"}
[2026-07-12T09:48:59.194Z] {"timestamp":1783849737495,"level":"ERROR","args":["Erreur réseau lors du chargement de l'historique permanent:",{"type":"Error","message":"Failed to fetch","stack":"TypeError: Failed to fetch\n    at window.fetch (http://localhost:3000/__manus__/debug-collector.js:493:12)\n    at fetchAlertsHistory (http://localhost:3000/src/components/SidebarLayout.tsx:40:32)\n    at http://localhost:3000/src/components/SidebarLayout.tsx:57:5\n    at Object.react_stack_bottom_frame (http://localhost:3000/@fs/home/jhonsard/Documents/Programation/TFC/IDS-IPS-PROJECT/frontend/node_modules/.vite/deps/react-dom_client.js?v=73546cf9:18567:20)\n    at runWithFiberInDEV (http://localhost:3000/@fs/home/jhonsard/Documents/Programation/TFC/IDS-IPS-PROJECT/frontend/node_modules/.vite/deps/react-dom_client.js?v=73546cf9:997:72)\n    at commitHookEffectListMount (http://localhost:3000/@fs/home/jhonsard/Documents/Programation/TFC/IDS-IPS-PROJECT/frontend/node_modules/.vite/deps/react-dom_client.js?v=73546cf9:9411:163)\n    at commitHookPassiveMountEffects (http://localhost:3000/@fs/home/jhonsard/Documents/Programation/TFC/IDS-IPS-PROJECT/frontend/node_modules/.vite/deps/react-dom_client.js?v=73546cf9:9465:60)\n    at commitPassiveMountOnFiber (http://localhost:3000/@fs/home/jhonsard/Documents/Programation/TFC/IDS-IPS-PROJECT/frontend/node_modules/.vite/deps/react-dom_client.js?v=73546cf9:11040:29)\n    at recursivelyTraversePassiveMountEffects (http://localhost:3000/@fs/home/jhonsard/Documents/Programation/TFC/IDS-IPS-PROJECT/frontend/node_modules/.vite/deps/react-dom_client.js?v=73546cf9:11010:13)\n    at commitPassiveMountOnFiber (http://localhost:3000/@fs/home/jhonsard/Documents/Programation/TFC/IDS-IPS-PROJECT/frontend/node_modules/.vite/deps/react-dom_client.js?v=73546cf9:11033:13)"}],"stack":"Error\n    at console.<computed> [as error] (http://localhost:3000/__manus__/debug-collector.js:391:37)\n    at fetchAlertsHistory (http://localhost:3000/src/components/SidebarLayout.tsx:54:17)"}
[2026-07-12T10:00:14.136Z] {"timestamp":1783850412061,"level":"DEBUG","args":["[Manus] Debug collector initialized (no rrweb, UI events only)"],"stack":null}
[2026-07-12T10:00:14.136Z] {"timestamp":1783850412140,"level":"DEBUG","args":["[vite] connected."],"stack":null}
[2026-07-12T10:00:14.136Z] {"timestamp":1783850413950,"level":"INFO","args":["%cDownload the React DevTools for a better development experience: https://react.dev/link/react-devtools","font-weight:bold"],"stack":null}
[2026-07-12T10:03:50.065Z] {"timestamp":1783850628464,"level":"ERROR","args":[{"type":"Error","message":"Unexpected token '<', \"<!doctype \"... is not valid JSON","stack":"SyntaxError: Unexpected token '<', \"<!doctype \"... is not valid JSON"}],"stack":"Error\n    at console.<computed> [as error] (http://localhost:3001/__manus__/debug-collector.js:391:37)\n    at fetchBanned (http://localhost:3001/src/components/BannedHosts.tsx:26:17)"}
[2026-07-12T10:07:50.067Z] {"timestamp":1783850869692,"level":"ERROR","args":[{"type":"Error","message":"Unexpected token '<', \"<!doctype \"... is not valid JSON","stack":"SyntaxError: Unexpected token '<', \"<!doctype \"... is not valid JSON"}],"stack":"Error\n    at console.<computed> [as error] (http://localhost:3001/__manus__/debug-collector.js:391:37)\n    at fetchBanned (http://localhost:3001/src/components/BannedHosts.tsx:26:17)"}
[2026-07-13T11:19:46.649Z] {"timestamp":1783941578351,"level":"DEBUG","args":["[Manus] Debug collector initialized (no rrweb, UI events only)"],"stack":null}
[2026-07-13T11:19:46.649Z] {"timestamp":1783941578529,"level":"DEBUG","args":["[vite] connected."],"stack":null}
[2026-07-13T11:19:50.862Z] {"timestamp":1783941588747,"level":"INFO","args":["%cDownload the React DevTools for a better development experience: https://react.dev/link/react-devtools","font-weight:bold"],"stack":null}
[2026-07-13T11:20:14.353Z] {"timestamp":1783941613255,"level":"ERROR","args":["Échec de synchronisation avec l'historique permanent de la BDD."],"stack":"Error\n    at console.<computed> [as error] (http://192.168.91.105:3001/__manus__/debug-collector.js:391:37)\n    at fetchAlertsHistory (http://192.168.91.105:3001/src/components/SidebarLayout.tsx:52:19)"}
[2026-07-13T11:22:40.353Z] {"timestamp":1783941759538,"level":"ERROR","args":["Error fetching hierarchy:",{"type":"Error","message":"Failed to fetch","stack":"TypeError: Failed to fetch\n    at window.fetch (http://192.168.91.105:3001/__manus__/debug-collector.js:493:12)\n    at fetchHierarchy (http://192.168.91.105:3001/src/pages/NodesManagement.tsx:21:30)\n    at http://192.168.91.105:3001/src/pages/NodesManagement.tsx:142:5\n    at Object.react_stack_bottom_frame (http://192.168.91.105:3001/@fs/home/jhonsard/Documents/Programation/TFC/IDS-IPS-PROJECT/frontend/node_modules/.vite/deps/react-dom_client.js?v=73546cf9:18567:20)\n    at runWithFiberInDEV (http://192.168.91.105:3001/@fs/home/jhonsard/Documents/Programation/TFC/IDS-IPS-PROJECT/frontend/node_modules/.vite/deps/react-dom_client.js?v=73546cf9:997:72)\n    at commitHookEffectListMount (http://192.168.91.105:3001/@fs/home/jhonsard/Documents/Programation/TFC/IDS-IPS-PROJECT/frontend/node_modules/.vite/deps/react-dom_client.js?v=73546cf9:9411:163)\n    at commitHookPassiveMountEffects (http://192.168.91.105:3001/@fs/home/jhonsard/Documents/Programation/TFC/IDS-IPS-PROJECT/frontend/node_modules/.vite/deps/react-dom_client.js?v=73546cf9:9465:60)\n    at commitPassiveMountOnFiber (http://192.168.91.105:3001/@fs/home/jhonsard/Documents/Programation/TFC/IDS-IPS-PROJECT/frontend/node_modules/.vite/deps/react-dom_client.js?v=73546cf9:11040:29)\n    at recursivelyTraversePassiveMountEffects (http://192.168.91.105:3001/@fs/home/jhonsard/Documents/Programation/TFC/IDS-IPS-PROJECT/frontend/node_modules/.vite/deps/react-dom_client.js?v=73546cf9:11010:13)\n    at commitPassiveMountOnFiber (http://192.168.91.105:3001/@fs/home/jhonsard/Documents/Programation/TFC/IDS-IPS-PROJECT/frontend/node_modules/.vite/deps/react-dom_client.js?v=73546cf9:11201:13)"}],"stack":"Error\n    at console.<computed> [as error] (http://192.168.91.105:3001/__manus__/debug-collector.js:391:37)\n    at fetchHierarchy (http://192.168.91.105:3001/src/pages/NodesManagement.tsx:33:15)"}
[2026-07-13T11:22:40.354Z] {"timestamp":1783941759539,"level":"ERROR","args":["Error fetching stats:",{"type":"Error","message":"Failed to fetch","stack":"TypeError: Failed to fetch\n    at window.fetch (http://192.168.91.105:3001/__manus__/debug-collector.js:493:12)\n    at fetchAggregatedStats (http://192.168.91.105:3001/src/pages/NodesManagement.tsx:42:30)\n    at http://192.168.91.105:3001/src/pages/NodesManagement.tsx:143:5\n    at Object.react_stack_bottom_frame (http://192.168.91.105:3001/@fs/home/jhonsard/Documents/Programation/TFC/IDS-IPS-PROJECT/frontend/node_modules/.vite/deps/react-dom_client.js?v=73546cf9:18567:20)\n    at runWithFiberInDEV (http://192.168.91.105:3001/@fs/home/jhonsard/Documents/Programation/TFC/IDS-IPS-PROJECT/frontend/node_modules/.vite/deps/react-dom_client.js?v=73546cf9:997:72)\n    at commitHookEffectListMount (http://192.168.91.105:3001/@fs/home/jhonsard/Documents/Programation/TFC/IDS-IPS-PROJECT/frontend/node_modules/.vite/deps/react-dom_client.js?v=73546cf9:9411:163)\n    at commitHookPassiveMountEffects (http://192.168.91.105:3001/@fs/home/jhonsard/Documents/Programation/TFC/IDS-IPS-PROJECT/frontend/node_modules/.vite/deps/react-dom_client.js?v=73546cf9:9465:60)\n    at commitPassiveMountOnFiber (http://192.168.91.105:3001/@fs/home/jhonsard/Documents/Programation/TFC/IDS-IPS-PROJECT/frontend/node_modules/.vite/deps/react-dom_client.js?v=73546cf9:11040:29)\n    at recursivelyTraversePassiveMountEffects (http://192.168.91.105:3001/@fs/home/jhonsard/Documents/Programation/TFC/IDS-IPS-PROJECT/frontend/node_modules/.vite/deps/react-dom_client.js?v=73546cf9:11010:13)\n    at commitPassiveMountOnFiber (http://192.168.91.105:3001/@fs/home/jhonsard/Documents/Programation/TFC/IDS-IPS-PROJECT/frontend/node_modules/.vite/deps/react-dom_client.js?v=73546cf9:11201:13)"}],"stack":"Error\n    at console.<computed> [as error] (http://192.168.91.105:3001/__manus__/debug-collector.js:391:37)\n    at fetchAggregatedStats (http://192.168.91.105:3001/src/pages/NodesManagement.tsx:54:15)"}
[2026-07-13T11:22:40.354Z] {"timestamp":1783941759540,"level":"ERROR","args":["Error fetching email config:",{"type":"Error","message":"Failed to fetch","stack":"TypeError: Failed to fetch\n    at window.fetch (http://192.168.91.105:3001/__manus__/debug-collector.js:493:12)\n    at fetchEmailConfig (http://192.168.91.105:3001/src/pages/Settings.tsx:62:30)\n    at http://192.168.91.105:3001/src/pages/Settings.tsx:142:5\n    at Object.react_stack_bottom_frame (http://192.168.91.105:3001/@fs/home/jhonsard/Documents/Programation/TFC/IDS-IPS-PROJECT/frontend/node_modules/.vite/deps/react-dom_client.js?v=73546cf9:18567:20)\n    at runWithFiberInDEV (http://192.168.91.105:3001/@fs/home/jhonsard/Documents/Programation/TFC/IDS-IPS-PROJECT/frontend/node_modules/.vite/deps/react-dom_client.js?v=73546cf9:997:72)\n    at commitHookEffectListMount (http://192.168.91.105:3001/@fs/home/jhonsard/Documents/Programation/TFC/IDS-IPS-PROJECT/frontend/node_modules/.vite/deps/react-dom_client.js?v=73546cf9:9411:163)\n    at commitHookPassiveMountEffects (http://192.168.91.105:3001/@fs/home/jhonsard/Documents/Programation/TFC/IDS-IPS-PROJECT/frontend/node_modules/.vite/deps/react-dom_client.js?v=73546cf9:9465:60)\n    at commitPassiveMountOnFiber (http://192.168.91.105:3001/@fs/home/jhonsard/Documents/Programation/TFC/IDS-IPS-PROJECT/frontend/node_modules/.vite/deps/react-dom_client.js?v=73546cf9:11040:29)\n    at recursivelyTraversePassiveMountEffects (http://192.168.91.105:3001/@fs/home/jhonsard/Documents/Programation/TFC/IDS-IPS-PROJECT/frontend/node_modules/.vite/deps/react-dom_client.js?v=73546cf9:11010:13)\n    at commitPassiveMountOnFiber (http://192.168.91.105:3001/@fs/home/jhonsard/Documents/Programation/TFC/IDS-IPS-PROJECT/frontend/node_modules/.vite/deps/react-dom_client.js?v=73546cf9:11201:13)"}],"stack":"Error\n    at console.<computed> [as error] (http://192.168.91.105:3001/__manus__/debug-collector.js:391:37)\n    at fetchEmailConfig (http://192.168.91.105:3001/src/pages/Settings.tsx:82:15)"}
[2026-07-13T11:23:02.355Z] {"timestamp":1783941782068,"level":"ERROR","args":["Error saving email config:",{"type":"Error","message":"Failed to fetch","stack":"TypeError: Failed to fetch\n    at window.fetch (http://192.168.91.105:3001/__manus__/debug-collector.js:493:12)\n    at saveEmailConfig (http://192.168.91.105:3001/src/pages/Settings.tsx:90:30)\n    at executeDispatch (http://192.168.91.105:3001/@fs/home/jhonsard/Documents/Programation/TFC/IDS-IPS-PROJECT/frontend/node_modules/.vite/deps/react-dom_client.js?v=73546cf9:13622:11)\n    at runWithFiberInDEV (http://192.168.91.105:3001/@fs/home/jhonsard/Documents/Programation/TFC/IDS-IPS-PROJECT/frontend/node_modules/.vite/deps/react-dom_client.js?v=73546cf9:997:72)\n    at processDispatchQueue (http://192.168.91.105:3001/@fs/home/jhonsard/Documents/Programation/TFC/IDS-IPS-PROJECT/frontend/node_modules/.vite/deps/react-dom_client.js?v=73546cf9:13658:37)\n    at http://192.168.91.105:3001/@fs/home/jhonsard/Documents/Programation/TFC/IDS-IPS-PROJECT/frontend/node_modules/.vite/deps/react-dom_client.js?v=73546cf9:14071:11\n    at batchedUpdates$1 (http://192.168.91.105:3001/@fs/home/jhonsard/Documents/Programation/TFC/IDS-IPS-PROJECT/frontend/node_modules/.vite/deps/react-dom_client.js?v=73546cf9:2626:42)\n    at dispatchEventForPluginEventSystem (http://192.168.91.105:3001/@fs/home/jhonsard/Documents/Programation/TFC/IDS-IPS-PROJECT/frontend/node_modules/.vite/deps/react-dom_client.js?v=73546cf9:13763:9)\n    at dispatchEvent (http://192.168.91.105:3001/@fs/home/jhonsard/Documents/Programation/TFC/IDS-IPS-PROJECT/frontend/node_modules/.vite/deps/react-dom_client.js?v=73546cf9:16784:13)\n    at dispatchDiscreteEvent (http://192.168.91.105:3001/@fs/home/jhonsard/Documents/Programation/TFC/IDS-IPS-PROJECT/frontend/node_modules/.vite/deps/react-dom_client.js?v=73546cf9:16765:62)"}],"stack":"Error\n    at console.<computed> [as error] (http://192.168.91.105:3001/__manus__/debug-collector.js:391:37)\n    at saveEmailConfig (http://192.168.91.105:3001/src/pages/Settings.tsx:113:15)"}
[2026-07-13T11:25:04.353Z] {"timestamp":1783941902894,"level":"ERROR","args":["Error saving email config:",{"type":"Error","message":"Failed to fetch","stack":"TypeError: Failed to fetch\n    at window.fetch (http://192.168.91.105:3001/__manus__/debug-collector.js:493:12)\n    at saveEmailConfig (http://192.168.91.105:3001/src/pages/Settings.tsx:90:30)\n    at executeDispatch (http://192.168.91.105:3001/@fs/home/jhonsard/Documents/Programation/TFC/IDS-IPS-PROJECT/frontend/node_modules/.vite/deps/react-dom_client.js?v=73546cf9:13622:11)\n    at runWithFiberInDEV (http://192.168.91.105:3001/@fs/home/jhonsard/Documents/Programation/TFC/IDS-IPS-PROJECT/frontend/node_modules/.vite/deps/react-dom_client.js?v=73546cf9:997:72)\n    at processDispatchQueue (http://192.168.91.105:3001/@fs/home/jhonsard/Documents/Programation/TFC/IDS-IPS-PROJECT/frontend/node_modules/.vite/deps/react-dom_client.js?v=73546cf9:13658:37)\n    at http://192.168.91.105:3001/@fs/home/jhonsard/Documents/Programation/TFC/IDS-IPS-PROJECT/frontend/node_modules/.vite/deps/react-dom_client.js?v=73546cf9:14071:11\n    at batchedUpdates$1 (http://192.168.91.105:3001/@fs/home/jhonsard/Documents/Programation/TFC/IDS-IPS-PROJECT/frontend/node_modules/.vite/deps/react-dom_client.js?v=73546cf9:2626:42)\n    at dispatchEventForPluginEventSystem (http://192.168.91.105:3001/@fs/home/jhonsard/Documents/Programation/TFC/IDS-IPS-PROJECT/frontend/node_modules/.vite/deps/react-dom_client.js?v=73546cf9:13763:9)\n    at dispatchEvent (http://192.168.91.105:3001/@fs/home/jhonsard/Documents/Programation/TFC/IDS-IPS-PROJECT/frontend/node_modules/.vite/deps/react-dom_client.js?v=73546cf9:16784:13)\n    at dispatchDiscreteEvent (http://192.168.91.105:3001/@fs/home/jhonsard/Documents/Programation/TFC/IDS-IPS-PROJECT/frontend/node_modules/.vite/deps/react-dom_client.js?v=73546cf9:16765:62)"}],"stack":"Error\n    at console.<computed> [as error] (http://192.168.91.105:3001/__manus__/debug-collector.js:391:37)\n    at saveEmailConfig (http://192.168.91.105:3001/src/pages/Settings.tsx:113:15)"}
[2026-07-13T11:25:04.353Z] {"timestamp":1783941902895,"level":"ERROR","args":["Error saving email config:",{"type":"Error","message":"Failed to fetch","stack":"TypeError: Failed to fetch\n    at window.fetch (http://192.168.91.105:3001/__manus__/debug-collector.js:493:12)\n    at saveEmailConfig (http://192.168.91.105:3001/src/pages/Settings.tsx:90:30)\n    at executeDispatch (http://192.168.91.105:3001/@fs/home/jhonsard/Documents/Programation/TFC/IDS-IPS-PROJECT/frontend/node_modules/.vite/deps/react-dom_client.js?v=73546cf9:13622:11)\n    at runWithFiberInDEV (http://192.168.91.105:3001/@fs/home/jhonsard/Documents/Programation/TFC/IDS-IPS-PROJECT/frontend/node_modules/.vite/deps/react-dom_client.js?v=73546cf9:997:72)\n    at processDispatchQueue (http://192.168.91.105:3001/@fs/home/jhonsard/Documents/Programation/TFC/IDS-IPS-PROJECT/frontend/node_modules/.vite/deps/react-dom_client.js?v=73546cf9:13658:37)\n    at http://192.168.91.105:3001/@fs/home/jhonsard/Documents/Programation/TFC/IDS-IPS-PROJECT/frontend/node_modules/.vite/deps/react-dom_client.js?v=73546cf9:14071:11\n    at batchedUpdates$1 (http://192.168.91.105:3001/@fs/home/jhonsard/Documents/Programation/TFC/IDS-IPS-PROJECT/frontend/node_modules/.vite/deps/react-dom_client.js?v=73546cf9:2626:42)\n    at dispatchEventForPluginEventSystem (http://192.168.91.105:3001/@fs/home/jhonsard/Documents/Programation/TFC/IDS-IPS-PROJECT/frontend/node_modules/.vite/deps/react-dom_client.js?v=73546cf9:13763:9)\n    at dispatchEvent (http://192.168.91.105:3001/@fs/home/jhonsard/Documents/Programation/TFC/IDS-IPS-PROJECT/frontend/node_modules/.vite/deps/react-dom_client.js?v=73546cf9:16784:13)\n    at dispatchDiscreteEvent (http://192.168.91.105:3001/@fs/home/jhonsard/Documents/Programation/TFC/IDS-IPS-PROJECT/frontend/node_modules/.vite/deps/react-dom_client.js?v=73546cf9:16765:62)"}],"stack":"Error\n    at console.<computed> [as error] (http://192.168.91.105:3001/__manus__/debug-collector.js:391:37)\n    at saveEmailConfig (http://192.168.91.105:3001/src/pages/Settings.tsx:113:15)"}
[2026-07-13T11:25:04.353Z] {"timestamp":1783941902908,"level":"ERROR","args":["Error saving email config:",{"type":"Error","message":"Failed to fetch","stack":"TypeError: Failed to fetch\n    at window.fetch (http://192.168.91.105:3001/__manus__/debug-collector.js:493:12)\n    at saveEmailConfig (http://192.168.91.105:3001/src/pages/Settings.tsx:90:30)\n    at executeDispatch (http://192.168.91.105:3001/@fs/home/jhonsard/Documents/Programation/TFC/IDS-IPS-PROJECT/frontend/node_modules/.vite/deps/react-dom_client.js?v=73546cf9:13622:11)\n    at runWithFiberInDEV (http://192.168.91.105:3001/@fs/home/jhonsard/Documents/Programation/TFC/IDS-IPS-PROJECT/frontend/node_modules/.vite/deps/react-dom_client.js?v=73546cf9:997:72)\n    at processDispatchQueue (http://192.168.91.105:3001/@fs/home/jhonsard/Documents/Programation/TFC/IDS-IPS-PROJECT/frontend/node_modules/.vite/deps/react-dom_client.js?v=73546cf9:13658:37)\n    at http://192.168.91.105:3001/@fs/home/jhonsard/Documents/Programation/TFC/IDS-IPS-PROJECT/frontend/node_modules/.vite/deps/react-dom_client.js?v=73546cf9:14071:11\n    at batchedUpdates$1 (http://192.168.91.105:3001/@fs/home/jhonsard/Documents/Programation/TFC/IDS-IPS-PROJECT/frontend/node_modules/.vite/deps/react-dom_client.js?v=73546cf9:2626:42)\n    at dispatchEventForPluginEventSystem (http://192.168.91.105:3001/@fs/home/jhonsard/Documents/Programation/TFC/IDS-IPS-PROJECT/frontend/node_modules/.vite/deps/react-dom_client.js?v=73546cf9:13763:9)\n    at dispatchEvent (http://192.168.91.105:3001/@fs/home/jhonsard/Documents/Programation/TFC/IDS-IPS-PROJECT/frontend/node_modules/.vite/deps/react-dom_client.js?v=73546cf9:16784:13)\n    at dispatchDiscreteEvent (http://192.168.91.105:3001/@fs/home/jhonsard/Documents/Programation/TFC/IDS-IPS-PROJECT/frontend/node_modules/.vite/deps/react-dom_client.js?v=73546cf9:16765:62)"}],"stack":"Error\n    at console.<computed> [as error] (http://192.168.91.105:3001/__manus__/debug-collector.js:391:37)\n    at saveEmailConfig (http://192.168.91.105:3001/src/pages/Settings.tsx:113:15)"}
[2026-07-13T11:25:38.353Z] {"timestamp":1783941937711,"level":"ERROR","args":["Error saving email config:",{"type":"Error","message":"Failed to fetch","stack":"TypeError: Failed to fetch\n    at window.fetch (http://192.168.91.105:3001/__manus__/debug-collector.js:493:12)\n    at saveEmailConfig (http://192.168.91.105:3001/src/pages/Settings.tsx:90:30)\n    at executeDispatch (http://192.168.91.105:3001/@fs/home/jhonsard/Documents/Programation/TFC/IDS-IPS-PROJECT/frontend/node_modules/.vite/deps/react-dom_client.js?v=73546cf9:13622:11)\n    at runWithFiberInDEV (http://192.168.91.105:3001/@fs/home/jhonsard/Documents/Programation/TFC/IDS-IPS-PROJECT/frontend/node_modules/.vite/deps/react-dom_client.js?v=73546cf9:997:72)\n    at processDispatchQueue (http://192.168.91.105:3001/@fs/home/jhonsard/Documents/Programation/TFC/IDS-IPS-PROJECT/frontend/node_modules/.vite/deps/react-dom_client.js?v=73546cf9:13658:37)\n    at http://192.168.91.105:3001/@fs/home/jhonsard/Documents/Programation/TFC/IDS-IPS-PROJECT/frontend/node_modules/.vite/deps/react-dom_client.js?v=73546cf9:14071:11\n    at batchedUpdates$1 (http://192.168.91.105:3001/@fs/home/jhonsard/Documents/Programation/TFC/IDS-IPS-PROJECT/frontend/node_modules/.vite/deps/react-dom_client.js?v=73546cf9:2626:42)\n    at dispatchEventForPluginEventSystem (http://192.168.91.105:3001/@fs/home/jhonsard/Documents/Programation/TFC/IDS-IPS-PROJECT/frontend/node_modules/.vite/deps/react-dom_client.js?v=73546cf9:13763:9)\n    at dispatchEvent (http://192.168.91.105:3001/@fs/home/jhonsard/Documents/Programation/TFC/IDS-IPS-PROJECT/frontend/node_modules/.vite/deps/react-dom_client.js?v=73546cf9:16784:13)\n    at dispatchDiscreteEvent (http://192.168.91.105:3001/@fs/home/jhonsard/Documents/Programation/TFC/IDS-IPS-PROJECT/frontend/node_modules/.vite/deps/react-dom_client.js?v=73546cf9:16765:62)"}],"stack":"Error\n    at console.<computed> [as error] (http://192.168.91.105:3001/__manus__/debug-collector.js:391:37)\n    at saveEmailConfig (http://192.168.91.105:3001/src/pages/Settings.tsx:113:15)"}
[2026-07-13T11:25:38.353Z] {"timestamp":1783941937712,"level":"ERROR","args":["Error saving email config:",{"type":"Error","message":"Failed to fetch","stack":"TypeError: Failed to fetch\n    at window.fetch (http://192.168.91.105:3001/__manus__/debug-collector.js:493:12)\n    at saveEmailConfig (http://192.168.91.105:3001/src/pages/Settings.tsx:90:30)\n    at executeDispatch (http://192.168.91.105:3001/@fs/home/jhonsard/Documents/Programation/TFC/IDS-IPS-PROJECT/frontend/node_modules/.vite/deps/react-dom_client.js?v=73546cf9:13622:11)\n    at runWithFiberInDEV (http://192.168.91.105:3001/@fs/home/jhonsard/Documents/Programation/TFC/IDS-IPS-PROJECT/frontend/node_modules/.vite/deps/react-dom_client.js?v=73546cf9:997:72)\n    at processDispatchQueue (http://192.168.91.105:3001/@fs/home/jhonsard/Documents/Programation/TFC/IDS-IPS-PROJECT/frontend/node_modules/.vite/deps/react-dom_client.js?v=73546cf9:13658:37)\n    at http://192.168.91.105:3001/@fs/home/jhonsard/Documents/Programation/TFC/IDS-IPS-PROJECT/frontend/node_modules/.vite/deps/react-dom_client.js?v=73546cf9:14071:11\n    at batchedUpdates$1 (http://192.168.91.105:3001/@fs/home/jhonsard/Documents/Programation/TFC/IDS-IPS-PROJECT/frontend/node_modules/.vite/deps/react-dom_client.js?v=73546cf9:2626:42)\n    at dispatchEventForPluginEventSystem (http://192.168.91.105:3001/@fs/home/jhonsard/Documents/Programation/TFC/IDS-IPS-PROJECT/frontend/node_modules/.vite/deps/react-dom_client.js?v=73546cf9:13763:9)\n    at dispatchEvent (http://192.168.91.105:3001/@fs/home/jhonsard/Documents/Programation/TFC/IDS-IPS-PROJECT/frontend/node_modules/.vite/deps/react-dom_client.js?v=73546cf9:16784:13)\n    at dispatchDiscreteEvent (http://192.168.91.105:3001/@fs/home/jhonsard/Documents/Programation/TFC/IDS-IPS-PROJECT/frontend/node_modules/.vite/deps/react-dom_client.js?v=73546cf9:16765:62)"}],"stack":"Error\n    at console.<computed> [as error] (http://192.168.91.105:3001/__manus__/debug-collector.js:391:37)\n    at saveEmailConfig (http://192.168.91.105:3001/src/pages/Settings.tsx:113:15)"}
[2026-07-13T11:26:16.358Z] {"timestamp":1783941975372,"level":"ERROR","args":[{"type":"Error","message":"Unexpected token '<', \"<!doctype \"... is not valid JSON","stack":"SyntaxError: Unexpected token '<', \"<!doctype \"... is not valid JSON"}],"stack":"Error\n    at console.<computed> [as error] (http://192.168.91.105:3001/__manus__/debug-collector.js:391:37)\n    at fetchBanned (http://192.168.91.105:3001/src/components/BannedHosts.tsx:26:17)"}
[2026-07-13T11:27:02.354Z] {"timestamp":1783942021682,"level":"ERROR","args":["Error saving email config:",{"type":"Error","message":"Failed to fetch","stack":"TypeError: Failed to fetch\n    at window.fetch (http://192.168.91.105:3001/__manus__/debug-collector.js:493:12)\n    at saveEmailConfig (http://192.168.91.105:3001/src/pages/Settings.tsx:90:30)\n    at executeDispatch (http://192.168.91.105:3001/@fs/home/jhonsard/Documents/Programation/TFC/IDS-IPS-PROJECT/frontend/node_modules/.vite/deps/react-dom_client.js?v=73546cf9:13622:11)\n    at runWithFiberInDEV (http://192.168.91.105:3001/@fs/home/jhonsard/Documents/Programation/TFC/IDS-IPS-PROJECT/frontend/node_modules/.vite/deps/react-dom_client.js?v=73546cf9:997:72)\n    at processDispatchQueue (http://192.168.91.105:3001/@fs/home/jhonsard/Documents/Programation/TFC/IDS-IPS-PROJECT/frontend/node_modules/.vite/deps/react-dom_client.js?v=73546cf9:13658:37)\n    at http://192.168.91.105:3001/@fs/home/jhonsard/Documents/Programation/TFC/IDS-IPS-PROJECT/frontend/node_modules/.vite/deps/react-dom_client.js?v=73546cf9:14071:11\n    at batchedUpdates$1 (http://192.168.91.105:3001/@fs/home/jhonsard/Documents/Programation/TFC/IDS-IPS-PROJECT/frontend/node_modules/.vite/deps/react-dom_client.js?v=73546cf9:2626:42)\n    at dispatchEventForPluginEventSystem (http://192.168.91.105:3001/@fs/home/jhonsard/Documents/Programation/TFC/IDS-IPS-PROJECT/frontend/node_modules/.vite/deps/react-dom_client.js?v=73546cf9:13763:9)\n    at dispatchEvent (http://192.168.91.105:3001/@fs/home/jhonsard/Documents/Programation/TFC/IDS-IPS-PROJECT/frontend/node_modules/.vite/deps/react-dom_client.js?v=73546cf9:16784:13)\n    at dispatchDiscreteEvent (http://192.168.91.105:3001/@fs/home/jhonsard/Documents/Programation/TFC/IDS-IPS-PROJECT/frontend/node_modules/.vite/deps/react-dom_client.js?v=73546cf9:16765:62)"}],"stack":"Error\n    at console.<computed> [as error] (http://192.168.91.105:3001/__manus__/debug-collector.js:391:37)\n    at saveEmailConfig (http://192.168.91.105:3001/src/pages/Settings.tsx:113:15)"}
[2026-07-13T11:27:18.360Z] {"timestamp":1783942038066,"level":"ERROR","args":["Error saving email config:",{"type":"Error","message":"Failed to fetch","stack":"TypeError: Failed to fetch\n    at window.fetch (http://192.168.91.105:3001/__manus__/debug-collector.js:493:12)\n    at saveEmailConfig (http://192.168.91.105:3001/src/pages/Settings.tsx:90:30)\n    at executeDispatch (http://192.168.91.105:3001/@fs/home/jhonsard/Documents/Programation/TFC/IDS-IPS-PROJECT/frontend/node_modules/.vite/deps/react-dom_client.js?v=73546cf9:13622:11)\n    at runWithFiberInDEV (http://192.168.91.105:3001/@fs/home/jhonsard/Documents/Programation/TFC/IDS-IPS-PROJECT/frontend/node_modules/.vite/deps/react-dom_client.js?v=73546cf9:997:72)\n    at processDispatchQueue (http://192.168.91.105:3001/@fs/home/jhonsard/Documents/Programation/TFC/IDS-IPS-PROJECT/frontend/node_modules/.vite/deps/react-dom_client.js?v=73546cf9:13658:37)\n    at http://192.168.91.105:3001/@fs/home/jhonsard/Documents/Programation/TFC/IDS-IPS-PROJECT/frontend/node_modules/.vite/deps/react-dom_client.js?v=73546cf9:14071:11\n    at batchedUpdates$1 (http://192.168.91.105:3001/@fs/home/jhonsard/Documents/Programation/TFC/IDS-IPS-PROJECT/frontend/node_modules/.vite/deps/react-dom_client.js?v=73546cf9:2626:42)\n    at dispatchEventForPluginEventSystem (http://192.168.91.105:3001/@fs/home/jhonsard/Documents/Programation/TFC/IDS-IPS-PROJECT/frontend/node_modules/.vite/deps/react-dom_client.js?v=73546cf9:13763:9)\n    at dispatchEvent (http://192.168.91.105:3001/@fs/home/jhonsard/Documents/Programation/TFC/IDS-IPS-PROJECT/frontend/node_modules/.vite/deps/react-dom_client.js?v=73546cf9:16784:13)\n    at dispatchDiscreteEvent (http://192.168.91.105:3001/@fs/home/jhonsard/Documents/Programation/TFC/IDS-IPS-PROJECT/frontend/node_modules/.vite/deps/react-dom_client.js?v=73546cf9:16765:62)"}],"stack":"Error\n    at console.<computed> [as error] (http://192.168.91.105:3001/__manus__/debug-collector.js:391:37)\n    at saveEmailConfig (http://192.168.91.105:3001/src/pages/Settings.tsx:113:15)"}
[2026-07-13T11:27:18.360Z] {"timestamp":1783942038067,"level":"ERROR","args":["Error saving email config:",{"type":"Error","message":"Failed to fetch","stack":"TypeError: Failed to fetch\n    at window.fetch (http://192.168.91.105:3001/__manus__/debug-collector.js:493:12)\n    at saveEmailConfig (http://192.168.91.105:3001/src/pages/Settings.tsx:90:30)\n    at executeDispatch (http://192.168.91.105:3001/@fs/home/jhonsard/Documents/Programation/TFC/IDS-IPS-PROJECT/frontend/node_modules/.vite/deps/react-dom_client.js?v=73546cf9:13622:11)\n    at runWithFiberInDEV (http://192.168.91.105:3001/@fs/home/jhonsard/Documents/Programation/TFC/IDS-IPS-PROJECT/frontend/node_modules/.vite/deps/react-dom_client.js?v=73546cf9:997:72)\n    at processDispatchQueue (http://192.168.91.105:3001/@fs/home/jhonsard/Documents/Programation/TFC/IDS-IPS-PROJECT/frontend/node_modules/.vite/deps/react-dom_client.js?v=73546cf9:13658:37)\n    at http://192.168.91.105:3001/@fs/home/jhonsard/Documents/Programation/TFC/IDS-IPS-PROJECT/frontend/node_modules/.vite/deps/react-dom_client.js?v=73546cf9:14071:11\n    at batchedUpdates$1 (http://192.168.91.105:3001/@fs/home/jhonsard/Documents/Programation/TFC/IDS-IPS-PROJECT/frontend/node_modules/.vite/deps/react-dom_client.js?v=73546cf9:2626:42)\n    at dispatchEventForPluginEventSystem (http://192.168.91.105:3001/@fs/home/jhonsard/Documents/Programation/TFC/IDS-IPS-PROJECT/frontend/node_modules/.vite/deps/react-dom_client.js?v=73546cf9:13763:9)\n    at dispatchEvent (http://192.168.91.105:3001/@fs/home/jhonsard/Documents/Programation/TFC/IDS-IPS-PROJECT/frontend/node_modules/.vite/deps/react-dom_client.js?v=73546cf9:16784:13)\n    at dispatchDiscreteEvent (http://192.168.91.105:3001/@fs/home/jhonsard/Documents/Programation/TFC/IDS-IPS-PROJECT/frontend/node_modules/.vite/deps/react-dom_client.js?v=73546cf9:16765:62)"}],"stack":"Error\n    at console.<computed> [as error] (http://192.168.91.105:3001/__manus__/debug-collector.js:391:37)\n    at saveEmailConfig (http://192.168.91.105:3001/src/pages/Settings.tsx:113:15)"}
[2026-07-13T11:27:18.360Z] {"timestamp":1783942038068,"level":"ERROR","args":["Error saving email config:",{"type":"Error","message":"Failed to fetch","stack":"TypeError: Failed to fetch\n    at window.fetch (http://192.168.91.105:3001/__manus__/debug-collector.js:493:12)\n    at saveEmailConfig (http://192.168.91.105:3001/src/pages/Settings.tsx:90:30)\n    at executeDispatch (http://192.168.91.105:3001/@fs/home/jhonsard/Documents/Programation/TFC/IDS-IPS-PROJECT/frontend/node_modules/.vite/deps/react-dom_client.js?v=73546cf9:13622:11)\n    at runWithFiberInDEV (http://192.168.91.105:3001/@fs/home/jhonsard/Documents/Programation/TFC/IDS-IPS-PROJECT/frontend/node_modules/.vite/deps/react-dom_client.js?v=73546cf9:997:72)\n    at processDispatchQueue (http://192.168.91.105:3001/@fs/home/jhonsard/Documents/Programation/TFC/IDS-IPS-PROJECT/frontend/node_modules/.vite/deps/react-dom_client.js?v=73546cf9:13658:37)\n    at http://192.168.91.105:3001/@fs/home/jhonsard/Documents/Programation/TFC/IDS-IPS-PROJECT/frontend/node_modules/.vite/deps/react-dom_client.js?v=73546cf9:14071:11\n    at batchedUpdates$1 (http://192.168.91.105:3001/@fs/home/jhonsard/Documents/Programation/TFC/IDS-IPS-PROJECT/frontend/node_modules/.vite/deps/react-dom_client.js?v=73546cf9:2626:42)\n    at dispatchEventForPluginEventSystem (http://192.168.91.105:3001/@fs/home/jhonsard/Documents/Programation/TFC/IDS-IPS-PROJECT/frontend/node_modules/.vite/deps/react-dom_client.js?v=73546cf9:13763:9)\n    at dispatchEvent (http://192.168.91.105:3001/@fs/home/jhonsard/Documents/Programation/TFC/IDS-IPS-PROJECT/frontend/node_modules/.vite/deps/react-dom_client.js?v=73546cf9:16784:13)\n    at dispatchDiscreteEvent (http://192.168.91.105:3001/@fs/home/jhonsard/Documents/Programation/TFC/IDS-IPS-PROJECT/frontend/node_modules/.vite/deps/react-dom_client.js?v=73546cf9:16765:62)"}],"stack":"Error\n    at console.<computed> [as error] (http://192.168.91.105:3001/__manus__/debug-collector.js:391:37)\n    at saveEmailConfig (http://192.168.91.105:3001/src/pages/Settings.tsx:113:15)"}
[2026-07-13T11:27:54.353Z] {"timestamp":1783942072879,"level":"ERROR","args":["Error saving email config:",{"type":"Error","message":"Failed to fetch","stack":"TypeError: Failed to fetch\n    at window.fetch (http://192.168.91.105:3001/__manus__/debug-collector.js:493:12)\n    at saveEmailConfig (http://192.168.91.105:3001/src/pages/Settings.tsx:90:30)\n    at executeDispatch (http://192.168.91.105:3001/@fs/home/jhonsard/Documents/Programation/TFC/IDS-IPS-PROJECT/frontend/node_modules/.vite/deps/react-dom_client.js?v=73546cf9:13622:11)\n    at runWithFiberInDEV (http://192.168.91.105:3001/@fs/home/jhonsard/Documents/Programation/TFC/IDS-IPS-PROJECT/frontend/node_modules/.vite/deps/react-dom_client.js?v=73546cf9:997:72)\n    at processDispatchQueue (http://192.168.91.105:3001/@fs/home/jhonsard/Documents/Programation/TFC/IDS-IPS-PROJECT/frontend/node_modules/.vite/deps/react-dom_client.js?v=73546cf9:13658:37)\n    at http://192.168.91.105:3001/@fs/home/jhonsard/Documents/Programation/TFC/IDS-IPS-PROJECT/frontend/node_modules/.vite/deps/react-dom_client.js?v=73546cf9:14071:11\n    at batchedUpdates$1 (http://192.168.91.105:3001/@fs/home/jhonsard/Documents/Programation/TFC/IDS-IPS-PROJECT/frontend/node_modules/.vite/deps/react-dom_client.js?v=73546cf9:2626:42)\n    at dispatchEventForPluginEventSystem (http://192.168.91.105:3001/@fs/home/jhonsard/Documents/Programation/TFC/IDS-IPS-PROJECT/frontend/node_modules/.vite/deps/react-dom_client.js?v=73546cf9:13763:9)\n    at dispatchEvent (http://192.168.91.105:3001/@fs/home/jhonsard/Documents/Programation/TFC/IDS-IPS-PROJECT/frontend/node_modules/.vite/deps/react-dom_client.js?v=73546cf9:16784:13)\n    at dispatchDiscreteEvent (http://192.168.91.105:3001/@fs/home/jhonsard/Documents/Programation/TFC/IDS-IPS-PROJECT/frontend/node_modules/.vite/deps/react-dom_client.js?v=73546cf9:16765:62)"}],"stack":"Error\n    at console.<computed> [as error] (http://192.168.91.105:3001/__manus__/debug-collector.js:391:37)\n    at saveEmailConfig (http://192.168.91.105:3001/src/pages/Settings.tsx:113:15)"}
[2026-07-13T11:27:54.353Z] {"timestamp":1783942072880,"level":"ERROR","args":["Error fetching email config:",{"type":"Error","message":"Failed to fetch","stack":"TypeError: Failed to fetch\n    at window.fetch (http://192.168.91.105:3001/__manus__/debug-collector.js:493:12)\n    at fetchEmailConfig (http://192.168.91.105:3001/src/pages/Settings.tsx:62:30)\n    at executeDispatch (http://192.168.91.105:3001/@fs/home/jhonsard/Documents/Programation/TFC/IDS-IPS-PROJECT/frontend/node_modules/.vite/deps/react-dom_client.js?v=73546cf9:13622:11)\n    at runWithFiberInDEV (http://192.168.91.105:3001/@fs/home/jhonsard/Documents/Programation/TFC/IDS-IPS-PROJECT/frontend/node_modules/.vite/deps/react-dom_client.js?v=73546cf9:997:72)\n    at processDispatchQueue (http://192.168.91.105:3001/@fs/home/jhonsard/Documents/Programation/TFC/IDS-IPS-PROJECT/frontend/node_modules/.vite/deps/react-dom_client.js?v=73546cf9:13658:37)\n    at http://192.168.91.105:3001/@fs/home/jhonsard/Documents/Programation/TFC/IDS-IPS-PROJECT/frontend/node_modules/.vite/deps/react-dom_client.js?v=73546cf9:14071:11\n    at batchedUpdates$1 (http://192.168.91.105:3001/@fs/home/jhonsard/Documents/Programation/TFC/IDS-IPS-PROJECT/frontend/node_modules/.vite/deps/react-dom_client.js?v=73546cf9:2626:42)\n    at dispatchEventForPluginEventSystem (http://192.168.91.105:3001/@fs/home/jhonsard/Documents/Programation/TFC/IDS-IPS-PROJECT/frontend/node_modules/.vite/deps/react-dom_client.js?v=73546cf9:13763:9)\n    at dispatchEvent (http://192.168.91.105:3001/@fs/home/jhonsard/Documents/Programation/TFC/IDS-IPS-PROJECT/frontend/node_modules/.vite/deps/react-dom_client.js?v=73546cf9:16784:13)\n    at dispatchDiscreteEvent (http://192.168.91.105:3001/@fs/home/jhonsard/Documents/Programation/TFC/IDS-IPS-PROJECT/frontend/node_modules/.vite/deps/react-dom_client.js?v=73546cf9:16765:62)"}],"stack":"Error\n    at console.<computed> [as error] (http://192.168.91.105:3001/__manus__/debug-collector.js:391:37)\n    at fetchEmailConfig (http://192.168.91.105:3001/src/pages/Settings.tsx:82:15)"}
[2026-07-13T11:28:56.319Z] {"timestamp":1783942134312,"level":"DEBUG","args":["[Manus] Debug collector initialized (no rrweb, UI events only)"],"stack":null}
[2026-07-13T11:28:56.319Z] {"timestamp":1783942134326,"level":"DEBUG","args":["[vite] connected."],"stack":null}
[2026-07-13T11:28:56.319Z] {"timestamp":1783942135337,"level":"INFO","args":["%cDownload the React DevTools for a better development experience: https://react.dev/link/react-devtools","font-weight:bold"],"stack":null}
[2026-07-13T11:28:56.319Z] {"timestamp":1783942136007,"level":"ERROR","args":["Échec de synchronisation avec l'historique permanent de la BDD."],"stack":"Error\n    at console.<computed> [as error] (http://192.168.91.105:3001/__manus__/debug-collector.js:391:37)\n    at fetchAlertsHistory (http://192.168.91.105:3001/src/components/SidebarLayout.tsx:52:19)"}
[2026-07-13T11:29:18.316Z] {"timestamp":1783942156536,"level":"ERROR","args":[{"type":"Error","message":"Unexpected token '<', \"<!doctype \"... is not valid JSON","stack":"SyntaxError: Unexpected token '<', \"<!doctype \"... is not valid JSON"}],"stack":"Error\n    at console.<computed> [as error] (http://192.168.91.105:3001/__manus__/debug-collector.js:391:37)\n    at fetchBanned (http://192.168.91.105:3001/src/components/BannedHosts.tsx:26:17)"}
[2026-07-13T11:31:34.315Z] {"timestamp":1783942294064,"level":"ERROR","args":["Error fetching hierarchy:",{"type":"Error","message":"Failed to fetch","stack":"TypeError: Failed to fetch\n    at window.fetch (http://192.168.91.105:3001/__manus__/debug-collector.js:493:12)\n    at fetchHierarchy (http://192.168.91.105:3001/src/pages/NodesManagement.tsx:21:30)\n    at http://192.168.91.105:3001/src/pages/NodesManagement.tsx:142:5\n    at Object.react_stack_bottom_frame (http://192.168.91.105:3001/@fs/home/jhonsard/Documents/Programation/TFC/IDS-IPS-PROJECT/frontend/node_modules/.vite/deps/react-dom_client.js?v=73546cf9:18567:20)\n    at runWithFiberInDEV (http://192.168.91.105:3001/@fs/home/jhonsard/Documents/Programation/TFC/IDS-IPS-PROJECT/frontend/node_modules/.vite/deps/react-dom_client.js?v=73546cf9:997:72)\n    at commitHookEffectListMount (http://192.168.91.105:3001/@fs/home/jhonsard/Documents/Programation/TFC/IDS-IPS-PROJECT/frontend/node_modules/.vite/deps/react-dom_client.js?v=73546cf9:9411:163)\n    at commitHookPassiveMountEffects (http://192.168.91.105:3001/@fs/home/jhonsard/Documents/Programation/TFC/IDS-IPS-PROJECT/frontend/node_modules/.vite/deps/react-dom_client.js?v=73546cf9:9465:60)\n    at commitPassiveMountOnFiber (http://192.168.91.105:3001/@fs/home/jhonsard/Documents/Programation/TFC/IDS-IPS-PROJECT/frontend/node_modules/.vite/deps/react-dom_client.js?v=73546cf9:11040:29)\n    at recursivelyTraversePassiveMountEffects (http://192.168.91.105:3001/@fs/home/jhonsard/Documents/Programation/TFC/IDS-IPS-PROJECT/frontend/node_modules/.vite/deps/react-dom_client.js?v=73546cf9:11010:13)\n    at commitPassiveMountOnFiber (http://192.168.91.105:3001/@fs/home/jhonsard/Documents/Programation/TFC/IDS-IPS-PROJECT/frontend/node_modules/.vite/deps/react-dom_client.js?v=73546cf9:11201:13)"}],"stack":"Error\n    at console.<computed> [as error] (http://192.168.91.105:3001/__manus__/debug-collector.js:391:37)\n    at fetchHierarchy (http://192.168.91.105:3001/src/pages/NodesManagement.tsx:33:15)"}
[2026-07-13T11:31:50.315Z] {"timestamp":1783942308401,"level":"ERROR","args":["Error fetching stats:",{"type":"Error","message":"Failed to fetch","stack":"TypeError: Failed to fetch\n    at window.fetch (http://192.168.91.105:3001/__manus__/debug-collector.js:493:12)\n    at fetchAggregatedStats (http://192.168.91.105:3001/src/pages/NodesManagement.tsx:42:30)\n    at http://192.168.91.105:3001/src/pages/NodesManagement.tsx:143:5\n    at Object.react_stack_bottom_frame (http://192.168.91.105:3001/@fs/home/jhonsard/Documents/Programation/TFC/IDS-IPS-PROJECT/frontend/node_modules/.vite/deps/react-dom_client.js?v=73546cf9:18567:20)\n    at runWithFiberInDEV (http://192.168.91.105:3001/@fs/home/jhonsard/Documents/Programation/TFC/IDS-IPS-PROJECT/frontend/node_modules/.vite/deps/react-dom_client.js?v=73546cf9:997:72)\n    at commitHookEffectListMount (http://192.168.91.105:3001/@fs/home/jhonsard/Documents/Programation/TFC/IDS-IPS-PROJECT/frontend/node_modules/.vite/deps/react-dom_client.js?v=73546cf9:9411:163)\n    at commitHookPassiveMountEffects (http://192.168.91.105:3001/@fs/home/jhonsard/Documents/Programation/TFC/IDS-IPS-PROJECT/frontend/node_modules/.vite/deps/react-dom_client.js?v=73546cf9:9465:60)\n    at commitPassiveMountOnFiber (http://192.168.91.105:3001/@fs/home/jhonsard/Documents/Programation/TFC/IDS-IPS-PROJECT/frontend/node_modules/.vite/deps/react-dom_client.js?v=73546cf9:11040:29)\n    at recursivelyTraversePassiveMountEffects (http://192.168.91.105:3001/@fs/home/jhonsard/Documents/Programation/TFC/IDS-IPS-PROJECT/frontend/node_modules/.vite/deps/react-dom_client.js?v=73546cf9:11010:13)\n    at commitPassiveMountOnFiber (http://192.168.91.105:3001/@fs/home/jhonsard/Documents/Programation/TFC/IDS-IPS-PROJECT/frontend/node_modules/.vite/deps/react-dom_client.js?v=73546cf9:11201:13)"}],"stack":"Error\n    at console.<computed> [as error] (http://192.168.91.105:3001/__manus__/debug-collector.js:391:37)\n    at fetchAggregatedStats (http://192.168.91.105:3001/src/pages/NodesManagement.tsx:54:15)"}
[2026-07-13T11:31:50.315Z] {"timestamp":1783942308402,"level":"ERROR","args":["Error fetching email config:",{"type":"Error","message":"Failed to fetch","stack":"TypeError: Failed to fetch\n    at window.fetch (http://192.168.91.105:3001/__manus__/debug-collector.js:493:12)\n    at fetchEmailConfig (http://192.168.91.105:3001/src/pages/Settings.tsx:62:30)\n    at http://192.168.91.105:3001/src/pages/Settings.tsx:142:5\n    at Object.react_stack_bottom_frame (http://192.168.91.105:3001/@fs/home/jhonsard/Documents/Programation/TFC/IDS-IPS-PROJECT/frontend/node_modules/.vite/deps/react-dom_client.js?v=73546cf9:18567:20)\n    at runWithFiberInDEV (http://192.168.91.105:3001/@fs/home/jhonsard/Documents/Programation/TFC/IDS-IPS-PROJECT/frontend/node_modules/.vite/deps/react-dom_client.js?v=73546cf9:997:72)\n    at commitHookEffectListMount (http://192.168.91.105:3001/@fs/home/jhonsard/Documents/Programation/TFC/IDS-IPS-PROJECT/frontend/node_modules/.vite/deps/react-dom_client.js?v=73546cf9:9411:163)\n    at commitHookPassiveMountEffects (http://192.168.91.105:3001/@fs/home/jhonsard/Documents/Programation/TFC/IDS-IPS-PROJECT/frontend/node_modules/.vite/deps/react-dom_client.js?v=73546cf9:9465:60)\n    at commitPassiveMountOnFiber (http://192.168.91.105:3001/@fs/home/jhonsard/Documents/Programation/TFC/IDS-IPS-PROJECT/frontend/node_modules/.vite/deps/react-dom_client.js?v=73546cf9:11040:29)\n    at recursivelyTraversePassiveMountEffects (http://192.168.91.105:3001/@fs/home/jhonsard/Documents/Programation/TFC/IDS-IPS-PROJECT/frontend/node_modules/.vite/deps/react-dom_client.js?v=73546cf9:11010:13)\n    at commitPassiveMountOnFiber (http://192.168.91.105:3001/@fs/home/jhonsard/Documents/Programation/TFC/IDS-IPS-PROJECT/frontend/node_modules/.vite/deps/react-dom_client.js?v=73546cf9:11201:13)"}],"stack":"Error\n    at console.<computed> [as error] (http://192.168.91.105:3001/__manus__/debug-collector.js:391:37)\n    at fetchEmailConfig (http://192.168.91.105:3001/src/pages/Settings.tsx:82:15)"}
[2026-07-29T14:53:11.139Z] {"timestamp":1785336789128,"level":"DEBUG","args":["[Manus] Debug collector initialized (no rrweb, UI events only)"],"stack":null}
[2026-07-29T14:53:11.139Z] {"timestamp":1785336789210,"level":"DEBUG","args":["[vite] connected."],"stack":null}
[2026-07-29T14:53:13.906Z] {"timestamp":1785336792144,"level":"INFO","args":["%cDownload the React DevTools for a better development experience: https://react.dev/link/react-devtools","font-weight:bold"],"stack":null}
[2026-07-29T14:53:17.132Z] {"timestamp":1785336795776,"level":"ERROR","args":["Échec de synchronisation avec l'historique permanent de la BDD."],"stack":"Error\n    at console.<computed> [as error] (http://localhost:3000/__manus__/debug-collector.js:391:37)\n    at fetchAlertsHistory (http://localhost:3000/src/components/SidebarLayout.tsx:52:19)"}
[2026-07-29T14:54:07.134Z] {"timestamp":1785336845213,"level":"ERROR","args":[{"type":"Error","message":"Unexpected token '<', \"<!doctype \"... is not valid JSON","stack":"SyntaxError: Unexpected token '<', \"<!doctype \"... is not valid JSON"}],"stack":"Error\n    at console.<computed> [as error] (http://localhost:3000/__manus__/debug-collector.js:391:37)\n    at fetchBanned (http://localhost:3000/src/components/BannedHosts.tsx:26:17)"}
[2026-07-29T15:02:51.132Z] {"timestamp":1785337369716,"level":"ERROR","args":[{"type":"Error","message":"Unexpected token '<', \"<!doctype \"... is not valid JSON","stack":"SyntaxError: Unexpected token '<', \"<!doctype \"... is not valid JSON"}],"stack":"Error\n    at console.<computed> [as error] (http://localhost:3000/__manus__/debug-collector.js:391:37)\n    at fetchBanned (http://localhost:3000/src/components/BannedHosts.tsx:26:17)"}
[2026-08-26T00:26:21.001Z] {"timestamp":1787703977819,"level":"DEBUG","args":["[Manus] Debug collector initialized (no rrweb, UI events only)"],"stack":null}
[2026-08-26T00:26:21.001Z] {"timestamp":1787703977837,"level":"DEBUG","args":["[vite] connected."],"stack":null}
[2026-08-26T00:26:23.823Z] {"timestamp":1787703982745,"level":"INFO","args":["%cDownload the React DevTools for a better development experience: https://react.dev/link/react-devtools","font-weight:bold"],"stack":null}
[2026-08-26T00:26:23.823Z] {"timestamp":1787703983602,"level":"ERROR","args":["Erreur d'historique:",{"type":"Error","message":"Failed to fetch","stack":"TypeError: Failed to fetch\n    at window.fetch (http://localhost:3000/__manus__/debug-collector.js:493:12)\n    at fetchHistory (http://localhost:3000/src/components/TrafficAttackChart.tsx:14:32)\n    at http://localhost:3000/src/components/TrafficAttackChart.tsx:25:5\n    at Object.react_stack_bottom_frame (http://localhost:3000/@fs/home/jhonsard/Documents/Programation/TFC/IDS-IPS-PROJECT/frontend/node_modules/.vite/deps/react-dom_client.js?v=73546cf9:18567:20)\n    at runWithFiberInDEV (http://localhost:3000/@fs/home/jhonsard/Documents/Programation/TFC/IDS-IPS-PROJECT/frontend/node_modules/.vite/deps/react-dom_client.js?v=73546cf9:997:72)\n    at commitHookEffectListMount (http://localhost:3000/@fs/home/jhonsard/Documents/Programation/TFC/IDS-IPS-PROJECT/frontend/node_modules/.vite/deps/react-dom_client.js?v=73546cf9:9411:163)\n    at commitHookPassiveMountEffects (http://localhost:3000/@fs/home/jhonsard/Documents/Programation/TFC/IDS-IPS-PROJECT/frontend/node_modules/.vite/deps/react-dom_client.js?v=73546cf9:9465:60)\n    at commitPassiveMountOnFiber (http://localhost:3000/@fs/home/jhonsard/Documents/Programation/TFC/IDS-IPS-PROJECT/frontend/node_modules/.vite/deps/react-dom_client.js?v=73546cf9:11040:29)\n    at recursivelyTraversePassiveMountEffects (http://localhost:3000/@fs/home/jhonsard/Documents/Programation/TFC/IDS-IPS-PROJECT/frontend/node_modules/.vite/deps/react-dom_client.js?v=73546cf9:11010:13)\n    at commitPassiveMountOnFiber (http://localhost:3000/@fs/home/jhonsard/Documents/Programation/TFC/IDS-IPS-PROJECT/frontend/node_modules/.vite/deps/react-dom_client.js?v=73546cf9:11201:13)"}],"stack":"Error\n    at console.<computed> [as error] (http://localhost:3000/__manus__/debug-collector.js:391:37)\n    at fetchHistory (http://localhost:3000/src/components/TrafficAttackChart.tsx:20:17)"}
[2026-08-26T00:26:23.823Z] {"timestamp":1787703983609,"level":"ERROR","args":["Erreur réseau lors du chargement de l'historique permanent:",{"type":"Error","message":"Failed to fetch","stack":"TypeError: Failed to fetch\n    at window.fetch (http://localhost:3000/__manus__/debug-collector.js:493:12)\n    at fetchAlertsHistory (http://localhost:3000/src/components/SidebarLayout.tsx:41:32)\n    at http://localhost:3000/src/components/SidebarLayout.tsx:58:5\n    at Object.react_stack_bottom_frame (http://localhost:3000/@fs/home/jhonsard/Documents/Programation/TFC/IDS-IPS-PROJECT/frontend/node_modules/.vite/deps/react-dom_client.js?v=73546cf9:18567:20)\n    at runWithFiberInDEV (http://localhost:3000/@fs/home/jhonsard/Documents/Programation/TFC/IDS-IPS-PROJECT/frontend/node_modules/.vite/deps/react-dom_client.js?v=73546cf9:997:72)\n    at commitHookEffectListMount (http://localhost:3000/@fs/home/jhonsard/Documents/Programation/TFC/IDS-IPS-PROJECT/frontend/node_modules/.vite/deps/react-dom_client.js?v=73546cf9:9411:163)\n    at commitHookPassiveMountEffects (http://localhost:3000/@fs/home/jhonsard/Documents/Programation/TFC/IDS-IPS-PROJECT/frontend/node_modules/.vite/deps/react-dom_client.js?v=73546cf9:9465:60)\n    at commitPassiveMountOnFiber (http://localhost:3000/@fs/home/jhonsard/Documents/Programation/TFC/IDS-IPS-PROJECT/frontend/node_modules/.vite/deps/react-dom_client.js?v=73546cf9:11040:29)\n    at recursivelyTraversePassiveMountEffects (http://localhost:3000/@fs/home/jhonsard/Documents/Programation/TFC/IDS-IPS-PROJECT/frontend/node_modules/.vite/deps/react-dom_client.js?v=73546cf9:11010:13)\n    at commitPassiveMountOnFiber (http://localhost:3000/@fs/home/jhonsard/Documents/Programation/TFC/IDS-IPS-PROJECT/frontend/node_modules/.vite/deps/react-dom_client.js?v=73546cf9:11033:13)"}],"stack":"Error\n    at console.<computed> [as error] (http://localhost:3000/__manus__/debug-collector.js:391:37)\n    at fetchAlertsHistory (http://localhost:3000/src/components/SidebarLayout.tsx:55:17)"}
[2026-08-26T00:26:23.823Z] {"timestamp":1787703983610,"level":"ERROR","args":["Failed to fetch history",{"type":"Error","message":"Failed to fetch","stack":"TypeError: Failed to fetch\n    at window.fetch (http://localhost:3000/__manus__/debug-collector.js:493:12)\n    at fetchHistory (http://localhost:3000/src/components/SidebarLayout.tsx:63:27)\n    at http://localhost:3000/src/components/SidebarLayout.tsx:88:5\n    at Object.react_stack_bottom_frame (http://localhost:3000/@fs/home/jhonsard/Documents/Programation/TFC/IDS-IPS-PROJECT/frontend/node_modules/.vite/deps/react-dom_client.js?v=73546cf9:18567:20)\n    at runWithFiberInDEV (http://localhost:3000/@fs/home/jhonsard/Documents/Programation/TFC/IDS-IPS-PROJECT/frontend/node_modules/.vite/deps/react-dom_client.js?v=73546cf9:997:72)\n    at commitHookEffectListMount (http://localhost:3000/@fs/home/jhonsard/Documents/Programation/TFC/IDS-IPS-PROJECT/frontend/node_modules/.vite/deps/react-dom_client.js?v=73546cf9:9411:163)\n    at commitHookPassiveMountEffects (http://localhost:3000/@fs/home/jhonsard/Documents/Programation/TFC/IDS-IPS-PROJECT/frontend/node_modules/.vite/deps/react-dom_client.js?v=73546cf9:9465:60)\n    at commitPassiveMountOnFiber (http://localhost:3000/@fs/home/jhonsard/Documents/Programation/TFC/IDS-IPS-PROJECT/frontend/node_modules/.vite/deps/react-dom_client.js?v=73546cf9:11040:29)\n    at recursivelyTraversePassiveMountEffects (http://localhost:3000/@fs/home/jhonsard/Documents/Programation/TFC/IDS-IPS-PROJECT/frontend/node_modules/.vite/deps/react-dom_client.js?v=73546cf9:11010:13)\n    at commitPassiveMountOnFiber (http://localhost:3000/@fs/home/jhonsard/Documents/Programation/TFC/IDS-IPS-PROJECT/frontend/node_modules/.vite/deps/react-dom_client.js?v=73546cf9:11033:13)"}],"stack":"Error\n    at console.<computed> [as error] (http://localhost:3000/__manus__/debug-collector.js:391:37)\n    at fetchHistory (http://localhost:3000/src/components/SidebarLayout.tsx:85:17)"}
[2026-08-26T00:27:13.822Z] {"timestamp":1787704032166,"level":"ERROR","args":["Error fetching logs:",{"type":"Error","message":"Failed to fetch","stack":"TypeError: Failed to fetch\n    at window.fetch (http://localhost:3000/__manus__/debug-collector.js:493:12)\n    at fetchLogs (http://localhost:3000/src/pages/LogsManagement.tsx:29:37)\n    at http://localhost:3000/src/pages/LogsManagement.tsx:76:5\n    at Object.react_stack_bottom_frame (http://localhost:3000/@fs/home/jhonsard/Documents/Programation/TFC/IDS-IPS-PROJECT/frontend/node_modules/.vite/deps/react-dom_client.js?v=73546cf9:18567:20)\n    at runWithFiberInDEV (http://localhost:3000/@fs/home/jhonsard/Documents/Programation/TFC/IDS-IPS-PROJECT/frontend/node_modules/.vite/deps/react-dom_client.js?v=73546cf9:997:72)\n    at commitHookEffectListMount (http://localhost:3000/@fs/home/jhonsard/Documents/Programation/TFC/IDS-IPS-PROJECT/frontend/node_modules/.vite/deps/react-dom_client.js?v=73546cf9:9411:163)\n    at commitHookPassiveMountEffects (http://localhost:3000/@fs/home/jhonsard/Documents/Programation/TFC/IDS-IPS-PROJECT/frontend/node_modules/.vite/deps/react-dom_client.js?v=73546cf9:9465:60)\n    at commitPassiveMountOnFiber (http://localhost:3000/@fs/home/jhonsard/Documents/Programation/TFC/IDS-IPS-PROJECT/frontend/node_modules/.vite/deps/react-dom_client.js?v=73546cf9:11040:29)\n    at recursivelyTraversePassiveMountEffects (http://localhost:3000/@fs/home/jhonsard/Documents/Programation/TFC/IDS-IPS-PROJECT/frontend/node_modules/.vite/deps/react-dom_client.js?v=73546cf9:11010:13)\n    at commitPassiveMountOnFiber (http://localhost:3000/@fs/home/jhonsard/Documents/Programation/TFC/IDS-IPS-PROJECT/frontend/node_modules/.vite/deps/react-dom_client.js?v=73546cf9:11033:13)"}],"stack":"Error\n    at console.<computed> [as error] (http://localhost:3000/__manus__/debug-collector.js:391:37)\n    at fetchLogs (http://localhost:3000/src/pages/LogsManagement.tsx:70:15)"}
[2026-08-26T00:27:19.825Z] {"timestamp":1787704039563,"level":"ERROR","args":["Erreur d'historique:",{"type":"Error","message":"Failed to fetch","stack":"TypeError: Failed to fetch\n    at window.fetch (http://localhost:3000/__manus__/debug-collector.js:493:12)\n    at fetchHistory (http://localhost:3000/src/components/TrafficAttackChart.tsx:14:32)\n    at http://localhost:3000/src/components/TrafficAttackChart.tsx:25:5\n    at Object.react_stack_bottom_frame (http://localhost:3000/@fs/home/jhonsard/Documents/Programation/TFC/IDS-IPS-PROJECT/frontend/node_modules/.vite/deps/react-dom_client.js?v=73546cf9:18567:20)\n    at runWithFiberInDEV (http://localhost:3000/@fs/home/jhonsard/Documents/Programation/TFC/IDS-IPS-PROJECT/frontend/node_modules/.vite/deps/react-dom_client.js?v=73546cf9:997:72)\n    at commitHookEffectListMount (http://localhost:3000/@fs/home/jhonsard/Documents/Programation/TFC/IDS-IPS-PROJECT/frontend/node_modules/.vite/deps/react-dom_client.js?v=73546cf9:9411:163)\n    at commitHookPassiveMountEffects (http://localhost:3000/@fs/home/jhonsard/Documents/Programation/TFC/IDS-IPS-PROJECT/frontend/node_modules/.vite/deps/react-dom_client.js?v=73546cf9:9465:60)\n    at commitPassiveMountOnFiber (http://localhost:3000/@fs/home/jhonsard/Documents/Programation/TFC/IDS-IPS-PROJECT/frontend/node_modules/.vite/deps/react-dom_client.js?v=73546cf9:11040:29)\n    at recursivelyTraversePassiveMountEffects (http://localhost:3000/@fs/home/jhonsard/Documents/Programation/TFC/IDS-IPS-PROJECT/frontend/node_modules/.vite/deps/react-dom_client.js?v=73546cf9:11010:13)\n    at commitPassiveMountOnFiber (http://localhost:3000/@fs/home/jhonsard/Documents/Programation/TFC/IDS-IPS-PROJECT/frontend/node_modules/.vite/deps/react-dom_client.js?v=73546cf9:11201:13)"}],"stack":"Error\n    at console.<computed> [as error] (http://localhost:3000/__manus__/debug-collector.js:391:37)\n    at fetchHistory (http://localhost:3000/src/components/TrafficAttackChart.tsx:20:17)"}
[2026-08-26T00:27:19.825Z] {"timestamp":1787704039565,"level":"ERROR","args":["Failed to fetch history",{"type":"Error","message":"Failed to fetch","stack":"TypeError: Failed to fetch\n    at window.fetch (http://localhost:3000/__manus__/debug-collector.js:493:12)\n    at fetchHistory (http://localhost:3000/src/components/SidebarLayout.tsx:63:27)\n    at http://localhost:3000/src/components/SidebarLayout.tsx:88:5\n    at Object.react_stack_bottom_frame (http://localhost:3000/@fs/home/jhonsard/Documents/Programation/TFC/IDS-IPS-PROJECT/frontend/node_modules/.vite/deps/react-dom_client.js?v=73546cf9:18567:20)\n    at runWithFiberInDEV (http://localhost:3000/@fs/home/jhonsard/Documents/Programation/TFC/IDS-IPS-PROJECT/frontend/node_modules/.vite/deps/react-dom_client.js?v=73546cf9:997:72)\n    at commitHookEffectListMount (http://localhost:3000/@fs/home/jhonsard/Documents/Programation/TFC/IDS-IPS-PROJECT/frontend/node_modules/.vite/deps/react-dom_client.js?v=73546cf9:9411:163)\n    at commitHookPassiveMountEffects (http://localhost:3000/@fs/home/jhonsard/Documents/Programation/TFC/IDS-IPS-PROJECT/frontend/node_modules/.vite/deps/react-dom_client.js?v=73546cf9:9465:60)\n    at commitPassiveMountOnFiber (http://localhost:3000/@fs/home/jhonsard/Documents/Programation/TFC/IDS-IPS-PROJECT/frontend/node_modules/.vite/deps/react-dom_client.js?v=73546cf9:11040:29)\n    at recursivelyTraversePassiveMountEffects (http://localhost:3000/@fs/home/jhonsard/Documents/Programation/TFC/IDS-IPS-PROJECT/frontend/node_modules/.vite/deps/react-dom_client.js?v=73546cf9:11010:13)\n    at commitPassiveMountOnFiber (http://localhost:3000/@fs/home/jhonsard/Documents/Programation/TFC/IDS-IPS-PROJECT/frontend/node_modules/.vite/deps/react-dom_client.js?v=73546cf9:11033:13)"}],"stack":"Error\n    at console.<computed> [as error] (http://localhost:3000/__manus__/debug-collector.js:391:37)\n    at fetchHistory (http://localhost:3000/src/components/SidebarLayout.tsx:85:17)"}
[2026-08-26T00:27:19.825Z] {"timestamp":1787704039566,"level":"ERROR","args":["Erreur réseau lors du chargement de l'historique permanent:",{"type":"Error","message":"Failed to fetch","stack":"TypeError: Failed to fetch\n    at window.fetch (http://localhost:3000/__manus__/debug-collector.js:493:12)\n    at fetchAlertsHistory (http://localhost:3000/src/components/SidebarLayout.tsx:41:32)\n    at http://localhost:3000/src/components/SidebarLayout.tsx:58:5\n    at Object.react_stack_bottom_frame (http://localhost:3000/@fs/home/jhonsard/Documents/Programation/TFC/IDS-IPS-PROJECT/frontend/node_modules/.vite/deps/react-dom_client.js?v=73546cf9:18567:20)\n    at runWithFiberInDEV (http://localhost:3000/@fs/home/jhonsard/Documents/Programation/TFC/IDS-IPS-PROJECT/frontend/node_modules/.vite/deps/react-dom_client.js?v=73546cf9:997:72)\n    at commitHookEffectListMount (http://localhost:3000/@fs/home/jhonsard/Documents/Programation/TFC/IDS-IPS-PROJECT/frontend/node_modules/.vite/deps/react-dom_client.js?v=73546cf9:9411:163)\n    at commitHookPassiveMountEffects (http://localhost:3000/@fs/home/jhonsard/Documents/Programation/TFC/IDS-IPS-PROJECT/frontend/node_modules/.vite/deps/react-dom_client.js?v=73546cf9:9465:60)\n    at commitPassiveMountOnFiber (http://localhost:3000/@fs/home/jhonsard/Documents/Programation/TFC/IDS-IPS-PROJECT/frontend/node_modules/.vite/deps/react-dom_client.js?v=73546cf9:11040:29)\n    at recursivelyTraversePassiveMountEffects (http://localhost:3000/@fs/home/jhonsard/Documents/Programation/TFC/IDS-IPS-PROJECT/frontend/node_modules/.vite/deps/react-dom_client.js?v=73546cf9:11010:13)\n    at commitPassiveMountOnFiber (http://localhost:3000/@fs/home/jhonsard/Documents/Programation/TFC/IDS-IPS-PROJECT/frontend/node_modules/.vite/deps/react-dom_client.js?v=73546cf9:11033:13)"}],"stack":"Error\n    at console.<computed> [as error] (http://localhost:3000/__manus__/debug-collector.js:391:37)\n    at fetchAlertsHistory (http://localhost:3000/src/components/SidebarLayout.tsx:55:17)"}
[2026-08-26T00:27:49.821Z] {"timestamp":1787704068526,"level":"ERROR","args":[{"type":"Error","message":"Failed to fetch","stack":"TypeError: Failed to fetch\n    at window.fetch (http://localhost:3000/__manus__/debug-collector.js:493:12)\n    at fetchBanned (http://localhost:3000/src/components/BannedHosts.tsx:14:27)\n    at http://localhost:3000/src/components/BannedHosts.tsx:30:5\n    at Object.react_stack_bottom_frame (http://localhost:3000/@fs/home/jhonsard/Documents/Programation/TFC/IDS-IPS-PROJECT/frontend/node_modules/.vite/deps/react-dom_client.js?v=73546cf9:18567:20)\n    at runWithFiberInDEV (http://localhost:3000/@fs/home/jhonsard/Documents/Programation/TFC/IDS-IPS-PROJECT/frontend/node_modules/.vite/deps/react-dom_client.js?v=73546cf9:997:72)\n    at commitHookEffectListMount (http://localhost:3000/@fs/home/jhonsard/Documents/Programation/TFC/IDS-IPS-PROJECT/frontend/node_modules/.vite/deps/react-dom_client.js?v=73546cf9:9411:163)\n    at commitHookPassiveMountEffects (http://localhost:3000/@fs/home/jhonsard/Documents/Programation/TFC/IDS-IPS-PROJECT/frontend/node_modules/.vite/deps/react-dom_client.js?v=73546cf9:9465:60)\n    at commitPassiveMountOnFiber (http://localhost:3000/@fs/home/jhonsard/Documents/Programation/TFC/IDS-IPS-PROJECT/frontend/node_modules/.vite/deps/react-dom_client.js?v=73546cf9:11040:29)\n    at recursivelyTraversePassiveMountEffects (http://localhost:3000/@fs/home/jhonsard/Documents/Programation/TFC/IDS-IPS-PROJECT/frontend/node_modules/.vite/deps/react-dom_client.js?v=73546cf9:11010:13)\n    at commitPassiveMountOnFiber (http://localhost:3000/@fs/home/jhonsard/Documents/Programation/TFC/IDS-IPS-PROJECT/frontend/node_modules/.vite/deps/react-dom_client.js?v=73546cf9:11201:13)"}],"stack":"Error\n    at console.<computed> [as error] (http://localhost:3000/__manus__/debug-collector.js:391:37)\n    at fetchBanned (http://localhost:3000/src/components/BannedHosts.tsx:27:17)"}
[2026-08-26T00:28:01.844Z] {"timestamp":1787704080028,"level":"ERROR","args":["Error fetching hierarchy:",{"type":"Error","message":"Failed to fetch","stack":"TypeError: Failed to fetch\n    at window.fetch (http://localhost:3000/__manus__/debug-collector.js:493:12)\n    at fetchHierarchy (http://localhost:3000/src/pages/NodesManagement.tsx:22:30)\n    at http://localhost:3000/src/pages/NodesManagement.tsx:143:5\n    at Object.react_stack_bottom_frame (http://localhost:3000/@fs/home/jhonsard/Documents/Programation/TFC/IDS-IPS-PROJECT/frontend/node_modules/.vite/deps/react-dom_client.js?v=73546cf9:18567:20)\n    at runWithFiberInDEV (http://localhost:3000/@fs/home/jhonsard/Documents/Programation/TFC/IDS-IPS-PROJECT/frontend/node_modules/.vite/deps/react-dom_client.js?v=73546cf9:997:72)\n    at commitHookEffectListMount (http://localhost:3000/@fs/home/jhonsard/Documents/Programation/TFC/IDS-IPS-PROJECT/frontend/node_modules/.vite/deps/react-dom_client.js?v=73546cf9:9411:163)\n    at commitHookPassiveMountEffects (http://localhost:3000/@fs/home/jhonsard/Documents/Programation/TFC/IDS-IPS-PROJECT/frontend/node_modules/.vite/deps/react-dom_client.js?v=73546cf9:9465:60)\n    at commitPassiveMountOnFiber (http://localhost:3000/@fs/home/jhonsard/Documents/Programation/TFC/IDS-IPS-PROJECT/frontend/node_modules/.vite/deps/react-dom_client.js?v=73546cf9:11040:29)\n    at recursivelyTraversePassiveMountEffects (http://localhost:3000/@fs/home/jhonsard/Documents/Programation/TFC/IDS-IPS-PROJECT/frontend/node_modules/.vite/deps/react-dom_client.js?v=73546cf9:11010:13)\n    at commitPassiveMountOnFiber (http://localhost:3000/@fs/home/jhonsard/Documents/Programation/TFC/IDS-IPS-PROJECT/frontend/node_modules/.vite/deps/react-dom_client.js?v=73546cf9:11201:13)"}],"stack":"Error\n    at console.<computed> [as error] (http://localhost:3000/__manus__/debug-collector.js:391:37)\n    at fetchHierarchy (http://localhost:3000/src/pages/NodesManagement.tsx:34:15)"}
[2026-08-26T00:28:01.844Z] {"timestamp":1787704080030,"level":"ERROR","args":["Error fetching stats:",{"type":"Error","message":"Failed to fetch","stack":"TypeError: Failed to fetch\n    at window.fetch (http://localhost:3000/__manus__/debug-collector.js:493:12)\n    at fetchAggregatedStats (http://localhost:3000/src/pages/NodesManagement.tsx:43:30)\n    at http://localhost:3000/src/pages/NodesManagement.tsx:144:5\n    at Object.react_stack_bottom_frame (http://localhost:3000/@fs/home/jhonsard/Documents/Programation/TFC/IDS-IPS-PROJECT/frontend/node_modules/.vite/deps/react-dom_client.js?v=73546cf9:18567:20)\n    at runWithFiberInDEV (http://localhost:3000/@fs/home/jhonsard/Documents/Programation/TFC/IDS-IPS-PROJECT/frontend/node_modules/.vite/deps/react-dom_client.js?v=73546cf9:997:72)\n    at commitHookEffectListMount (http://localhost:3000/@fs/home/jhonsard/Documents/Programation/TFC/IDS-IPS-PROJECT/frontend/node_modules/.vite/deps/react-dom_client.js?v=73546cf9:9411:163)\n    at commitHookPassiveMountEffects (http://localhost:3000/@fs/home/jhonsard/Documents/Programation/TFC/IDS-IPS-PROJECT/frontend/node_modules/.vite/deps/react-dom_client.js?v=73546cf9:9465:60)\n    at commitPassiveMountOnFiber (http://localhost:3000/@fs/home/jhonsard/Documents/Programation/TFC/IDS-IPS-PROJECT/frontend/node_modules/.vite/deps/react-dom_client.js?v=73546cf9:11040:29)\n    at recursivelyTraversePassiveMountEffects (http://localhost:3000/@fs/home/jhonsard/Documents/Programation/TFC/IDS-IPS-PROJECT/frontend/node_modules/.vite/deps/react-dom_client.js?v=73546cf9:11010:13)\n    at commitPassiveMountOnFiber (http://localhost:3000/@fs/home/jhonsard/Documents/Programation/TFC/IDS-IPS-PROJECT/frontend/node_modules/.vite/deps/react-dom_client.js?v=73546cf9:11201:13)"}],"stack":"Error\n    at console.<computed> [as error] (http://localhost:3000/__manus__/debug-collector.js:391:37)\n    at fetchAggregatedStats (http://localhost:3000/src/pages/NodesManagement.tsx:55:15)"}
[2026-08-26T00:28:09.832Z] {"timestamp":1787704089097,"level":"ERROR","args":["Error fetching email config:",{"type":"Error","message":"Failed to fetch","stack":"TypeError: Failed to fetch\n    at window.fetch (http://localhost:3000/__manus__/debug-collector.js:493:12)\n    at fetchEmailConfig (http://localhost:3000/src/pages/Settings.tsx:63:30)\n    at http://localhost:3000/src/pages/Settings.tsx:143:5\n    at Object.react_stack_bottom_frame (http://localhost:3000/@fs/home/jhonsard/Documents/Programation/TFC/IDS-IPS-PROJECT/frontend/node_modules/.vite/deps/react-dom_client.js?v=73546cf9:18567:20)\n    at runWithFiberInDEV (http://localhost:3000/@fs/home/jhonsard/Documents/Programation/TFC/IDS-IPS-PROJECT/frontend/node_modules/.vite/deps/react-dom_client.js?v=73546cf9:997:72)\n    at commitHookEffectListMount (http://localhost:3000/@fs/home/jhonsard/Documents/Programation/TFC/IDS-IPS-PROJECT/frontend/node_modules/.vite/deps/react-dom_client.js?v=73546cf9:9411:163)\n    at commitHookPassiveMountEffects (http://localhost:3000/@fs/home/jhonsard/Documents/Programation/TFC/IDS-IPS-PROJECT/frontend/node_modules/.vite/deps/react-dom_client.js?v=73546cf9:9465:60)\n    at commitPassiveMountOnFiber (http://localhost:3000/@fs/home/jhonsard/Documents/Programation/TFC/IDS-IPS-PROJECT/frontend/node_modules/.vite/deps/react-dom_client.js?v=73546cf9:11040:29)\n    at recursivelyTraversePassiveMountEffects (http://localhost:3000/@fs/home/jhonsard/Documents/Programation/TFC/IDS-IPS-PROJECT/frontend/node_modules/.vite/deps/react-dom_client.js?v=73546cf9:11010:13)\n    at commitPassiveMountOnFiber (http://localhost:3000/@fs/home/jhonsard/Documents/Programation/TFC/IDS-IPS-PROJECT/frontend/node_modules/.vite/deps/react-dom_client.js?v=73546cf9:11201:13)"}],"stack":"Error\n    at console.<computed> [as error] (http://localhost:3000/__manus__/debug-collector.js:391:37)\n    at fetchEmailConfig (http://localhost:3000/src/pages/Settings.tsx:83:15)"}
[2026-08-26T00:28:43.823Z] {"timestamp":1787704122040,"level":"ERROR","args":["Erreur d'historique:",{"type":"Error","message":"Failed to fetch","stack":"TypeError: Failed to fetch\n    at window.fetch (http://localhost:3000/__manus__/debug-collector.js:493:12)\n    at fetchHistory (http://localhost:3000/src/components/TrafficAttackChart.tsx:14:32)\n    at http://localhost:3000/src/components/TrafficAttackChart.tsx:25:5\n    at Object.react_stack_bottom_frame (http://localhost:3000/@fs/home/jhonsard/Documents/Programation/TFC/IDS-IPS-PROJECT/frontend/node_modules/.vite/deps/react-dom_client.js?v=73546cf9:18567:20)\n    at runWithFiberInDEV (http://localhost:3000/@fs/home/jhonsard/Documents/Programation/TFC/IDS-IPS-PROJECT/frontend/node_modules/.vite/deps/react-dom_client.js?v=73546cf9:997:72)\n    at commitHookEffectListMount (http://localhost:3000/@fs/home/jhonsard/Documents/Programation/TFC/IDS-IPS-PROJECT/frontend/node_modules/.vite/deps/react-dom_client.js?v=73546cf9:9411:163)\n    at commitHookPassiveMountEffects (http://localhost:3000/@fs/home/jhonsard/Documents/Programation/TFC/IDS-IPS-PROJECT/frontend/node_modules/.vite/deps/react-dom_client.js?v=73546cf9:9465:60)\n    at commitPassiveMountOnFiber (http://localhost:3000/@fs/home/jhonsard/Documents/Programation/TFC/IDS-IPS-PROJECT/frontend/node_modules/.vite/deps/react-dom_client.js?v=73546cf9:11040:29)\n    at recursivelyTraversePassiveMountEffects (http://localhost:3000/@fs/home/jhonsard/Documents/Programation/TFC/IDS-IPS-PROJECT/frontend/node_modules/.vite/deps/react-dom_client.js?v=73546cf9:11010:13)\n    at commitPassiveMountOnFiber (http://localhost:3000/@fs/home/jhonsard/Documents/Programation/TFC/IDS-IPS-PROJECT/frontend/node_modules/.vite/deps/react-dom_client.js?v=73546cf9:11201:13)"}],"stack":"Error\n    at console.<computed> [as error] (http://localhost:3000/__manus__/debug-collector.js:391:37)\n    at fetchHistory (http://localhost:3000/src/components/TrafficAttackChart.tsx:20:17)"}
[2026-08-26T03:28:13.758Z] {"timestamp":1787714891335,"level":"DEBUG","args":["[Manus] Debug collector initialized (no rrweb, UI events only)"],"stack":null}
[2026-08-26T03:28:13.759Z] {"timestamp":1787714893237,"level":"DEBUG","args":["[vite] connected."],"stack":null}
[2026-08-26T03:28:15.443Z] {"timestamp":1787714895105,"level":"INFO","args":["%cDownload the React DevTools for a better development experience: https://react.dev/link/react-devtools","font-weight:bold"],"stack":null}
[2026-08-26T03:28:17.355Z] {"timestamp":1787714896386,"level":"ERROR","args":["Erreur d'historique:",{"type":"Error","message":"Failed to fetch","stack":"TypeError: Failed to fetch\n    at http://localhost:3000/__manus__/debug-collector.js:493:12\n    at fetchHistory (http://localhost:3000/src/components/TrafficAttackChart.tsx:14:32)\n    at http://localhost:3000/src/components/TrafficAttackChart.tsx:25:5\n    at Object.react_stack_bottom_frame (http://localhost:3000/@fs/home/jhonsard/Documents/Programation/TFC/IDS-IPS-PROJECT/frontend/node_modules/.vite/deps/react-dom_client.js?v=73546cf9:18567:20)\n    at runWithFiberInDEV (http://localhost:3000/@fs/home/jhonsard/Documents/Programation/TFC/IDS-IPS-PROJECT/frontend/node_modules/.vite/deps/react-dom_client.js?v=73546cf9:997:72)\n    at commitHookEffectListMount (http://localhost:3000/@fs/home/jhonsard/Documents/Programation/TFC/IDS-IPS-PROJECT/frontend/node_modules/.vite/deps/react-dom_client.js?v=73546cf9:9411:163)\n    at commitHookPassiveMountEffects (http://localhost:3000/@fs/home/jhonsard/Documents/Programation/TFC/IDS-IPS-PROJECT/frontend/node_modules/.vite/deps/react-dom_client.js?v=73546cf9:9465:60)\n    at commitPassiveMountOnFiber (http://localhost:3000/@fs/home/jhonsard/Documents/Programation/TFC/IDS-IPS-PROJECT/frontend/node_modules/.vite/deps/react-dom_client.js?v=73546cf9:11040:29)\n    at recursivelyTraversePassiveMountEffects (http://localhost:3000/@fs/home/jhonsard/Documents/Programation/TFC/IDS-IPS-PROJECT/frontend/node_modules/.vite/deps/react-dom_client.js?v=73546cf9:11010:13)\n    at commitPassiveMountOnFiber (http://localhost:3000/@fs/home/jhonsard/Documents/Programation/TFC/IDS-IPS-PROJECT/frontend/node_modules/.vite/deps/react-dom_client.js?v=73546cf9:11201:13)"}],"stack":"Error\n    at console.error (http://localhost:3000/__manus__/debug-collector.js:391:37)\n    at fetchHistory (http://localhost:3000/src/components/TrafficAttackChart.tsx:20:17)"}
[2026-08-26T03:28:17.355Z] {"timestamp":1787714896401,"level":"ERROR","args":["Failed to fetch history",{"type":"Error","message":"Failed to fetch","stack":"TypeError: Failed to fetch\n    at http://localhost:3000/__manus__/debug-collector.js:493:12\n    at fetchHistory (http://localhost:3000/src/components/SidebarLayout.tsx:63:27)\n    at http://localhost:3000/src/components/SidebarLayout.tsx:88:5\n    at Object.react_stack_bottom_frame (http://localhost:3000/@fs/home/jhonsard/Documents/Programation/TFC/IDS-IPS-PROJECT/frontend/node_modules/.vite/deps/react-dom_client.js?v=73546cf9:18567:20)\n    at runWithFiberInDEV (http://localhost:3000/@fs/home/jhonsard/Documents/Programation/TFC/IDS-IPS-PROJECT/frontend/node_modules/.vite/deps/react-dom_client.js?v=73546cf9:997:72)\n    at commitHookEffectListMount (http://localhost:3000/@fs/home/jhonsard/Documents/Programation/TFC/IDS-IPS-PROJECT/frontend/node_modules/.vite/deps/react-dom_client.js?v=73546cf9:9411:163)\n    at commitHookPassiveMountEffects (http://localhost:3000/@fs/home/jhonsard/Documents/Programation/TFC/IDS-IPS-PROJECT/frontend/node_modules/.vite/deps/react-dom_client.js?v=73546cf9:9465:60)\n    at commitPassiveMountOnFiber (http://localhost:3000/@fs/home/jhonsard/Documents/Programation/TFC/IDS-IPS-PROJECT/frontend/node_modules/.vite/deps/react-dom_client.js?v=73546cf9:11040:29)\n    at recursivelyTraversePassiveMountEffects (http://localhost:3000/@fs/home/jhonsard/Documents/Programation/TFC/IDS-IPS-PROJECT/frontend/node_modules/.vite/deps/react-dom_client.js?v=73546cf9:11010:13)\n    at commitPassiveMountOnFiber (http://localhost:3000/@fs/home/jhonsard/Documents/Programation/TFC/IDS-IPS-PROJECT/frontend/node_modules/.vite/deps/react-dom_client.js?v=73546cf9:11033:13)"}],"stack":"Error\n    at console.error (http://localhost:3000/__manus__/debug-collector.js:391:37)\n    at fetchHistory (http://localhost:3000/src/components/SidebarLayout.tsx:85:17)"}
[2026-08-26T03:28:17.355Z] {"timestamp":1787714896402,"level":"ERROR","args":["Erreur réseau lors du chargement de l'historique permanent:",{"type":"Error","message":"Failed to fetch","stack":"TypeError: Failed to fetch\n    at http://localhost:3000/__manus__/debug-collector.js:493:12\n    at fetchAlertsHistory (http://localhost:3000/src/components/SidebarLayout.tsx:41:32)\n    at http://localhost:3000/src/components/SidebarLayout.tsx:58:5\n    at Object.react_stack_bottom_frame (http://localhost:3000/@fs/home/jhonsard/Documents/Programation/TFC/IDS-IPS-PROJECT/frontend/node_modules/.vite/deps/react-dom_client.js?v=73546cf9:18567:20)\n    at runWithFiberInDEV (http://localhost:3000/@fs/home/jhonsard/Documents/Programation/TFC/IDS-IPS-PROJECT/frontend/node_modules/.vite/deps/react-dom_client.js?v=73546cf9:997:72)\n    at commitHookEffectListMount (http://localhost:3000/@fs/home/jhonsard/Documents/Programation/TFC/IDS-IPS-PROJECT/frontend/node_modules/.vite/deps/react-dom_client.js?v=73546cf9:9411:163)\n    at commitHookPassiveMountEffects (http://localhost:3000/@fs/home/jhonsard/Documents/Programation/TFC/IDS-IPS-PROJECT/frontend/node_modules/.vite/deps/react-dom_client.js?v=73546cf9:9465:60)\n    at commitPassiveMountOnFiber (http://localhost:3000/@fs/home/jhonsard/Documents/Programation/TFC/IDS-IPS-PROJECT/frontend/node_modules/.vite/deps/react-dom_client.js?v=73546cf9:11040:29)\n    at recursivelyTraversePassiveMountEffects (http://localhost:3000/@fs/home/jhonsard/Documents/Programation/TFC/IDS-IPS-PROJECT/frontend/node_modules/.vite/deps/react-dom_client.js?v=73546cf9:11010:13)\n    at commitPassiveMountOnFiber (http://localhost:3000/@fs/home/jhonsard/Documents/Programation/TFC/IDS-IPS-PROJECT/frontend/node_modules/.vite/deps/react-dom_client.js?v=73546cf9:11033:13)"}],"stack":"Error\n    at console.error (http://localhost:3000/__manus__/debug-collector.js:391:37)\n    at fetchAlertsHistory (http://localhost:3000/src/components/SidebarLayout.tsx:55:17)"}
[2026-08-26T04:38:10.015Z] {"timestamp":1787719087992,"level":"DEBUG","args":["[Manus] Debug collector initialized (no rrweb, UI events only)"],"stack":null}
[2026-08-26T04:38:10.015Z] {"timestamp":1787719088003,"level":"DEBUG","args":["[vite] connected."],"stack":null}
[2026-08-26T04:38:14.408Z] {"timestamp":1787719092383,"level":"INFO","args":["%cDownload the React DevTools for a better development experience: https://react.dev/link/react-devtools","font-weight:bold"],"stack":null}
[2026-08-26T04:38:14.408Z] {"timestamp":1787719093992,"level":"ERROR","args":["Erreur d'historique:",{"type":"Error","message":"Failed to fetch","stack":"TypeError: Failed to fetch\n    at http://localhost:3000/__manus__/debug-collector.js:493:12\n    at fetchHistory (http://localhost:3000/src/components/TrafficAttackChart.tsx:77:32)\n    at http://localhost:3000/src/components/TrafficAttackChart.tsx:98:5\n    at Object.react_stack_bottom_frame (http://localhost:3000/@fs/home/jhonsard/Documents/Programation/TFC/IDS-IPS-PROJECT/frontend/node_modules/.vite/deps/react-dom_client.js?v=73546cf9:18567:20)\n    at runWithFiberInDEV (http://localhost:3000/@fs/home/jhonsard/Documents/Programation/TFC/IDS-IPS-PROJECT/frontend/node_modules/.vite/deps/react-dom_client.js?v=73546cf9:997:72)\n    at commitHookEffectListMount (http://localhost:3000/@fs/home/jhonsard/Documents/Programation/TFC/IDS-IPS-PROJECT/frontend/node_modules/.vite/deps/react-dom_client.js?v=73546cf9:9411:163)\n    at commitHookPassiveMountEffects (http://localhost:3000/@fs/home/jhonsard/Documents/Programation/TFC/IDS-IPS-PROJECT/frontend/node_modules/.vite/deps/react-dom_client.js?v=73546cf9:9465:60)\n    at commitPassiveMountOnFiber (http://localhost:3000/@fs/home/jhonsard/Documents/Programation/TFC/IDS-IPS-PROJECT/frontend/node_modules/.vite/deps/react-dom_client.js?v=73546cf9:11040:29)\n    at recursivelyTraversePassiveMountEffects (http://localhost:3000/@fs/home/jhonsard/Documents/Programation/TFC/IDS-IPS-PROJECT/frontend/node_modules/.vite/deps/react-dom_client.js?v=73546cf9:11010:13)\n    at commitPassiveMountOnFiber (http://localhost:3000/@fs/home/jhonsard/Documents/Programation/TFC/IDS-IPS-PROJECT/frontend/node_modules/.vite/deps/react-dom_client.js?v=73546cf9:11201:13)"}],"stack":"Error\n    at console.error (http://localhost:3000/__manus__/debug-collector.js:391:37)\n    at fetchHistory (http://localhost:3000/src/components/TrafficAttackChart.tsx:92:17)"}
[2026-08-26T04:38:14.408Z] {"timestamp":1787719094002,"level":"ERROR","args":["Erreur réseau lors du chargement de l'historique permanent:",{"type":"Error","message":"Failed to fetch","stack":"TypeError: Failed to fetch\n    at http://localhost:3000/__manus__/debug-collector.js:493:12\n    at fetchAlertsHistory (http://localhost:3000/src/components/SidebarLayout.tsx:45:32)\n    at http://localhost:3000/src/components/SidebarLayout.tsx:62:5\n    at Object.react_stack_bottom_frame (http://localhost:3000/@fs/home/jhonsard/Documents/Programation/TFC/IDS-IPS-PROJECT/frontend/node_modules/.vite/deps/react-dom_client.js?v=73546cf9:18567:20)\n    at runWithFiberInDEV (http://localhost:3000/@fs/home/jhonsard/Documents/Programation/TFC/IDS-IPS-PROJECT/frontend/node_modules/.vite/deps/react-dom_client.js?v=73546cf9:997:72)\n    at commitHookEffectListMount (http://localhost:3000/@fs/home/jhonsard/Documents/Programation/TFC/IDS-IPS-PROJECT/frontend/node_modules/.vite/deps/react-dom_client.js?v=73546cf9:9411:163)\n    at commitHookPassiveMountEffects (http://localhost:3000/@fs/home/jhonsard/Documents/Programation/TFC/IDS-IPS-PROJECT/frontend/node_modules/.vite/deps/react-dom_client.js?v=73546cf9:9465:60)\n    at commitPassiveMountOnFiber (http://localhost:3000/@fs/home/jhonsard/Documents/Programation/TFC/IDS-IPS-PROJECT/frontend/node_modules/.vite/deps/react-dom_client.js?v=73546cf9:11040:29)\n    at recursivelyTraversePassiveMountEffects (http://localhost:3000/@fs/home/jhonsard/Documents/Programation/TFC/IDS-IPS-PROJECT/frontend/node_modules/.vite/deps/react-dom_client.js?v=73546cf9:11010:13)\n    at commitPassiveMountOnFiber (http://localhost:3000/@fs/home/jhonsard/Documents/Programation/TFC/IDS-IPS-PROJECT/frontend/node_modules/.vite/deps/react-dom_client.js?v=73546cf9:11033:13)"}],"stack":"Error\n    at console.error (http://localhost:3000/__manus__/debug-collector.js:391:37)\n    at fetchAlertsHistory (http://localhost:3000/src/components/SidebarLayout.tsx:59:17)"}
[2026-08-26T04:38:14.408Z] {"timestamp":1787719094003,"level":"ERROR","args":["Failed to fetch history",{"type":"Error","message":"Failed to fetch","stack":"TypeError: Failed to fetch\n    at http://localhost:3000/__manus__/debug-collector.js:493:12\n    at fetchHistory (http://localhost:3000/src/components/SidebarLayout.tsx:67:27)\n    at http://localhost:3000/src/components/SidebarLayout.tsx:92:5\n    at Object.react_stack_bottom_frame (http://localhost:3000/@fs/home/jhonsard/Documents/Programation/TFC/IDS-IPS-PROJECT/frontend/node_modules/.vite/deps/react-dom_client.js?v=73546cf9:18567:20)\n    at runWithFiberInDEV (http://localhost:3000/@fs/home/jhonsard/Documents/Programation/TFC/IDS-IPS-PROJECT/frontend/node_modules/.vite/deps/react-dom_client.js?v=73546cf9:997:72)\n    at commitHookEffectListMount (http://localhost:3000/@fs/home/jhonsard/Documents/Programation/TFC/IDS-IPS-PROJECT/frontend/node_modules/.vite/deps/react-dom_client.js?v=73546cf9:9411:163)\n    at commitHookPassiveMountEffects (http://localhost:3000/@fs/home/jhonsard/Documents/Programation/TFC/IDS-IPS-PROJECT/frontend/node_modules/.vite/deps/react-dom_client.js?v=73546cf9:9465:60)\n    at commitPassiveMountOnFiber (http://localhost:3000/@fs/home/jhonsard/Documents/Programation/TFC/IDS-IPS-PROJECT/frontend/node_modules/.vite/deps/react-dom_client.js?v=73546cf9:11040:29)\n    at recursivelyTraversePassiveMountEffects (http://localhost:3000/@fs/home/jhonsard/Documents/Programation/TFC/IDS-IPS-PROJECT/frontend/node_modules/.vite/deps/react-dom_client.js?v=73546cf9:11010:13)\n    at commitPassiveMountOnFiber (http://localhost:3000/@fs/home/jhonsard/Documents/Programation/TFC/IDS-IPS-PROJECT/frontend/node_modules/.vite/deps/react-dom_client.js?v=73546cf9:11033:13)"}],"stack":"Error\n    at console.error (http://localhost:3000/__manus__/debug-collector.js:391:37)\n    at fetchHistory (http://localhost:3000/src/components/SidebarLayout.tsx:89:17)"}
[2026-08-26T04:40:28.032Z] {"timestamp":1787719228026,"level":"ERROR","args":[{"type":"Error","message":"Failed to fetch","stack":"TypeError: Failed to fetch\n    at http://localhost:3000/__manus__/debug-collector.js:493:12\n    at fetchBanned (http://localhost:3000/src/components/BannedHosts.tsx:14:27)\n    at http://localhost:3000/src/components/BannedHosts.tsx:30:5\n    at Object.react_stack_bottom_frame (http://localhost:3000/@fs/home/jhonsard/Documents/Programation/TFC/IDS-IPS-PROJECT/frontend/node_modules/.vite/deps/react-dom_client.js?v=73546cf9:18567:20)\n    at runWithFiberInDEV (http://localhost:3000/@fs/home/jhonsard/Documents/Programation/TFC/IDS-IPS-PROJECT/frontend/node_modules/.vite/deps/react-dom_client.js?v=73546cf9:997:72)\n    at commitHookEffectListMount (http://localhost:3000/@fs/home/jhonsard/Documents/Programation/TFC/IDS-IPS-PROJECT/frontend/node_modules/.vite/deps/react-dom_client.js?v=73546cf9:9411:163)\n    at commitHookPassiveMountEffects (http://localhost:3000/@fs/home/jhonsard/Documents/Programation/TFC/IDS-IPS-PROJECT/frontend/node_modules/.vite/deps/react-dom_client.js?v=73546cf9:9465:60)\n    at commitPassiveMountOnFiber (http://localhost:3000/@fs/home/jhonsard/Documents/Programation/TFC/IDS-IPS-PROJECT/frontend/node_modules/.vite/deps/react-dom_client.js?v=73546cf9:11040:29)\n    at recursivelyTraversePassiveMountEffects (http://localhost:3000/@fs/home/jhonsard/Documents/Programation/TFC/IDS-IPS-PROJECT/frontend/node_modules/.vite/deps/react-dom_client.js?v=73546cf9:11010:13)\n    at commitPassiveMountOnFiber (http://localhost:3000/@fs/home/jhonsard/Documents/Programation/TFC/IDS-IPS-PROJECT/frontend/node_modules/.vite/deps/react-dom_client.js?v=73546cf9:11201:13)"}],"stack":"Error\n    at console.error (http://localhost:3000/__manus__/debug-collector.js:391:37)\n    at fetchBanned (http://localhost:3000/src/components/BannedHosts.tsx:27:17)"}
[2026-08-26T04:40:31.996Z] {"timestamp":1787719231187,"level":"ERROR","args":["Error fetching hierarchy:",{"type":"Error","message":"Failed to fetch","stack":"TypeError: Failed to fetch\n    at http://localhost:3000/__manus__/debug-collector.js:493:12\n    at fetchHierarchy (http://localhost:3000/src/pages/NodesManagement.tsx:22:30)\n    at http://localhost:3000/src/pages/NodesManagement.tsx:143:5\n    at Object.react_stack_bottom_frame (http://localhost:3000/@fs/home/jhonsard/Documents/Programation/TFC/IDS-IPS-PROJECT/frontend/node_modules/.vite/deps/react-dom_client.js?v=73546cf9:18567:20)\n    at runWithFiberInDEV (http://localhost:3000/@fs/home/jhonsard/Documents/Programation/TFC/IDS-IPS-PROJECT/frontend/node_modules/.vite/deps/react-dom_client.js?v=73546cf9:997:72)\n    at commitHookEffectListMount (http://localhost:3000/@fs/home/jhonsard/Documents/Programation/TFC/IDS-IPS-PROJECT/frontend/node_modules/.vite/deps/react-dom_client.js?v=73546cf9:9411:163)\n    at commitHookPassiveMountEffects (http://localhost:3000/@fs/home/jhonsard/Documents/Programation/TFC/IDS-IPS-PROJECT/frontend/node_modules/.vite/deps/react-dom_client.js?v=73546cf9:9465:60)\n    at commitPassiveMountOnFiber (http://localhost:3000/@fs/home/jhonsard/Documents/Programation/TFC/IDS-IPS-PROJECT/frontend/node_modules/.vite/deps/react-dom_client.js?v=73546cf9:11040:29)\n    at recursivelyTraversePassiveMountEffects (http://localhost:3000/@fs/home/jhonsard/Documents/Programation/TFC/IDS-IPS-PROJECT/frontend/node_modules/.vite/deps/react-dom_client.js?v=73546cf9:11010:13)\n    at commitPassiveMountOnFiber (http://localhost:3000/@fs/home/jhonsard/Documents/Programation/TFC/IDS-IPS-PROJECT/frontend/node_modules/.vite/deps/react-dom_client.js?v=73546cf9:11201:13)"}],"stack":"Error\n    at console.error (http://localhost:3000/__manus__/debug-collector.js:391:37)\n    at fetchHierarchy (http://localhost:3000/src/pages/NodesManagement.tsx:34:15)"}
[2026-08-26T04:40:31.996Z] {"timestamp":1787719231188,"level":"ERROR","args":["Error fetching stats:",{"type":"Error","message":"Failed to fetch","stack":"TypeError: Failed to fetch\n    at http://localhost:3000/__manus__/debug-collector.js:493:12\n    at fetchAggregatedStats (http://localhost:3000/src/pages/NodesManagement.tsx:43:30)\n    at http://localhost:3000/src/pages/NodesManagement.tsx:144:5\n    at Object.react_stack_bottom_frame (http://localhost:3000/@fs/home/jhonsard/Documents/Programation/TFC/IDS-IPS-PROJECT/frontend/node_modules/.vite/deps/react-dom_client.js?v=73546cf9:18567:20)\n    at runWithFiberInDEV (http://localhost:3000/@fs/home/jhonsard/Documents/Programation/TFC/IDS-IPS-PROJECT/frontend/node_modules/.vite/deps/react-dom_client.js?v=73546cf9:997:72)\n    at commitHookEffectListMount (http://localhost:3000/@fs/home/jhonsard/Documents/Programation/TFC/IDS-IPS-PROJECT/frontend/node_modules/.vite/deps/react-dom_client.js?v=73546cf9:9411:163)\n    at commitHookPassiveMountEffects (http://localhost:3000/@fs/home/jhonsard/Documents/Programation/TFC/IDS-IPS-PROJECT/frontend/node_modules/.vite/deps/react-dom_client.js?v=73546cf9:9465:60)\n    at commitPassiveMountOnFiber (http://localhost:3000/@fs/home/jhonsard/Documents/Programation/TFC/IDS-IPS-PROJECT/frontend/node_modules/.vite/deps/react-dom_client.js?v=73546cf9:11040:29)\n    at recursivelyTraversePassiveMountEffects (http://localhost:3000/@fs/home/jhonsard/Documents/Programation/TFC/IDS-IPS-PROJECT/frontend/node_modules/.vite/deps/react-dom_client.js?v=73546cf9:11010:13)\n    at commitPassiveMountOnFiber (http://localhost:3000/@fs/home/jhonsard/Documents/Programation/TFC/IDS-IPS-PROJECT/frontend/node_modules/.vite/deps/react-dom_client.js?v=73546cf9:11201:13)"}],"stack":"Error\n    at console.error (http://localhost:3000/__manus__/debug-collector.js:391:37)\n    at fetchAggregatedStats (http://localhost:3000/src/pages/NodesManagement.tsx:55:15)"}
[2026-08-26T04:40:36.000Z] {"timestamp":1787719235870,"level":"ERROR","args":["Error fetching email config:",{"type":"Error","message":"Failed to fetch","stack":"TypeError: Failed to fetch\n    at http://localhost:3000/__manus__/debug-collector.js:493:12\n    at fetchEmailConfig (http://localhost:3000/src/pages/Settings.tsx:63:30)\n    at http://localhost:3000/src/pages/Settings.tsx:143:5\n    at Object.react_stack_bottom_frame (http://localhost:3000/@fs/home/jhonsard/Documents/Programation/TFC/IDS-IPS-PROJECT/frontend/node_modules/.vite/deps/react-dom_client.js?v=73546cf9:18567:20)\n    at runWithFiberInDEV (http://localhost:3000/@fs/home/jhonsard/Documents/Programation/TFC/IDS-IPS-PROJECT/frontend/node_modules/.vite/deps/react-dom_client.js?v=73546cf9:997:72)\n    at commitHookEffectListMount (http://localhost:3000/@fs/home/jhonsard/Documents/Programation/TFC/IDS-IPS-PROJECT/frontend/node_modules/.vite/deps/react-dom_client.js?v=73546cf9:9411:163)\n    at commitHookPassiveMountEffects (http://localhost:3000/@fs/home/jhonsard/Documents/Programation/TFC/IDS-IPS-PROJECT/frontend/node_modules/.vite/deps/react-dom_client.js?v=73546cf9:9465:60)\n    at commitPassiveMountOnFiber (http://localhost:3000/@fs/home/jhonsard/Documents/Programation/TFC/IDS-IPS-PROJECT/frontend/node_modules/.vite/deps/react-dom_client.js?v=73546cf9:11040:29)\n    at recursivelyTraversePassiveMountEffects (http://localhost:3000/@fs/home/jhonsard/Documents/Programation/TFC/IDS-IPS-PROJECT/frontend/node_modules/.vite/deps/react-dom_client.js?v=73546cf9:11010:13)\n    at commitPassiveMountOnFiber (http://localhost:3000/@fs/home/jhonsard/Documents/Programation/TFC/IDS-IPS-PROJECT/frontend/node_modules/.vite/deps/react-dom_client.js?v=73546cf9:11201:13)"}],"stack":"Error\n    at console.error (http://localhost:3000/__manus__/debug-collector.js:391:37)\n    at fetchEmailConfig (http://localhost:3000/src/pages/Settings.tsx:83:15)"}
[2026-08-26T09:42:04.020Z] {"timestamp":1787737322015,"level":"DEBUG","args":["[Manus] Debug collector initialized (no rrweb, UI events only)"],"stack":null}
[2026-08-26T09:42:04.020Z] {"timestamp":1787737322377,"level":"DEBUG","args":["[vite] connected."],"stack":null}
[2026-08-26T09:42:07.469Z] {"timestamp":1787737325313,"level":"INFO","args":["%cDownload the React DevTools for a better development experience: https://react.dev/link/react-devtools","font-weight:bold"],"stack":null}
[2026-08-26T09:42:07.469Z] {"timestamp":1787737327217,"level":"ERROR","args":["Erreur d'historique:",{"type":"Error","message":"Failed to fetch","stack":"TypeError: Failed to fetch\n    at http://localhost:3000/__manus__/debug-collector.js:493:12\n    at fetchHistory (http://localhost:3000/src/components/TrafficAttackChart.tsx:77:32)\n    at http://localhost:3000/src/components/TrafficAttackChart.tsx:98:5\n    at Object.react_stack_bottom_frame (http://localhost:3000/@fs/home/jhonsard/Documents/Programation/TFC/IDS-IPS-PROJECT/frontend/node_modules/.vite/deps/react-dom_client.js?v=73546cf9:18567:20)\n    at runWithFiberInDEV (http://localhost:3000/@fs/home/jhonsard/Documents/Programation/TFC/IDS-IPS-PROJECT/frontend/node_modules/.vite/deps/react-dom_client.js?v=73546cf9:997:72)\n    at commitHookEffectListMount (http://localhost:3000/@fs/home/jhonsard/Documents/Programation/TFC/IDS-IPS-PROJECT/frontend/node_modules/.vite/deps/react-dom_client.js?v=73546cf9:9411:163)\n    at commitHookPassiveMountEffects (http://localhost:3000/@fs/home/jhonsard/Documents/Programation/TFC/IDS-IPS-PROJECT/frontend/node_modules/.vite/deps/react-dom_client.js?v=73546cf9:9465:60)\n    at commitPassiveMountOnFiber (http://localhost:3000/@fs/home/jhonsard/Documents/Programation/TFC/IDS-IPS-PROJECT/frontend/node_modules/.vite/deps/react-dom_client.js?v=73546cf9:11040:29)\n    at recursivelyTraversePassiveMountEffects (http://localhost:3000/@fs/home/jhonsard/Documents/Programation/TFC/IDS-IPS-PROJECT/frontend/node_modules/.vite/deps/react-dom_client.js?v=73546cf9:11010:13)\n    at commitPassiveMountOnFiber (http://localhost:3000/@fs/home/jhonsard/Documents/Programation/TFC/IDS-IPS-PROJECT/frontend/node_modules/.vite/deps/react-dom_client.js?v=73546cf9:11201:13)"}],"stack":"Error\n    at console.error (http://localhost:3000/__manus__/debug-collector.js:391:37)\n    at fetchHistory (http://localhost:3000/src/components/TrafficAttackChart.tsx:92:17)"}
[2026-08-26T09:42:07.469Z] {"timestamp":1787737327226,"level":"ERROR","args":["Failed to fetch history",{"type":"Error","message":"Failed to fetch","stack":"TypeError: Failed to fetch\n    at http://localhost:3000/__manus__/debug-collector.js:493:12\n    at fetchHistory (http://localhost:3000/src/components/SidebarLayout.tsx:71:27)\n    at http://localhost:3000/src/components/SidebarLayout.tsx:96:5\n    at Object.react_stack_bottom_frame (http://localhost:3000/@fs/home/jhonsard/Documents/Programation/TFC/IDS-IPS-PROJECT/frontend/node_modules/.vite/deps/react-dom_client.js?v=73546cf9:18567:20)\n    at runWithFiberInDEV (http://localhost:3000/@fs/home/jhonsard/Documents/Programation/TFC/IDS-IPS-PROJECT/frontend/node_modules/.vite/deps/react-dom_client.js?v=73546cf9:997:72)\n    at commitHookEffectListMount (http://localhost:3000/@fs/home/jhonsard/Documents/Programation/TFC/IDS-IPS-PROJECT/frontend/node_modules/.vite/deps/react-dom_client.js?v=73546cf9:9411:163)\n    at commitHookPassiveMountEffects (http://localhost:3000/@fs/home/jhonsard/Documents/Programation/TFC/IDS-IPS-PROJECT/frontend/node_modules/.vite/deps/react-dom_client.js?v=73546cf9:9465:60)\n    at commitPassiveMountOnFiber (http://localhost:3000/@fs/home/jhonsard/Documents/Programation/TFC/IDS-IPS-PROJECT/frontend/node_modules/.vite/deps/react-dom_client.js?v=73546cf9:11040:29)\n    at recursivelyTraversePassiveMountEffects (http://localhost:3000/@fs/home/jhonsard/Documents/Programation/TFC/IDS-IPS-PROJECT/frontend/node_modules/.vite/deps/react-dom_client.js?v=73546cf9:11010:13)\n    at commitPassiveMountOnFiber (http://localhost:3000/@fs/home/jhonsard/Documents/Programation/TFC/IDS-IPS-PROJECT/frontend/node_modules/.vite/deps/react-dom_client.js?v=73546cf9:11033:13)"}],"stack":"Error\n    at console.error (http://localhost:3000/__manus__/debug-collector.js:391:37)\n    at fetchHistory (http://localhost:3000/src/components/SidebarLayout.tsx:93:17)"}
[2026-08-26T09:42:07.469Z] {"timestamp":1787737327227,"level":"ERROR","args":["Erreur réseau lors du chargement de l'historique permanent:",{"type":"Error","message":"Failed to fetch","stack":"TypeError: Failed to fetch\n    at http://localhost:3000/__manus__/debug-collector.js:493:12\n    at fetchAlertsHistory (http://localhost:3000/src/components/SidebarLayout.tsx:49:32)\n    at http://localhost:3000/src/components/SidebarLayout.tsx:66:5\n    at Object.react_stack_bottom_frame (http://localhost:3000/@fs/home/jhonsard/Documents/Programation/TFC/IDS-IPS-PROJECT/frontend/node_modules/.vite/deps/react-dom_client.js?v=73546cf9:18567:20)\n    at runWithFiberInDEV (http://localhost:3000/@fs/home/jhonsard/Documents/Programation/TFC/IDS-IPS-PROJECT/frontend/node_modules/.vite/deps/react-dom_client.js?v=73546cf9:997:72)\n    at commitHookEffectListMount (http://localhost:3000/@fs/home/jhonsard/Documents/Programation/TFC/IDS-IPS-PROJECT/frontend/node_modules/.vite/deps/react-dom_client.js?v=73546cf9:9411:163)\n    at commitHookPassiveMountEffects (http://localhost:3000/@fs/home/jhonsard/Documents/Programation/TFC/IDS-IPS-PROJECT/frontend/node_modules/.vite/deps/react-dom_client.js?v=73546cf9:9465:60)\n    at commitPassiveMountOnFiber (http://localhost:3000/@fs/home/jhonsard/Documents/Programation/TFC/IDS-IPS-PROJECT/frontend/node_modules/.vite/deps/react-dom_client.js?v=73546cf9:11040:29)\n    at recursivelyTraversePassiveMountEffects (http://localhost:3000/@fs/home/jhonsard/Documents/Programation/TFC/IDS-IPS-PROJECT/frontend/node_modules/.vite/deps/react-dom_client.js?v=73546cf9:11010:13)\n    at commitPassiveMountOnFiber (http://localhost:3000/@fs/home/jhonsard/Documents/Programation/TFC/IDS-IPS-PROJECT/frontend/node_modules/.vite/deps/react-dom_client.js?v=73546cf9:11033:13)"}],"stack":"Error\n    at console.error (http://localhost:3000/__manus__/debug-collector.js:391:37)\n    at fetchAlertsHistory (http://localhost:3000/src/components/SidebarLayout.tsx:63:17)"}
[2026-08-26T09:42:24.030Z] {"timestamp":1787737344016,"level":"ERROR","args":["Échec du rafraîchissement des widgets:",{"type":"Error","message":"Failed to fetch","stack":"TypeError: Failed to fetch\n    at http://localhost:3000/__manus__/debug-collector.js:493:12\n    at refreshWidgets (http://localhost:3000/src/components/SidebarLayout.tsx:200:25)\n    at executeDispatch (http://localhost:3000/@fs/home/jhonsard/Documents/Programation/TFC/IDS-IPS-PROJECT/frontend/node_modules/.vite/deps/react-dom_client.js?v=73546cf9:13622:11)\n    at runWithFiberInDEV (http://localhost:3000/@fs/home/jhonsard/Documents/Programation/TFC/IDS-IPS-PROJECT/frontend/node_modules/.vite/deps/react-dom_client.js?v=73546cf9:997:72)\n    at processDispatchQueue (http://localhost:3000/@fs/home/jhonsard/Documents/Programation/TFC/IDS-IPS-PROJECT/frontend/node_modules/.vite/deps/react-dom_client.js?v=73546cf9:13658:37)\n    at http://localhost:3000/@fs/home/jhonsard/Documents/Programation/TFC/IDS-IPS-PROJECT/frontend/node_modules/.vite/deps/react-dom_client.js?v=73546cf9:14071:11\n    at batchedUpdates$1 (http://localhost:3000/@fs/home/jhonsard/Documents/Programation/TFC/IDS-IPS-PROJECT/frontend/node_modules/.vite/deps/react-dom_client.js?v=73546cf9:2626:42)\n    at dispatchEventForPluginEventSystem (http://localhost:3000/@fs/home/jhonsard/Documents/Programation/TFC/IDS-IPS-PROJECT/frontend/node_modules/.vite/deps/react-dom_client.js?v=73546cf9:13763:9)\n    at dispatchEvent (http://localhost:3000/@fs/home/jhonsard/Documents/Programation/TFC/IDS-IPS-PROJECT/frontend/node_modules/.vite/deps/react-dom_client.js?v=73546cf9:16784:13)\n    at dispatchDiscreteEvent (http://localhost:3000/@fs/home/jhonsard/Documents/Programation/TFC/IDS-IPS-PROJECT/frontend/node_modules/.vite/deps/react-dom_client.js?v=73546cf9:16765:62)"}],"stack":"Error\n    at console.error (http://localhost:3000/__manus__/debug-collector.js:391:37)\n    at refreshWidgets (http://localhost:3000/src/components/SidebarLayout.tsx:220:15)"}
[2026-08-26T09:42:28.115Z] {"timestamp":1787737346993,"level":"ERROR","args":["Échec du rafraîchissement des widgets:",{"type":"Error","message":"Failed to fetch","stack":"TypeError: Failed to fetch\n    at http://localhost:3000/__manus__/debug-collector.js:493:12\n    at refreshWidgets (http://localhost:3000/src/components/SidebarLayout.tsx:200:25)\n    at executeDispatch (http://localhost:3000/@fs/home/jhonsard/Documents/Programation/TFC/IDS-IPS-PROJECT/frontend/node_modules/.vite/deps/react-dom_client.js?v=73546cf9:13622:11)\n    at runWithFiberInDEV (http://localhost:3000/@fs/home/jhonsard/Documents/Programation/TFC/IDS-IPS-PROJECT/frontend/node_modules/.vite/deps/react-dom_client.js?v=73546cf9:997:72)\n    at processDispatchQueue (http://localhost:3000/@fs/home/jhonsard/Documents/Programation/TFC/IDS-IPS-PROJECT/frontend/node_modules/.vite/deps/react-dom_client.js?v=73546cf9:13658:37)\n    at http://localhost:3000/@fs/home/jhonsard/Documents/Programation/TFC/IDS-IPS-PROJECT/frontend/node_modules/.vite/deps/react-dom_client.js?v=73546cf9:14071:11\n    at batchedUpdates$1 (http://localhost:3000/@fs/home/jhonsard/Documents/Programation/TFC/IDS-IPS-PROJECT/frontend/node_modules/.vite/deps/react-dom_client.js?v=73546cf9:2626:42)\n    at dispatchEventForPluginEventSystem (http://localhost:3000/@fs/home/jhonsard/Documents/Programation/TFC/IDS-IPS-PROJECT/frontend/node_modules/.vite/deps/react-dom_client.js?v=73546cf9:13763:9)\n    at dispatchEvent (http://localhost:3000/@fs/home/jhonsard/Documents/Programation/TFC/IDS-IPS-PROJECT/frontend/node_modules/.vite/deps/react-dom_client.js?v=73546cf9:16784:13)\n    at dispatchDiscreteEvent (http://localhost:3000/@fs/home/jhonsard/Documents/Programation/TFC/IDS-IPS-PROJECT/frontend/node_modules/.vite/deps/react-dom_client.js?v=73546cf9:16765:62)"}],"stack":"Error\n    at console.error (http://localhost:3000/__manus__/debug-collector.js:391:37)\n    at refreshWidgets (http://localhost:3000/src/components/SidebarLayout.tsx:220:15)"}
[2026-08-26T09:43:32.023Z] {"timestamp":1787737411209,"level":"ERROR","args":[{"type":"Error","message":"Failed to fetch","stack":"TypeError: Failed to fetch\n    at http://localhost:3000/__manus__/debug-collector.js:493:12\n    at fetchBanned (http://localhost:3000/src/components/BannedHosts.tsx:14:27)\n    at http://localhost:3000/src/components/BannedHosts.tsx:30:5\n    at Object.react_stack_bottom_frame (http://localhost:3000/@fs/home/jhonsard/Documents/Programation/TFC/IDS-IPS-PROJECT/frontend/node_modules/.vite/deps/react-dom_client.js?v=73546cf9:18567:20)\n    at runWithFiberInDEV (http://localhost:3000/@fs/home/jhonsard/Documents/Programation/TFC/IDS-IPS-PROJECT/frontend/node_modules/.vite/deps/react-dom_client.js?v=73546cf9:997:72)\n    at commitHookEffectListMount (http://localhost:3000/@fs/home/jhonsard/Documents/Programation/TFC/IDS-IPS-PROJECT/frontend/node_modules/.vite/deps/react-dom_client.js?v=73546cf9:9411:163)\n    at commitHookPassiveMountEffects (http://localhost:3000/@fs/home/jhonsard/Documents/Programation/TFC/IDS-IPS-PROJECT/frontend/node_modules/.vite/deps/react-dom_client.js?v=73546cf9:9465:60)\n    at commitPassiveMountOnFiber (http://localhost:3000/@fs/home/jhonsard/Documents/Programation/TFC/IDS-IPS-PROJECT/frontend/node_modules/.vite/deps/react-dom_client.js?v=73546cf9:11040:29)\n    at recursivelyTraversePassiveMountEffects (http://localhost:3000/@fs/home/jhonsard/Documents/Programation/TFC/IDS-IPS-PROJECT/frontend/node_modules/.vite/deps/react-dom_client.js?v=73546cf9:11010:13)\n    at commitPassiveMountOnFiber (http://localhost:3000/@fs/home/jhonsard/Documents/Programation/TFC/IDS-IPS-PROJECT/frontend/node_modules/.vite/deps/react-dom_client.js?v=73546cf9:11201:13)"}],"stack":"Error\n    at console.error (http://localhost:3000/__manus__/debug-collector.js:391:37)\n    at fetchBanned (http://localhost:3000/src/components/BannedHosts.tsx:27:17)"}
[2026-08-26T09:43:34.024Z] {"timestamp":1787737413088,"level":"ERROR","args":["Error fetching hierarchy:",{"type":"Error","message":"Failed to fetch","stack":"TypeError: Failed to fetch\n    at http://localhost:3000/__manus__/debug-collector.js:493:12\n    at fetchHierarchy (http://localhost:3000/src/pages/NodesManagement.tsx:22:30)\n    at http://localhost:3000/src/pages/NodesManagement.tsx:143:5\n    at Object.react_stack_bottom_frame (http://localhost:3000/@fs/home/jhonsard/Documents/Programation/TFC/IDS-IPS-PROJECT/frontend/node_modules/.vite/deps/react-dom_client.js?v=73546cf9:18567:20)\n    at runWithFiberInDEV (http://localhost:3000/@fs/home/jhonsard/Documents/Programation/TFC/IDS-IPS-PROJECT/frontend/node_modules/.vite/deps/react-dom_client.js?v=73546cf9:997:72)\n    at commitHookEffectListMount (http://localhost:3000/@fs/home/jhonsard/Documents/Programation/TFC/IDS-IPS-PROJECT/frontend/node_modules/.vite/deps/react-dom_client.js?v=73546cf9:9411:163)\n    at commitHookPassiveMountEffects (http://localhost:3000/@fs/home/jhonsard/Documents/Programation/TFC/IDS-IPS-PROJECT/frontend/node_modules/.vite/deps/react-dom_client.js?v=73546cf9:9465:60)\n    at commitPassiveMountOnFiber (http://localhost:3000/@fs/home/jhonsard/Documents/Programation/TFC/IDS-IPS-PROJECT/frontend/node_modules/.vite/deps/react-dom_client.js?v=73546cf9:11040:29)\n    at recursivelyTraversePassiveMountEffects (http://localhost:3000/@fs/home/jhonsard/Documents/Programation/TFC/IDS-IPS-PROJECT/frontend/node_modules/.vite/deps/react-dom_client.js?v=73546cf9:11010:13)\n    at commitPassiveMountOnFiber (http://localhost:3000/@fs/home/jhonsard/Documents/Programation/TFC/IDS-IPS-PROJECT/frontend/node_modules/.vite/deps/react-dom_client.js?v=73546cf9:11201:13)"}],"stack":"Error\n    at console.error (http://localhost:3000/__manus__/debug-collector.js:391:37)\n    at fetchHierarchy (http://localhost:3000/src/pages/NodesManagement.tsx:34:15)"}
[2026-08-26T09:43:34.024Z] {"timestamp":1787737413089,"level":"ERROR","args":["Error fetching stats:",{"type":"Error","message":"Failed to fetch","stack":"TypeError: Failed to fetch\n    at http://localhost:3000/__manus__/debug-collector.js:493:12\n    at fetchAggregatedStats (http://localhost:3000/src/pages/NodesManagement.tsx:43:30)\n    at http://localhost:3000/src/pages/NodesManagement.tsx:144:5\n    at Object.react_stack_bottom_frame (http://localhost:3000/@fs/home/jhonsard/Documents/Programation/TFC/IDS-IPS-PROJECT/frontend/node_modules/.vite/deps/react-dom_client.js?v=73546cf9:18567:20)\n    at runWithFiberInDEV (http://localhost:3000/@fs/home/jhonsard/Documents/Programation/TFC/IDS-IPS-PROJECT/frontend/node_modules/.vite/deps/react-dom_client.js?v=73546cf9:997:72)\n    at commitHookEffectListMount (http://localhost:3000/@fs/home/jhonsard/Documents/Programation/TFC/IDS-IPS-PROJECT/frontend/node_modules/.vite/deps/react-dom_client.js?v=73546cf9:9411:163)\n    at commitHookPassiveMountEffects (http://localhost:3000/@fs/home/jhonsard/Documents/Programation/TFC/IDS-IPS-PROJECT/frontend/node_modules/.vite/deps/react-dom_client.js?v=73546cf9:9465:60)\n    at commitPassiveMountOnFiber (http://localhost:3000/@fs/home/jhonsard/Documents/Programation/TFC/IDS-IPS-PROJECT/frontend/node_modules/.vite/deps/react-dom_client.js?v=73546cf9:11040:29)\n    at recursivelyTraversePassiveMountEffects (http://localhost:3000/@fs/home/jhonsard/Documents/Programation/TFC/IDS-IPS-PROJECT/frontend/node_modules/.vite/deps/react-dom_client.js?v=73546cf9:11010:13)\n    at commitPassiveMountOnFiber (http://localhost:3000/@fs/home/jhonsard/Documents/Programation/TFC/IDS-IPS-PROJECT/frontend/node_modules/.vite/deps/react-dom_client.js?v=73546cf9:11201:13)"}],"stack":"Error\n    at console.error (http://localhost:3000/__manus__/debug-collector.js:391:37)\n    at fetchAggregatedStats (http://localhost:3000/src/pages/NodesManagement.tsx:55:15)"}
[2026-08-26T09:43:36.024Z] {"timestamp":1787737414278,"level":"ERROR","args":["Error fetching email config:",{"type":"Error","message":"Failed to fetch","stack":"TypeError: Failed to fetch\n    at http://localhost:3000/__manus__/debug-collector.js:493:12\n    at fetchEmailConfig (http://localhost:3000/src/pages/Settings.tsx:63:30)\n    at http://localhost:3000/src/pages/Settings.tsx:143:5\n    at Object.react_stack_bottom_frame (http://localhost:3000/@fs/home/jhonsard/Documents/Programation/TFC/IDS-IPS-PROJECT/frontend/node_modules/.vite/deps/react-dom_client.js?v=73546cf9:18567:20)\n    at runWithFiberInDEV (http://localhost:3000/@fs/home/jhonsard/Documents/Programation/TFC/IDS-IPS-PROJECT/frontend/node_modules/.vite/deps/react-dom_client.js?v=73546cf9:997:72)\n    at commitHookEffectListMount (http://localhost:3000/@fs/home/jhonsard/Documents/Programation/TFC/IDS-IPS-PROJECT/frontend/node_modules/.vite/deps/react-dom_client.js?v=73546cf9:9411:163)\n    at commitHookPassiveMountEffects (http://localhost:3000/@fs/home/jhonsard/Documents/Programation/TFC/IDS-IPS-PROJECT/frontend/node_modules/.vite/deps/react-dom_client.js?v=73546cf9:9465:60)\n    at commitPassiveMountOnFiber (http://localhost:3000/@fs/home/jhonsard/Documents/Programation/TFC/IDS-IPS-PROJECT/frontend/node_modules/.vite/deps/react-dom_client.js?v=73546cf9:11040:29)\n    at recursivelyTraversePassiveMountEffects (http://localhost:3000/@fs/home/jhonsard/Documents/Programation/TFC/IDS-IPS-PROJECT/frontend/node_modules/.vite/deps/react-dom_client.js?v=73546cf9:11010:13)\n    at commitPassiveMountOnFiber (http://localhost:3000/@fs/home/jhonsard/Documents/Programation/TFC/IDS-IPS-PROJECT/frontend/node_modules/.vite/deps/react-dom_client.js?v=73546cf9:11201:13)"}],"stack":"Error\n    at console.error (http://localhost:3000/__manus__/debug-collector.js:391:37)\n    at fetchEmailConfig (http://localhost:3000/src/pages/Settings.tsx:83:15)"}
[2026-08-26T09:43:36.024Z] {"timestamp":1787737414279,"level":"ERROR","args":["AI status:",{"type":"Error","message":"Failed to fetch","stack":"TypeError: Failed to fetch\n    at http://localhost:3000/__manus__/debug-collector.js:493:12\n    at fetchAIStatus (http://localhost:3000/src/pages/Settings.tsx:165:25)\n    at http://localhost:3000/src/pages/Settings.tsx:260:5\n    at Object.react_stack_bottom_frame (http://localhost:3000/@fs/home/jhonsard/Documents/Programation/TFC/IDS-IPS-PROJECT/frontend/node_modules/.vite/deps/react-dom_client.js?v=73546cf9:18567:20)\n    at runWithFiberInDEV (http://localhost:3000/@fs/home/jhonsard/Documents/Programation/TFC/IDS-IPS-PROJECT/frontend/node_modules/.vite/deps/react-dom_client.js?v=73546cf9:997:72)\n    at commitHookEffectListMount (http://localhost:3000/@fs/home/jhonsard/Documents/Programation/TFC/IDS-IPS-PROJECT/frontend/node_modules/.vite/deps/react-dom_client.js?v=73546cf9:9411:163)\n    at commitHookPassiveMountEffects (http://localhost:3000/@fs/home/jhonsard/Documents/Programation/TFC/IDS-IPS-PROJECT/frontend/node_modules/.vite/deps/react-dom_client.js?v=73546cf9:9465:60)\n    at commitPassiveMountOnFiber (http://localhost:3000/@fs/home/jhonsard/Documents/Programation/TFC/IDS-IPS-PROJECT/frontend/node_modules/.vite/deps/react-dom_client.js?v=73546cf9:11040:29)\n    at recursivelyTraversePassiveMountEffects (http://localhost:3000/@fs/home/jhonsard/Documents/Programation/TFC/IDS-IPS-PROJECT/frontend/node_modules/.vite/deps/react-dom_client.js?v=73546cf9:11010:13)\n    at commitPassiveMountOnFiber (http://localhost:3000/@fs/home/jhonsard/Documents/Programation/TFC/IDS-IPS-PROJECT/frontend/node_modules/.vite/deps/react-dom_client.js?v=73546cf9:11201:13)"}],"stack":"Error\n    at console.error (http://localhost:3000/__manus__/debug-collector.js:391:37)\n    at fetchAIStatus (http://localhost:3000/src/pages/Settings.tsx:176:15)"}
[2026-08-26T12:28:44.957Z] {"timestamp":1787747321951,"level":"DEBUG","args":["[Seeyou] Debug collector initialized (no rrweb, UI events only)"],"stack":null}
[2026-08-26T12:28:44.957Z] {"timestamp":1787747322023,"level":"DEBUG","args":["[vite] connected."],"stack":null}
[2026-08-26T12:28:44.957Z] {"timestamp":1787747323750,"level":"INFO","args":["%cDownload the React DevTools for a better development experience: https://react.dev/link/react-devtools","font-weight:bold"],"stack":null}
[2026-08-26T12:28:45.956Z] {"timestamp":1787747324952,"level":"ERROR","args":["Échec de synchronisation avec l'historique permanent de la BDD."],"stack":"Error\n    at console.<computed> [as error] (http://localhost:3000/__seeyou_debug__/debug-collector.js:391:37)\n    at fetchAlertsHistory (http://localhost:3000/src/components/SidebarLayout.tsx:60:19)"}
[2026-08-29T00:33:03.821Z] {"timestamp":1787963580596,"level":"DEBUG","args":["[Seeyou] Debug collector initialized (no rrweb, UI events only)"],"stack":null}
[2026-08-29T00:33:03.821Z] {"timestamp":1787963580909,"level":"DEBUG","args":["[vite] connected."],"stack":null}
[2026-08-29T00:33:03.821Z] {"timestamp":1787963583397,"level":"INFO","args":["%cDownload the React DevTools for a better development experience: https://react.dev/link/react-devtools","font-weight:bold"],"stack":null}
[2026-08-29T00:36:31.562Z] {"timestamp":1787963791360,"level":"DEBUG","args":["[vite]","hot updated: /src/pages/WelcomeAuth.tsx"],"stack":null}
[2026-08-29T00:36:31.562Z] {"timestamp":1787963791361,"level":"DEBUG","args":["[vite]","hot updated: /src/index.css"],"stack":null}
[2026-08-29T00:36:41.562Z] {"timestamp":1787963800015,"level":"DEBUG","args":["[vite]","hot updated: /src/pages/WelcomeAuth.tsx"],"stack":null}
[2026-08-29T00:36:41.562Z] {"timestamp":1787963800016,"level":"DEBUG","args":["[vite]","hot updated: /src/index.css"],"stack":null}
[2026-08-29T00:36:51.620Z] {"timestamp":1787963810181,"level":"DEBUG","args":["[vite]","hot updated: /src/pages/WelcomeAuth.tsx"],"stack":null}
[2026-08-29T00:36:51.620Z] {"timestamp":1787963810184,"level":"DEBUG","args":["[vite]","hot updated: /src/index.css"],"stack":null}
[2026-08-29T00:37:20.738Z] {"timestamp":1787963813121,"level":"DEBUG","args":["[vite]","hot updated: /src/pages/WelcomeAuth.tsx"],"stack":null}
[2026-08-29T00:37:20.738Z] {"timestamp":1787963813121,"level":"DEBUG","args":["[vite]","hot updated: /src/index.css"],"stack":null}
[2026-08-29T00:37:20.738Z] {"timestamp":1787963823115,"level":"DEBUG","args":["[vite]","hot updated: /src/pages/WelcomeAuth.tsx"],"stack":null}
[2026-08-29T00:37:20.738Z] {"timestamp":1787963823115,"level":"DEBUG","args":["[vite]","hot updated: /src/index.css"],"stack":null}
[2026-08-29T00:37:20.738Z] {"timestamp":1787963826882,"level":"DEBUG","args":["[vite]","hot updated: /src/pages/WelcomeAuth.tsx"],"stack":null}
[2026-08-29T00:37:20.738Z] {"timestamp":1787963826882,"level":"DEBUG","args":["[vite]","hot updated: /src/index.css"],"stack":null}
[2026-08-29T00:37:20.738Z] {"timestamp":1787963829387,"level":"DEBUG","args":["[vite]","hot updated: /src/pages/WelcomeAuth.tsx"],"stack":null}
[2026-08-29T00:37:20.738Z] {"timestamp":1787963829387,"level":"DEBUG","args":["[vite]","hot updated: /src/index.css"],"stack":null}
[2026-08-29T00:37:20.738Z] {"timestamp":1787963836061,"level":"DEBUG","args":["[vite]","hot updated: /src/pages/WelcomeAuth.tsx"],"stack":null}
[2026-08-29T00:37:20.738Z] {"timestamp":1787963836061,"level":"DEBUG","args":["[vite]","hot updated: /src/index.css"],"stack":null}
[2026-08-29T00:37:20.738Z] {"timestamp":1787963838882,"level":"DEBUG","args":["[vite]","hot updated: /src/pages/WelcomeAuth.tsx"],"stack":null}
[2026-08-29T00:37:20.738Z] {"timestamp":1787963838882,"level":"DEBUG","args":["[vite]","hot updated: /src/index.css"],"stack":null}
[2026-08-29T00:37:39.592Z] {"timestamp":1787963858492,"level":"DEBUG","args":["[vite]","hot updated: /src/pages/WelcomeAuth.tsx"],"stack":null}
[2026-08-29T00:37:39.592Z] {"timestamp":1787963858493,"level":"DEBUG","args":["[vite]","hot updated: /src/index.css"],"stack":null}
[2026-08-29T00:37:41.561Z] {"timestamp":1787963860402,"level":"DEBUG","args":["[vite]","hot updated: /src/pages/WelcomeAuth.tsx"],"stack":null}
[2026-08-29T00:37:41.561Z] {"timestamp":1787963860402,"level":"DEBUG","args":["[vite]","hot updated: /src/index.css"],"stack":null}
[2026-08-29T00:37:43.562Z] {"timestamp":1787963862446,"level":"DEBUG","args":["[vite]","hot updated: /src/pages/WelcomeAuth.tsx"],"stack":null}
[2026-08-29T00:37:43.562Z] {"timestamp":1787963862446,"level":"DEBUG","args":["[vite]","hot updated: /src/index.css"],"stack":null}
[2026-08-29T00:37:47.563Z] {"timestamp":1787963866634,"level":"DEBUG","args":["[vite]","hot updated: /src/pages/WelcomeAuth.tsx"],"stack":null}
[2026-08-29T00:37:47.563Z] {"timestamp":1787963866635,"level":"DEBUG","args":["[vite]","hot updated: /src/index.css"],"stack":null}
[2026-08-29T00:38:23.562Z] {"timestamp":1787963901989,"level":"DEBUG","args":["[vite]","hot updated: /src/pages/WelcomeAuth.tsx"],"stack":null}
[2026-08-29T00:38:23.562Z] {"timestamp":1787963901990,"level":"DEBUG","args":["[vite]","hot updated: /src/index.css"],"stack":null}
[2026-08-29T00:38:23.562Z] {"timestamp":1787963903426,"level":"DEBUG","args":["[vite]","hot updated: /src/pages/WelcomeAuth.tsx"],"stack":null}
[2026-08-29T00:38:23.562Z] {"timestamp":1787963903426,"level":"DEBUG","args":["[vite]","hot updated: /src/index.css"],"stack":null}
[2026-08-29T00:38:27.562Z] {"timestamp":1787963907431,"level":"DEBUG","args":["[vite]","hot updated: /src/pages/WelcomeAuth.tsx"],"stack":null}
[2026-08-29T00:38:27.562Z] {"timestamp":1787963907431,"level":"DEBUG","args":["[vite]","hot updated: /src/index.css"],"stack":null}
[2026-08-29T00:39:34.562Z] {"timestamp":1787963915684,"level":"DEBUG","args":["[vite]","hot updated: /src/pages/WelcomeAuth.tsx"],"stack":null}
[2026-08-29T00:39:34.562Z] {"timestamp":1787963915684,"level":"DEBUG","args":["[vite]","hot updated: /src/index.css"],"stack":null}
[2026-08-29T00:39:34.562Z] {"timestamp":1787963921115,"level":"DEBUG","args":["[vite]","hot updated: /src/pages/WelcomeAuth.tsx"],"stack":null}
[2026-08-29T00:39:34.562Z] {"timestamp":1787963921115,"level":"DEBUG","args":["[vite]","hot updated: /src/index.css"],"stack":null}
[2026-08-29T00:39:34.562Z] {"timestamp":1787963935985,"level":"DEBUG","args":["[vite]","hot updated: /src/pages/WelcomeAuth.tsx"],"stack":null}
[2026-08-29T00:39:34.562Z] {"timestamp":1787963935985,"level":"DEBUG","args":["[vite]","hot updated: /src/index.css"],"stack":null}
[2026-08-29T00:39:34.562Z] {"timestamp":1787963938105,"level":"DEBUG","args":["[vite]","hot updated: /src/pages/WelcomeAuth.tsx"],"stack":null}
[2026-08-29T00:39:34.562Z] {"timestamp":1787963938105,"level":"DEBUG","args":["[vite]","hot updated: /src/index.css"],"stack":null}
[2026-08-29T00:39:34.562Z] {"timestamp":1787963945615,"level":"DEBUG","args":["[vite]","hot updated: /src/pages/WelcomeAuth.tsx"],"stack":null}
[2026-08-29T00:39:34.562Z] {"timestamp":1787963945615,"level":"DEBUG","args":["[vite]","hot updated: /src/index.css"],"stack":null}
[2026-08-29T00:39:34.562Z] {"timestamp":1787963947809,"level":"DEBUG","args":["[vite]","hot updated: /src/pages/WelcomeAuth.tsx"],"stack":null}
[2026-08-29T00:39:34.562Z] {"timestamp":1787963947810,"level":"DEBUG","args":["[vite]","hot updated: /src/index.css"],"stack":null}
[2026-08-29T00:39:34.562Z] {"timestamp":1787963952712,"level":"DEBUG","args":["[vite]","hot updated: /src/pages/WelcomeAuth.tsx"],"stack":null}
[2026-08-29T00:39:34.562Z] {"timestamp":1787963952713,"level":"DEBUG","args":["[vite]","hot updated: /src/index.css"],"stack":null}
[2026-08-29T00:39:34.562Z] {"timestamp":1787963953787,"level":"DEBUG","args":["[vite]","hot updated: /src/pages/WelcomeAuth.tsx"],"stack":null}
[2026-08-29T00:39:34.562Z] {"timestamp":1787963953787,"level":"DEBUG","args":["[vite]","hot updated: /src/index.css"],"stack":null}
[2026-08-29T00:39:34.562Z] {"timestamp":1787963956323,"level":"DEBUG","args":["[vite]","hot updated: /src/pages/WelcomeAuth.tsx"],"stack":null}
[2026-08-29T00:39:34.562Z] {"timestamp":1787963956323,"level":"DEBUG","args":["[vite]","hot updated: /src/index.css"],"stack":null}
[2026-08-29T00:39:34.562Z] {"timestamp":1787963958911,"level":"DEBUG","args":["[vite]","hot updated: /src/pages/WelcomeAuth.tsx"],"stack":null}
[2026-08-29T00:39:34.562Z] {"timestamp":1787963958911,"level":"DEBUG","args":["[vite]","hot updated: /src/index.css"],"stack":null}
[2026-08-29T00:39:34.562Z] {"timestamp":1787963962120,"level":"DEBUG","args":["[vite]","hot updated: /src/pages/WelcomeAuth.tsx"],"stack":null}
[2026-08-29T00:39:34.562Z] {"timestamp":1787963962120,"level":"DEBUG","args":["[vite]","hot updated: /src/index.css"],"stack":null}
[2026-08-29T00:39:34.562Z] {"timestamp":1787963964842,"level":"DEBUG","args":["[vite]","hot updated: /src/pages/WelcomeAuth.tsx"],"stack":null}
[2026-08-29T00:39:34.562Z] {"timestamp":1787963964843,"level":"DEBUG","args":["[vite]","hot updated: /src/index.css"],"stack":null}
[2026-08-29T00:39:34.562Z] {"timestamp":1787963966315,"level":"DEBUG","args":["[vite]","hot updated: /src/pages/WelcomeAuth.tsx"],"stack":null}
[2026-08-29T00:39:34.562Z] {"timestamp":1787963966316,"level":"DEBUG","args":["[vite]","hot updated: /src/index.css"],"stack":null}
[2026-08-29T00:39:34.562Z] {"timestamp":1787963967637,"level":"DEBUG","args":["[vite]","hot updated: /src/pages/WelcomeAuth.tsx"],"stack":null}
[2026-08-29T00:39:34.562Z] {"timestamp":1787963967637,"level":"DEBUG","args":["[vite]","hot updated: /src/index.css"],"stack":null}
[2026-08-29T00:39:34.562Z] {"timestamp":1787963969919,"level":"DEBUG","args":["[vite]","hot updated: /src/pages/WelcomeAuth.tsx"],"stack":null}
[2026-08-29T00:39:34.562Z] {"timestamp":1787963969920,"level":"DEBUG","args":["[vite]","hot updated: /src/index.css"],"stack":null}
[2026-08-29T00:39:34.562Z] {"timestamp":1787963971411,"level":"DEBUG","args":["[vite]","hot updated: /src/pages/WelcomeAuth.tsx"],"stack":null}
[2026-08-29T00:39:34.562Z] {"timestamp":1787963971411,"level":"DEBUG","args":["[vite]","hot updated: /src/index.css"],"stack":null}
[2026-08-29T00:40:34.562Z] {"timestamp":1787963975019,"level":"DEBUG","args":["[vite]","hot updated: /src/pages/WelcomeAuth.tsx"],"stack":null}
[2026-08-29T00:40:34.562Z] {"timestamp":1787963975019,"level":"DEBUG","args":["[vite]","hot updated: /src/index.css"],"stack":null}
[2026-08-29T00:40:34.562Z] {"timestamp":1787963978832,"level":"DEBUG","args":["[vite]","hot updated: /src/pages/WelcomeAuth.tsx"],"stack":null}
[2026-08-29T00:40:34.563Z] {"timestamp":1787963978832,"level":"DEBUG","args":["[vite]","hot updated: /src/index.css"],"stack":null}
[2026-08-29T00:40:34.563Z] {"timestamp":1787963980315,"level":"DEBUG","args":["[vite]","hot updated: /src/pages/WelcomeAuth.tsx"],"stack":null}
[2026-08-29T00:40:34.563Z] {"timestamp":1787963980315,"level":"DEBUG","args":["[vite]","hot updated: /src/index.css"],"stack":null}
[2026-08-29T00:40:34.563Z] {"timestamp":1787963986194,"level":"DEBUG","args":["[vite]","hot updated: /src/pages/WelcomeAuth.tsx"],"stack":null}
[2026-08-29T00:40:34.563Z] {"timestamp":1787963986194,"level":"DEBUG","args":["[vite]","hot updated: /src/index.css"],"stack":null}
[2026-08-29T00:40:34.563Z] {"timestamp":1787963995761,"level":"DEBUG","args":["[vite]","hot updated: /src/pages/WelcomeAuth.tsx"],"stack":null}
[2026-08-29T00:40:34.563Z] {"timestamp":1787963995762,"level":"DEBUG","args":["[vite]","hot updated: /src/index.css"],"stack":null}
[2026-08-29T00:40:34.563Z] {"timestamp":1787963997737,"level":"DEBUG","args":["[vite]","hot updated: /src/pages/WelcomeAuth.tsx"],"stack":null}
[2026-08-29T00:40:34.563Z] {"timestamp":1787963997737,"level":"DEBUG","args":["[vite]","hot updated: /src/index.css"],"stack":null}
[2026-08-29T00:40:34.563Z] {"timestamp":1787963998700,"level":"DEBUG","args":["[vite]","hot updated: /src/pages/WelcomeAuth.tsx"],"stack":null}
[2026-08-29T00:40:34.563Z] {"timestamp":1787963998700,"level":"DEBUG","args":["[vite]","hot updated: /src/index.css"],"stack":null}
[2026-08-29T00:40:34.563Z] {"timestamp":1787963999770,"level":"DEBUG","args":["[vite]","hot updated: /src/pages/WelcomeAuth.tsx"],"stack":null}
[2026-08-29T00:40:34.563Z] {"timestamp":1787963999770,"level":"DEBUG","args":["[vite]","hot updated: /src/index.css"],"stack":null}
[2026-08-29T00:40:34.563Z] {"timestamp":1787964001870,"level":"DEBUG","args":["[vite]","hot updated: /src/pages/WelcomeAuth.tsx"],"stack":null}
[2026-08-29T00:40:34.563Z] {"timestamp":1787964001871,"level":"DEBUG","args":["[vite]","hot updated: /src/index.css"],"stack":null}
[2026-08-29T00:40:34.563Z] {"timestamp":1787964004606,"level":"DEBUG","args":["[vite]","hot updated: /src/pages/WelcomeAuth.tsx"],"stack":null}
[2026-08-29T00:40:34.563Z] {"timestamp":1787964004606,"level":"DEBUG","args":["[vite]","hot updated: /src/index.css"],"stack":null}
[2026-08-29T00:40:34.563Z] {"timestamp":1787964009440,"level":"DEBUG","args":["[vite]","hot updated: /src/pages/WelcomeAuth.tsx"],"stack":null}
[2026-08-29T00:40:34.563Z] {"timestamp":1787964009440,"level":"DEBUG","args":["[vite]","hot updated: /src/index.css"],"stack":null}
[2026-08-29T00:40:34.563Z] {"timestamp":1787964010800,"level":"DEBUG","args":["[vite]","hot updated: /src/pages/WelcomeAuth.tsx"],"stack":null}
[2026-08-29T00:40:34.563Z] {"timestamp":1787964010800,"level":"DEBUG","args":["[vite]","hot updated: /src/index.css"],"stack":null}
[2026-08-29T00:40:34.563Z] {"timestamp":1787964026081,"level":"DEBUG","args":["[vite]","hot updated: /src/pages/WelcomeAuth.tsx"],"stack":null}
[2026-08-29T00:40:34.563Z] {"timestamp":1787964026081,"level":"DEBUG","args":["[vite]","hot updated: /src/index.css"],"stack":null}
[2026-08-29T00:40:34.563Z] {"timestamp":1787964029795,"level":"DEBUG","args":["[vite]","hot updated: /src/pages/WelcomeAuth.tsx"],"stack":null}
[2026-08-29T00:40:34.563Z] {"timestamp":1787964029795,"level":"DEBUG","args":["[vite]","hot updated: /src/index.css"],"stack":null}
[2026-08-29T00:40:34.563Z] {"timestamp":1787964031869,"level":"DEBUG","args":["[vite]","hot updated: /src/pages/WelcomeAuth.tsx"],"stack":null}
[2026-08-29T00:40:34.563Z] {"timestamp":1787964031869,"level":"DEBUG","args":["[vite]","hot updated: /src/index.css"],"stack":null}
[2026-08-29T00:40:34.563Z] {"timestamp":1787964034473,"level":"DEBUG","args":["[vite]","hot updated: /src/pages/WelcomeAuth.tsx"],"stack":null}
[2026-08-29T00:40:34.563Z] {"timestamp":1787964034473,"level":"DEBUG","args":["[vite]","hot updated: /src/index.css"],"stack":null}
[2026-08-29T00:41:34.593Z] {"timestamp":1787964044267,"level":"DEBUG","args":["[vite]","hot updated: /src/pages/WelcomeAuth.tsx"],"stack":null}
[2026-08-29T00:41:34.594Z] {"timestamp":1787964044268,"level":"DEBUG","args":["[vite]","hot updated: /src/index.css"],"stack":null}
[2026-08-29T00:41:34.594Z] {"timestamp":1787964047190,"level":"DEBUG","args":["[vite]","hot updated: /src/pages/WelcomeAuth.tsx"],"stack":null}
[2026-08-29T00:41:34.594Z] {"timestamp":1787964047196,"level":"DEBUG","args":["[vite]","hot updated: /src/index.css"],"stack":null}
[2026-08-29T00:41:34.594Z] {"timestamp":1787964051787,"level":"DEBUG","args":["[vite]","hot updated: /src/pages/WelcomeAuth.tsx"],"stack":null}
[2026-08-29T00:41:34.594Z] {"timestamp":1787964051787,"level":"DEBUG","args":["[vite]","hot updated: /src/index.css"],"stack":null}
[2026-08-29T00:41:34.594Z] {"timestamp":1787964056393,"level":"DEBUG","args":["[vite]","hot updated: /src/pages/WelcomeAuth.tsx"],"stack":null}
[2026-08-29T00:41:34.594Z] {"timestamp":1787964056396,"level":"DEBUG","args":["[vite]","hot updated: /src/index.css"],"stack":null}
[2026-08-29T00:41:34.594Z] {"timestamp":1787964058098,"level":"DEBUG","args":["[vite]","hot updated: /src/pages/WelcomeAuth.tsx"],"stack":null}
[2026-08-29T00:41:34.594Z] {"timestamp":1787964058098,"level":"DEBUG","args":["[vite]","hot updated: /src/index.css"],"stack":null}
[2026-08-29T00:41:34.594Z] {"timestamp":1787964060358,"level":"DEBUG","args":["[vite]","hot updated: /src/pages/WelcomeAuth.tsx"],"stack":null}
[2026-08-29T00:41:34.594Z] {"timestamp":1787964060358,"level":"DEBUG","args":["[vite]","hot updated: /src/index.css"],"stack":null}
[2026-08-29T00:41:34.594Z] {"timestamp":1787964084064,"level":"DEBUG","args":["[vite]","hot updated: /src/pages/WelcomeAuth.tsx"],"stack":null}
[2026-08-29T00:41:34.594Z] {"timestamp":1787964084064,"level":"DEBUG","args":["[vite]","hot updated: /src/index.css"],"stack":null}
[2026-08-29T00:41:34.594Z] {"timestamp":1787964089657,"level":"DEBUG","args":["[vite]","hot updated: /src/pages/WelcomeAuth.tsx"],"stack":null}
[2026-08-29T00:41:34.594Z] {"timestamp":1787964089657,"level":"DEBUG","args":["[vite]","hot updated: /src/index.css"],"stack":null}
[2026-08-29T00:41:34.594Z] {"timestamp":1787964092920,"level":"DEBUG","args":["[vite]","hot updated: /src/pages/WelcomeAuth.tsx"],"stack":null}
[2026-08-29T00:41:34.594Z] {"timestamp":1787964092920,"level":"DEBUG","args":["[vite]","hot updated: /src/index.css"],"stack":null}
[2026-08-29T00:42:34.562Z] {"timestamp":1787964097049,"level":"DEBUG","args":["[vite]","hot updated: /src/pages/WelcomeAuth.tsx"],"stack":null}
[2026-08-29T00:42:34.562Z] {"timestamp":1787964097050,"level":"DEBUG","args":["[vite]","hot updated: /src/index.css"],"stack":null}
[2026-08-29T00:42:34.562Z] {"timestamp":1787964101789,"level":"DEBUG","args":["[vite]","hot updated: /src/pages/WelcomeAuth.tsx"],"stack":null}
[2026-08-29T00:42:34.562Z] {"timestamp":1787964101790,"level":"DEBUG","args":["[vite]","hot updated: /src/index.css"],"stack":null}
[2026-08-29T00:42:34.562Z] {"timestamp":1787964105926,"level":"DEBUG","args":["[vite]","hot updated: /src/pages/WelcomeAuth.tsx"],"stack":null}
[2026-08-29T00:42:34.562Z] {"timestamp":1787964105927,"level":"DEBUG","args":["[vite]","hot updated: /src/index.css"],"stack":null}
[2026-08-29T00:42:34.562Z] {"timestamp":1787964108917,"level":"DEBUG","args":["[vite]","hot updated: /src/pages/WelcomeAuth.tsx"],"stack":null}
[2026-08-29T00:42:34.562Z] {"timestamp":1787964108918,"level":"DEBUG","args":["[vite]","hot updated: /src/index.css"],"stack":null}
[2026-08-29T00:42:34.562Z] {"timestamp":1787964111880,"level":"DEBUG","args":["[vite]","hot updated: /src/pages/WelcomeAuth.tsx"],"stack":null}
[2026-08-29T00:42:34.562Z] {"timestamp":1787964111880,"level":"DEBUG","args":["[vite]","hot updated: /src/index.css"],"stack":null}
[2026-08-29T00:42:34.562Z] {"timestamp":1787964142374,"level":"DEBUG","args":["[vite]","hot updated: /src/pages/WelcomeAuth.tsx"],"stack":null}
[2026-08-29T00:42:34.562Z] {"timestamp":1787964142376,"level":"DEBUG","args":["[vite]","hot updated: /src/index.css"],"stack":null}
[2026-08-29T00:42:34.562Z] {"timestamp":1787964148901,"level":"DEBUG","args":["[vite]","hot updated: /src/pages/WelcomeAuth.tsx"],"stack":null}
[2026-08-29T00:42:34.562Z] {"timestamp":1787964148901,"level":"DEBUG","args":["[vite]","hot updated: /src/index.css"],"stack":null}
[2026-08-29T00:42:34.562Z] {"timestamp":1787964153895,"level":"DEBUG","args":["[vite]","hot updated: /src/pages/WelcomeAuth.tsx"],"stack":null}
[2026-08-29T00:42:34.562Z] {"timestamp":1787964153895,"level":"DEBUG","args":["[vite]","hot updated: /src/index.css"],"stack":null}
[2026-08-29T00:43:34.567Z] {"timestamp":1787964162270,"level":"DEBUG","args":["[vite]","hot updated: /src/pages/WelcomeAuth.tsx"],"stack":null}
[2026-08-29T00:43:34.567Z] {"timestamp":1787964162270,"level":"DEBUG","args":["[vite]","hot updated: /src/index.css"],"stack":null}
[2026-08-29T00:43:34.567Z] {"timestamp":1787964165256,"level":"DEBUG","args":["[vite]","hot updated: /src/pages/WelcomeAuth.tsx"],"stack":null}
[2026-08-29T00:43:34.567Z] {"timestamp":1787964165256,"level":"DEBUG","args":["[vite]","hot updated: /src/index.css"],"stack":null}
[2026-08-29T00:43:34.567Z] {"timestamp":1787964168096,"level":"DEBUG","args":["[vite]","hot updated: /src/pages/WelcomeAuth.tsx"],"stack":null}
[2026-08-29T00:43:34.567Z] {"timestamp":1787964168097,"level":"DEBUG","args":["[vite]","hot updated: /src/index.css"],"stack":null}
[2026-08-29T00:43:34.567Z] {"timestamp":1787964177729,"level":"DEBUG","args":["[vite]","hot updated: /src/pages/WelcomeAuth.tsx"],"stack":null}
[2026-08-29T00:43:34.567Z] {"timestamp":1787964177730,"level":"DEBUG","args":["[vite]","hot updated: /src/index.css"],"stack":null}
[2026-08-29T00:43:34.567Z] {"timestamp":1787964183965,"level":"DEBUG","args":["[vite]","hot updated: /src/pages/WelcomeAuth.tsx"],"stack":null}
[2026-08-29T00:43:34.567Z] {"timestamp":1787964183965,"level":"DEBUG","args":["[vite]","hot updated: /src/index.css"],"stack":null}
[2026-08-29T00:43:34.567Z] {"timestamp":1787964185800,"level":"DEBUG","args":["[vite]","hot updated: /src/pages/WelcomeAuth.tsx"],"stack":null}
[2026-08-29T00:43:34.567Z] {"timestamp":1787964185800,"level":"DEBUG","args":["[vite]","hot updated: /src/index.css"],"stack":null}
[2026-08-29T00:43:34.567Z] {"timestamp":1787964187432,"level":"DEBUG","args":["[vite]","hot updated: /src/pages/WelcomeAuth.tsx"],"stack":null}
[2026-08-29T00:43:34.567Z] {"timestamp":1787964187432,"level":"DEBUG","args":["[vite]","hot updated: /src/index.css"],"stack":null}
[2026-08-29T00:43:34.567Z] {"timestamp":1787964195207,"level":"DEBUG","args":["[vite]","hot updated: /src/pages/WelcomeAuth.tsx"],"stack":null}
[2026-08-29T00:43:34.567Z] {"timestamp":1787964195208,"level":"DEBUG","args":["[vite]","hot updated: /src/index.css"],"stack":null}
[2026-08-29T00:44:34.566Z] {"timestamp":1787964231204,"level":"DEBUG","args":["[vite]","hot updated: /src/pages/WelcomeAuth.tsx"],"stack":null}
[2026-08-29T00:44:34.566Z] {"timestamp":1787964231204,"level":"DEBUG","args":["[vite]","hot updated: /src/index.css"],"stack":null}
[2026-08-29T00:44:34.566Z] {"timestamp":1787964235666,"level":"DEBUG","args":["[vite]","hot updated: /src/pages/WelcomeAuth.tsx"],"stack":null}
[2026-08-29T00:44:34.566Z] {"timestamp":1787964235666,"level":"DEBUG","args":["[vite]","hot updated: /src/index.css"],"stack":null}
[2026-08-29T00:44:34.566Z] {"timestamp":1787964236829,"level":"DEBUG","args":["[vite]","hot updated: /src/pages/WelcomeAuth.tsx"],"stack":null}
[2026-08-29T00:44:34.566Z] {"timestamp":1787964236829,"level":"DEBUG","args":["[vite]","hot updated: /src/index.css"],"stack":null}
[2026-08-29T00:44:34.566Z] {"timestamp":1787964239223,"level":"DEBUG","args":["[vite]","hot updated: /src/pages/WelcomeAuth.tsx"],"stack":null}
[2026-08-29T00:44:34.566Z] {"timestamp":1787964239224,"level":"DEBUG","args":["[vite]","hot updated: /src/index.css"],"stack":null}
[2026-08-29T00:44:34.566Z] {"timestamp":1787964240575,"level":"DEBUG","args":["[vite]","hot updated: /src/pages/WelcomeAuth.tsx"],"stack":null}
[2026-08-29T00:44:34.566Z] {"timestamp":1787964240575,"level":"DEBUG","args":["[vite]","hot updated: /src/index.css"],"stack":null}
[2026-08-29T00:44:34.566Z] {"timestamp":1787964242005,"level":"DEBUG","args":["[vite]","hot updated: /src/pages/WelcomeAuth.tsx"],"stack":null}
[2026-08-29T00:44:34.566Z] {"timestamp":1787964242005,"level":"DEBUG","args":["[vite]","hot updated: /src/index.css"],"stack":null}
[2026-08-29T00:44:34.566Z] {"timestamp":1787964243835,"level":"DEBUG","args":["[vite]","hot updated: /src/pages/WelcomeAuth.tsx"],"stack":null}
[2026-08-29T00:44:34.566Z] {"timestamp":1787964243835,"level":"DEBUG","args":["[vite]","hot updated: /src/index.css"],"stack":null}
[2026-08-29T00:44:34.566Z] {"timestamp":1787964245187,"level":"DEBUG","args":["[vite]","hot updated: /src/pages/WelcomeAuth.tsx"],"stack":null}
[2026-08-29T00:44:34.566Z] {"timestamp":1787964245187,"level":"DEBUG","args":["[vite]","hot updated: /src/index.css"],"stack":null}
[2026-08-29T00:46:47.591Z] {"timestamp":1787964406488,"level":"DEBUG","args":["[vite]","hot updated: /src/pages/WelcomeAuth.tsx"],"stack":null}
[2026-08-29T00:46:47.591Z] {"timestamp":1787964406488,"level":"DEBUG","args":["[vite]","hot updated: /src/index.css"],"stack":null}
[2026-08-29T00:46:49.566Z] {"timestamp":1787964407602,"level":"DEBUG","args":["[vite]","hot updated: /src/pages/WelcomeAuth.tsx"],"stack":null}
[2026-08-29T00:46:49.566Z] {"timestamp":1787964407602,"level":"DEBUG","args":["[vite]","hot updated: /src/index.css"],"stack":null}
[2026-08-29T00:46:51.562Z] {"timestamp":1787964409752,"level":"DEBUG","args":["[vite]","hot updated: /src/pages/WelcomeAuth.tsx"],"stack":null}
[2026-08-29T00:46:51.562Z] {"timestamp":1787964409752,"level":"DEBUG","args":["[vite]","hot updated: /src/index.css"],"stack":null}
[2026-08-29T00:46:53.562Z] {"timestamp":1787964411906,"level":"DEBUG","args":["[vite]","hot updated: /src/pages/WelcomeAuth.tsx"],"stack":null}
[2026-08-29T00:46:53.562Z] {"timestamp":1787964411906,"level":"DEBUG","args":["[vite]","hot updated: /src/index.css"],"stack":null}
[2026-08-29T00:46:55.562Z] {"timestamp":1787964414071,"level":"DEBUG","args":["[vite]","hot updated: /src/pages/WelcomeAuth.tsx"],"stack":null}
[2026-08-29T00:46:55.562Z] {"timestamp":1787964414071,"level":"DEBUG","args":["[vite]","hot updated: /src/index.css"],"stack":null}
[2026-08-29T00:46:55.562Z] {"timestamp":1787964415360,"level":"DEBUG","args":["[vite]","hot updated: /src/pages/WelcomeAuth.tsx"],"stack":null}
[2026-08-29T00:46:55.562Z] {"timestamp":1787964415360,"level":"DEBUG","args":["[vite]","hot updated: /src/index.css"],"stack":null}
[2026-08-29T00:47:34.573Z] {"timestamp":1787964417888,"level":"DEBUG","args":["[vite]","hot updated: /src/pages/WelcomeAuth.tsx"],"stack":null}
[2026-08-29T00:47:34.573Z] {"timestamp":1787964417888,"level":"DEBUG","args":["[vite]","hot updated: /src/index.css"],"stack":null}
[2026-08-29T00:47:34.573Z] {"timestamp":1787964420691,"level":"DEBUG","args":["[vite]","hot updated: /src/pages/WelcomeAuth.tsx"],"stack":null}
[2026-08-29T00:47:34.573Z] {"timestamp":1787964420691,"level":"DEBUG","args":["[vite]","hot updated: /src/index.css"],"stack":null}
[2026-08-29T00:47:34.573Z] {"timestamp":1787964422322,"level":"DEBUG","args":["[vite]","hot updated: /src/pages/WelcomeAuth.tsx"],"stack":null}
[2026-08-29T00:47:34.573Z] {"timestamp":1787964422322,"level":"DEBUG","args":["[vite]","hot updated: /src/index.css"],"stack":null}
[2026-08-29T00:47:34.573Z] {"timestamp":1787964425545,"level":"DEBUG","args":["[vite]","hot updated: /src/pages/WelcomeAuth.tsx"],"stack":null}
[2026-08-29T00:47:34.573Z] {"timestamp":1787964425545,"level":"DEBUG","args":["[vite]","hot updated: /src/index.css"],"stack":null}
[2026-08-29T00:48:20.041Z] {"timestamp":1787964458915,"level":"DEBUG","args":["[vite]","hot updated: /src/pages/WelcomeAuth.tsx"],"stack":null}
[2026-08-29T00:48:20.041Z] {"timestamp":1787964458917,"level":"DEBUG","args":["[vite]","hot updated: /src/index.css"],"stack":null}
[2026-08-29T00:48:20.041Z] {"timestamp":1787964469400,"level":"DEBUG","args":["[vite]","hot updated: /src/pages/WelcomeAuth.tsx"],"stack":null}
[2026-08-29T00:48:20.041Z] {"timestamp":1787964469400,"level":"DEBUG","args":["[vite]","hot updated: /src/index.css"],"stack":null}
[2026-08-29T00:48:20.041Z] {"timestamp":1787964481343,"level":"DEBUG","args":["[vite]","hot updated: /src/pages/WelcomeAuth.tsx"],"stack":null}
[2026-08-29T00:48:20.041Z] {"timestamp":1787964481343,"level":"DEBUG","args":["[vite]","hot updated: /src/index.css"],"stack":null}
[2026-08-29T00:48:20.041Z] {"timestamp":1787964487862,"level":"DEBUG","args":["[vite]","hot updated: /src/pages/WelcomeAuth.tsx"],"stack":null}
[2026-08-29T00:48:20.041Z] {"timestamp":1787964487862,"level":"DEBUG","args":["[vite]","hot updated: /src/index.css"],"stack":null}
[2026-08-29T00:48:20.041Z] {"timestamp":1787964488574,"level":"ERROR","args":["Received `%s` for a non-boolean attribute `%s`.\n\nIf you want to write it to the DOM, pass a string instead: %s=\"%s\" or %s={value.toString()}.","true","plac","plac","true","plac"],"stack":"Error\n    at console.<computed> [as error] (http://localhost:3000/__seeyou_debug__/debug-collector.js:391:37)\n    at validateProperty (http://localhost:3000/@fs/home/jhonsard/Documents/Programation/TFC/IDS-IPS-PROJECT/frontend/node_modules/.vite/deps/react-dom_client.js?v=dc78321b:2469:33)\n    at warnUnknownProperties (http://localhost:3000/@fs/home/jhonsard/Documents/Programation/TFC/IDS-IPS-PROJECT/frontend/node_modules/.vite/deps/react-dom_client.js?v=dc78321b:2541:11)\n    at validatePropertiesInDevelopment (http://localhost:3000/@fs/home/jhonsard/Documents/Programation/TFC/IDS-IPS-PROJECT/frontend/node_modules/.vite/deps/react-dom_client.js?v=dc78321b:14129:66)\n    at updateProperties (http://localhost:3000/@fs/home/jhonsard/Documents/Programation/TFC/IDS-IPS-PROJECT/frontend/node_modules/.vite/deps/react-dom_client.js?v=dc78321b:14787:9)\n    at commitUpdate (http://localhost:3000/@fs/home/jhonsard/Documents/Programation/TFC/IDS-IPS-PROJECT/frontend/node_modules/.vite/deps/react-dom_client.js?v=dc78321b:15888:9)\n    at runWithFiberInDEV (http://localhost:3000/@fs/home/jhonsard/Documents/Programation/TFC/IDS-IPS-PROJECT/frontend/node_modules/.vite/deps/react-dom_client.js?v=dc78321b:997:72)\n    at commitHostUpdate (http://localhost:3000/@fs/home/jhonsard/Documents/Programation/TFC/IDS-IPS-PROJECT/frontend/node_modules/.vite/deps/react-dom_client.js?v=dc78321b:9671:11)\n    at commitMutationEffectsOnFiber (http://localhost:3000/@fs/home/jhonsard/Documents/Programation/TFC/IDS-IPS-PROJECT/frontend/node_modules/.vite/deps/react-dom_client.js?v=dc78321b:10562:115)\n    at recursivelyTraverseMutationEffects (http://localhost:3000/@fs/home/jhonsard/Documents/Programation/TFC/IDS-IPS-PROJECT/frontend/node_modules/.vite/deps/react-dom_client.js?v=dc78321b:10396:13)"}
[2026-08-29T00:48:20.041Z] {"timestamp":1787964492084,"level":"DEBUG","args":["[vite]","hot updated: /src/pages/WelcomeAuth.tsx"],"stack":null}
[2026-08-29T00:48:20.041Z] {"timestamp":1787964492084,"level":"DEBUG","args":["[vite]","hot updated: /src/index.css"],"stack":null}
[2026-08-29T00:48:32.541Z] {"timestamp":1787964510536,"level":"DEBUG","args":["[Seeyou] Debug collector initialized (no rrweb, UI events only)"],"stack":null}
[2026-08-29T00:48:32.541Z] {"timestamp":1787964510593,"level":"DEBUG","args":["[vite] connected."],"stack":null}
[2026-08-29T00:48:32.541Z] {"timestamp":1787964511024,"level":"INFO","args":["%cDownload the React DevTools for a better development experience: https://react.dev/link/react-devtools","font-weight:bold"],"stack":null}
[2026-08-29T00:49:50.576Z] {"timestamp":1787964588578,"level":"DEBUG","args":["[vite]","hot updated: /src/pages/WelcomeAuth.tsx"],"stack":null}
[2026-08-29T00:49:50.576Z] {"timestamp":1787964588579,"level":"DEBUG","args":["[vite]","hot updated: /src/index.css"],"stack":null}
[2026-08-29T00:49:50.576Z] {"timestamp":1787964590141,"level":"DEBUG","args":["[vite]","hot updated: /src/pages/WelcomeAuth.tsx"],"stack":null}
[2026-08-29T00:49:50.576Z] {"timestamp":1787964590141,"level":"DEBUG","args":["[vite]","hot updated: /src/index.css"],"stack":null}
[2026-08-29T00:49:54.561Z] {"timestamp":1787964593512,"level":"DEBUG","args":["[vite]","hot updated: /src/pages/WelcomeAuth.tsx"],"stack":null}
[2026-08-29T00:49:54.561Z] {"timestamp":1787964593513,"level":"DEBUG","args":["[vite]","hot updated: /src/index.css"],"stack":null}
[2026-08-29T00:49:56.562Z] {"timestamp":1787964594832,"level":"DEBUG","args":["[vite]","hot updated: /src/pages/WelcomeAuth.tsx"],"stack":null}
[2026-08-29T00:49:56.563Z] {"timestamp":1787964594833,"level":"DEBUG","args":["[vite]","hot updated: /src/index.css"],"stack":null}
[2026-08-29T00:49:58.583Z] {"timestamp":1787964596896,"level":"DEBUG","args":["[vite]","hot updated: /src/pages/WelcomeAuth.tsx"],"stack":null}
[2026-08-29T00:49:58.584Z] {"timestamp":1787964596897,"level":"DEBUG","args":["[vite]","hot updated: /src/index.css"],"stack":null}
[2026-08-29T00:49:58.584Z] {"timestamp":1787964597904,"level":"DEBUG","args":["[vite]","hot updated: /src/pages/WelcomeAuth.tsx"],"stack":null}
[2026-08-29T00:49:58.584Z] {"timestamp":1787964597904,"level":"DEBUG","args":["[vite]","hot updated: /src/index.css"],"stack":null}
[2026-08-29T00:50:04.562Z] {"timestamp":1787964602614,"level":"DEBUG","args":["[vite]","hot updated: /src/pages/WelcomeAuth.tsx"],"stack":null}
[2026-08-29T00:50:04.562Z] {"timestamp":1787964602614,"level":"DEBUG","args":["[vite]","hot updated: /src/index.css"],"stack":null}
[2026-08-29T00:50:34.565Z] {"timestamp":1787964608144,"level":"DEBUG","args":["[vite]","hot updated: /src/pages/WelcomeAuth.tsx"],"stack":null}
[2026-08-29T00:50:34.565Z] {"timestamp":1787964608144,"level":"DEBUG","args":["[vite]","hot updated: /src/index.css"],"stack":null}
[2026-08-29T00:50:34.565Z] {"timestamp":1787964611371,"level":"DEBUG","args":["[vite]","hot updated: /src/pages/WelcomeAuth.tsx"],"stack":null}
[2026-08-29T00:50:34.565Z] {"timestamp":1787964611372,"level":"DEBUG","args":["[vite]","hot updated: /src/index.css"],"stack":null}
[2026-08-29T00:50:34.565Z] {"timestamp":1787964614168,"level":"DEBUG","args":["[vite]","hot updated: /src/pages/WelcomeAuth.tsx"],"stack":null}
[2026-08-29T00:50:34.565Z] {"timestamp":1787964614170,"level":"DEBUG","args":["[vite]","hot updated: /src/index.css"],"stack":null}
[2026-08-29T00:50:34.565Z] {"timestamp":1787964615826,"level":"DEBUG","args":["[vite]","hot updated: /src/pages/WelcomeAuth.tsx"],"stack":null}
[2026-08-29T00:50:34.565Z] {"timestamp":1787964615826,"level":"DEBUG","args":["[vite]","hot updated: /src/index.css"],"stack":null}
[2026-08-29T00:50:34.565Z] {"timestamp":1787964617836,"level":"DEBUG","args":["[vite]","hot updated: /src/pages/WelcomeAuth.tsx"],"stack":null}
[2026-08-29T00:50:34.565Z] {"timestamp":1787964617836,"level":"DEBUG","args":["[vite]","hot updated: /src/index.css"],"stack":null}
[2026-08-29T00:50:34.566Z] {"timestamp":1787964621572,"level":"DEBUG","args":["[vite]","hot updated: /src/pages/WelcomeAuth.tsx"],"stack":null}
[2026-08-29T00:50:34.566Z] {"timestamp":1787964621572,"level":"DEBUG","args":["[vite]","hot updated: /src/index.css"],"stack":null}
[2026-08-29T00:50:34.566Z] {"timestamp":1787964623094,"level":"DEBUG","args":["[vite]","hot updated: /src/pages/WelcomeAuth.tsx"],"stack":null}
[2026-08-29T00:50:34.566Z] {"timestamp":1787964623094,"level":"DEBUG","args":["[vite]","hot updated: /src/index.css"],"stack":null}
[2026-08-29T00:50:34.566Z] {"timestamp":1787964624310,"level":"DEBUG","args":["[vite]","hot updated: /src/pages/WelcomeAuth.tsx"],"stack":null}
[2026-08-29T00:50:34.566Z] {"timestamp":1787964624310,"level":"DEBUG","args":["[vite]","hot updated: /src/index.css"],"stack":null}
[2026-08-29T00:50:34.566Z] {"timestamp":1787964627313,"level":"DEBUG","args":["[vite]","hot updated: /src/pages/WelcomeAuth.tsx"],"stack":null}
[2026-08-29T00:50:34.566Z] {"timestamp":1787964627313,"level":"DEBUG","args":["[vite]","hot updated: /src/index.css"],"stack":null}
[2026-08-29T00:51:14.565Z] {"timestamp":1787964673495,"level":"ERROR","args":["[vite]","Failed to reload /src/pages/WelcomeAuth.tsx. This could be due to syntax errors or importing non-existent modules. (see errors above)"],"stack":"Error\n    at console.<computed> [as error] (http://localhost:3000/__seeyou_debug__/debug-collector.js:391:37)\n    at Object.error (http://localhost:3000/@vite/client:809:26)\n    at HMRClient.warnFailedUpdate (http://localhost:3000/@vite/client:181:15)\n    at HMRClient.fetchUpdate (http://localhost:3000/@vite/client:212:10)\n    at async Promise.all (index 0)\n    at async HMRClient.queueUpdate (http://localhost:3000/@vite/client:196:5)\n    at async Promise.all (index 0)\n    at async handleMessage (http://localhost:3000/@vite/client:838:4)"}
[2026-08-29T00:51:14.565Z] {"timestamp":1787964673700,"level":"DEBUG","args":["[vite]","hot updated: /src/pages/WelcomeAuth.tsx"],"stack":null}
[2026-08-29T00:51:14.565Z] {"timestamp":1787964673700,"level":"DEBUG","args":["[vite]","hot updated: /src/index.css"],"stack":null}
[2026-08-29T00:51:16.566Z] {"timestamp":1787964675016,"level":"ERROR","args":["[vite]","Failed to reload /src/pages/WelcomeAuth.tsx. This could be due to syntax errors or importing non-existent modules. (see errors above)"],"stack":"Error\n    at console.<computed> [as error] (http://localhost:3000/__seeyou_debug__/debug-collector.js:391:37)\n    at Object.error (http://localhost:3000/@vite/client:809:26)\n    at HMRClient.warnFailedUpdate (http://localhost:3000/@vite/client:181:15)\n    at HMRClient.fetchUpdate (http://localhost:3000/@vite/client:212:10)\n    at async Promise.all (index 0)\n    at async HMRClient.queueUpdate (http://localhost:3000/@vite/client:196:5)\n    at async Promise.all (index 0)\n    at async handleMessage (http://localhost:3000/@vite/client:838:4)"}
[2026-08-29T00:51:16.566Z] {"timestamp":1787964675105,"level":"DEBUG","args":["[vite]","hot updated: /src/pages/WelcomeAuth.tsx"],"stack":null}
[2026-08-29T00:51:16.566Z] {"timestamp":1787964675105,"level":"DEBUG","args":["[vite]","hot updated: /src/index.css"],"stack":null}
[2026-08-29T00:51:22.564Z] {"timestamp":1787964680652,"level":"ERROR","args":["[vite]","Failed to reload /src/pages/WelcomeAuth.tsx. This could be due to syntax errors or importing non-existent modules. (see errors above)"],"stack":"Error\n    at console.<computed> [as error] (http://localhost:3000/__seeyou_debug__/debug-collector.js:391:37)\n    at Object.error (http://localhost:3000/@vite/client:809:26)\n    at HMRClient.warnFailedUpdate (http://localhost:3000/@vite/client:181:15)\n    at HMRClient.fetchUpdate (http://localhost:3000/@vite/client:212:10)\n    at async Promise.all (index 0)\n    at async HMRClient.queueUpdate (http://localhost:3000/@vite/client:196:5)\n    at async Promise.all (index 0)\n    at async handleMessage (http://localhost:3000/@vite/client:838:4)"}
[2026-08-29T00:51:22.564Z] {"timestamp":1787964680721,"level":"DEBUG","args":["[vite]","hot updated: /src/pages/WelcomeAuth.tsx"],"stack":null}
[2026-08-29T00:51:22.564Z] {"timestamp":1787964680721,"level":"DEBUG","args":["[vite]","hot updated: /src/index.css"],"stack":null}
[2026-08-29T00:51:40.571Z] {"timestamp":1787964700458,"level":"DEBUG","args":["[vite]","hot updated: /src/pages/WelcomeAuth.tsx"],"stack":null}
[2026-08-29T00:51:40.571Z] {"timestamp":1787964700459,"level":"DEBUG","args":["[vite]","hot updated: /src/index.css"],"stack":null}
[2026-08-29T00:51:46.573Z] {"timestamp":1787964705707,"level":"DEBUG","args":["[vite]","hot updated: /src/pages/WelcomeAuth.tsx"],"stack":null}
[2026-08-29T00:51:46.573Z] {"timestamp":1787964705707,"level":"DEBUG","args":["[vite]","hot updated: /src/index.css"],"stack":null}
[2026-08-29T00:52:33.460Z] {"timestamp":1787964723137,"level":"DEBUG","args":["[vite]","hot updated: /src/pages/WelcomeAuth.tsx"],"stack":null}
[2026-08-29T00:52:33.460Z] {"timestamp":1787964723137,"level":"DEBUG","args":["[vite]","hot updated: /src/index.css"],"stack":null}
[2026-08-29T00:52:33.460Z] {"timestamp":1787964729884,"level":"DEBUG","args":["[vite]","hot updated: /src/pages/WelcomeAuth.tsx"],"stack":null}
[2026-08-29T00:52:33.460Z] {"timestamp":1787964729885,"level":"DEBUG","args":["[vite]","hot updated: /src/index.css"],"stack":null}
[2026-08-29T00:52:33.460Z] {"timestamp":1787964737107,"level":"DEBUG","args":["[vite]","hot updated: /src/pages/WelcomeAuth.tsx"],"stack":null}
[2026-08-29T00:52:33.460Z] {"timestamp":1787964737107,"level":"DEBUG","args":["[vite]","hot updated: /src/index.css"],"stack":null}
[2026-08-29T00:52:33.460Z] {"timestamp":1787964738970,"level":"DEBUG","args":["[vite]","hot updated: /src/pages/WelcomeAuth.tsx"],"stack":null}
[2026-08-29T00:52:33.460Z] {"timestamp":1787964738971,"level":"DEBUG","args":["[vite]","hot updated: /src/index.css"],"stack":null}
[2026-08-29T00:52:33.460Z] {"timestamp":1787964746039,"level":"DEBUG","args":["[vite]","hot updated: /src/pages/WelcomeAuth.tsx"],"stack":null}
[2026-08-29T00:52:33.460Z] {"timestamp":1787964746040,"level":"DEBUG","args":["[vite]","hot updated: /src/index.css"],"stack":null}
[2026-08-29T00:52:33.460Z] {"timestamp":1787964751964,"level":"DEBUG","args":["[vite]","hot updated: /src/pages/WelcomeAuth.tsx"],"stack":null}
[2026-08-29T00:52:33.460Z] {"timestamp":1787964751964,"level":"DEBUG","args":["[vite]","hot updated: /src/index.css"],"stack":null}
[2026-08-29T00:52:50.562Z] {"timestamp":1787964769162,"level":"DEBUG","args":["[vite]","hot updated: /src/pages/WelcomeAuth.tsx"],"stack":null}
[2026-08-29T00:52:50.562Z] {"timestamp":1787964769162,"level":"DEBUG","args":["[vite]","hot updated: /src/index.css"],"stack":null}
[2026-08-29T00:52:52.573Z] {"timestamp":1787964771639,"level":"DEBUG","args":["[vite]","hot updated: /src/pages/WelcomeAuth.tsx"],"stack":null}
[2026-08-29T00:52:52.573Z] {"timestamp":1787964771639,"level":"DEBUG","args":["[vite]","hot updated: /src/index.css"],"stack":null}
[2026-08-29T00:52:58.587Z] {"timestamp":1787964777606,"level":"DEBUG","args":["[vite]","hot updated: /src/pages/WelcomeAuth.tsx"],"stack":null}
[2026-08-29T00:52:58.587Z] {"timestamp":1787964777606,"level":"DEBUG","args":["[vite]","hot updated: /src/index.css"],"stack":null}
[2026-08-29T00:53:20.575Z] {"timestamp":1787964799284,"level":"DEBUG","args":["[vite]","hot updated: /src/pages/WelcomeAuth.tsx"],"stack":null}
[2026-08-29T00:53:20.575Z] {"timestamp":1787964799284,"level":"DEBUG","args":["[vite]","hot updated: /src/index.css"],"stack":null}
[2026-08-29T00:53:20.575Z] {"timestamp":1787964800280,"level":"DEBUG","args":["[vite]","hot updated: /src/pages/WelcomeAuth.tsx"],"stack":null}
[2026-08-29T00:53:20.575Z] {"timestamp":1787964800281,"level":"DEBUG","args":["[vite]","hot updated: /src/index.css"],"stack":null}
[2026-08-29T00:53:34.581Z] {"timestamp":1787964812653,"level":"DEBUG","args":["[vite]","hot updated: /src/pages/WelcomeAuth.tsx"],"stack":null}
[2026-08-29T00:53:34.581Z] {"timestamp":1787964812654,"level":"DEBUG","args":["[vite]","hot updated: /src/index.css"],"stack":null}
[2026-08-29T00:53:34.581Z] {"timestamp":1787964813784,"level":"DEBUG","args":["[vite]","hot updated: /src/pages/WelcomeAuth.tsx"],"stack":null}
[2026-08-29T00:53:34.581Z] {"timestamp":1787964813784,"level":"DEBUG","args":["[vite]","hot updated: /src/index.css"],"stack":null}
[2026-08-29T00:53:36.592Z] {"timestamp":1787964815813,"level":"DEBUG","args":["[vite]","hot updated: /src/pages/WelcomeAuth.tsx"],"stack":null}
[2026-08-29T00:53:36.592Z] {"timestamp":1787964815814,"level":"DEBUG","args":["[vite]","hot updated: /src/index.css"],"stack":null}
[2026-08-29T00:53:42.573Z] {"timestamp":1787964822242,"level":"DEBUG","args":["[vite]","hot updated: /src/pages/WelcomeAuth.tsx"],"stack":null}
[2026-08-29T00:53:42.573Z] {"timestamp":1787964822243,"level":"DEBUG","args":["[vite]","hot updated: /src/index.css"],"stack":null}
[2026-08-29T00:53:44.569Z] {"timestamp":1787964824177,"level":"DEBUG","args":["[vite]","hot updated: /src/pages/WelcomeAuth.tsx"],"stack":null}
[2026-08-29T00:53:44.569Z] {"timestamp":1787964824177,"level":"DEBUG","args":["[vite]","hot updated: /src/index.css"],"stack":null}
[2026-08-29T00:53:50.574Z] {"timestamp":1787964828725,"level":"DEBUG","args":["[vite]","hot updated: /src/pages/WelcomeAuth.tsx"],"stack":null}
[2026-08-29T00:53:50.574Z] {"timestamp":1787964828725,"level":"DEBUG","args":["[vite]","hot updated: /src/index.css"],"stack":null}
[2026-08-29T00:53:50.574Z] {"timestamp":1787964830248,"level":"DEBUG","args":["[vite]","hot updated: /src/pages/WelcomeAuth.tsx"],"stack":null}
[2026-08-29T00:53:50.574Z] {"timestamp":1787964830248,"level":"DEBUG","args":["[vite]","hot updated: /src/index.css"],"stack":null}
[2026-08-29T00:53:58.562Z] {"timestamp":1787964836878,"level":"DEBUG","args":["[vite]","hot updated: /src/pages/WelcomeAuth.tsx"],"stack":null}
[2026-08-29T00:53:58.562Z] {"timestamp":1787964836879,"level":"DEBUG","args":["[vite]","hot updated: /src/index.css"],"stack":null}
[2026-08-29T00:54:04.571Z] {"timestamp":1787964843727,"level":"DEBUG","args":["[vite]","hot updated: /src/pages/WelcomeAuth.tsx"],"stack":null}
[2026-08-29T00:54:04.571Z] {"timestamp":1787964843727,"level":"DEBUG","args":["[vite]","hot updated: /src/index.css"],"stack":null}
[2026-08-29T00:54:06.563Z] {"timestamp":1787964845134,"level":"DEBUG","args":["[vite]","hot updated: /src/pages/WelcomeAuth.tsx"],"stack":null}
[2026-08-29T00:54:06.563Z] {"timestamp":1787964845135,"level":"DEBUG","args":["[vite]","hot updated: /src/index.css"],"stack":null}
[2026-08-29T00:54:10.578Z] {"timestamp":1787964849699,"level":"DEBUG","args":["[vite]","hot updated: /src/pages/WelcomeAuth.tsx"],"stack":null}
[2026-08-29T00:54:10.578Z] {"timestamp":1787964849700,"level":"DEBUG","args":["[vite]","hot updated: /src/index.css"],"stack":null}
[2026-08-29T00:54:34.565Z] {"timestamp":1787964853166,"level":"DEBUG","args":["[vite]","hot updated: /src/pages/WelcomeAuth.tsx"],"stack":null}
[2026-08-29T00:54:34.565Z] {"timestamp":1787964853166,"level":"DEBUG","args":["[vite]","hot updated: /src/index.css"],"stack":null}
[2026-08-29T00:54:34.565Z] {"timestamp":1787964854650,"level":"DEBUG","args":["[vite]","hot updated: /src/pages/WelcomeAuth.tsx"],"stack":null}
[2026-08-29T00:54:34.565Z] {"timestamp":1787964854650,"level":"DEBUG","args":["[vite]","hot updated: /src/index.css"],"stack":null}
[2026-08-29T00:54:34.565Z] {"timestamp":1787964855695,"level":"DEBUG","args":["[vite]","hot updated: /src/pages/WelcomeAuth.tsx"],"stack":null}
[2026-08-29T00:54:34.565Z] {"timestamp":1787964855695,"level":"DEBUG","args":["[vite]","hot updated: /src/index.css"],"stack":null}
[2026-08-29T00:54:34.565Z] {"timestamp":1787964856886,"level":"DEBUG","args":["[vite]","hot updated: /src/pages/WelcomeAuth.tsx"],"stack":null}
[2026-08-29T00:54:34.565Z] {"timestamp":1787964856886,"level":"DEBUG","args":["[vite]","hot updated: /src/index.css"],"stack":null}
[2026-08-29T00:54:34.565Z] {"timestamp":1787964864372,"level":"DEBUG","args":["[vite]","hot updated: /src/pages/WelcomeAuth.tsx"],"stack":null}
[2026-08-29T00:54:34.565Z] {"timestamp":1787964864372,"level":"DEBUG","args":["[vite]","hot updated: /src/index.css"],"stack":null}
[2026-08-29T00:54:34.565Z] {"timestamp":1787964867100,"level":"DEBUG","args":["[vite]","hot updated: /src/pages/WelcomeAuth.tsx"],"stack":null}
[2026-08-29T00:54:34.565Z] {"timestamp":1787964867101,"level":"DEBUG","args":["[vite]","hot updated: /src/index.css"],"stack":null}
[2026-08-29T00:54:34.565Z] {"timestamp":1787964868639,"level":"DEBUG","args":["[vite]","hot updated: /src/pages/WelcomeAuth.tsx"],"stack":null}
[2026-08-29T00:54:34.565Z] {"timestamp":1787964868640,"level":"DEBUG","args":["[vite]","hot updated: /src/index.css"],"stack":null}
[2026-08-29T00:54:34.565Z] {"timestamp":1787964870745,"level":"DEBUG","args":["[vite]","hot updated: /src/pages/WelcomeAuth.tsx"],"stack":null}
[2026-08-29T00:54:34.565Z] {"timestamp":1787964870745,"level":"DEBUG","args":["[vite]","hot updated: /src/index.css"],"stack":null}
[2026-08-29T00:54:34.565Z] {"timestamp":1787964873051,"level":"DEBUG","args":["[vite]","hot updated: /src/pages/WelcomeAuth.tsx"],"stack":null}
[2026-08-29T00:54:34.565Z] {"timestamp":1787964873052,"level":"DEBUG","args":["[vite]","hot updated: /src/index.css"],"stack":null}
[2026-08-29T00:55:11.806Z] {"timestamp":1787964878121,"level":"DEBUG","args":["[vite]","hot updated: /src/pages/WelcomeAuth.tsx"],"stack":null}
[2026-08-29T00:55:11.806Z] {"timestamp":1787964878121,"level":"DEBUG","args":["[vite]","hot updated: /src/index.css"],"stack":null}
[2026-08-29T00:55:11.806Z] {"timestamp":1787964879211,"level":"DEBUG","args":["[vite]","hot updated: /src/pages/WelcomeAuth.tsx"],"stack":null}
[2026-08-29T00:55:11.806Z] {"timestamp":1787964879211,"level":"DEBUG","args":["[vite]","hot updated: /src/index.css"],"stack":null}
[2026-08-29T00:55:11.806Z] {"timestamp":1787964882095,"level":"DEBUG","args":["[vite]","hot updated: /src/pages/WelcomeAuth.tsx"],"stack":null}
[2026-08-29T00:55:11.806Z] {"timestamp":1787964882095,"level":"DEBUG","args":["[vite]","hot updated: /src/index.css"],"stack":null}
[2026-08-29T00:55:11.806Z] {"timestamp":1787964885943,"level":"DEBUG","args":["[vite]","hot updated: /src/pages/WelcomeAuth.tsx"],"stack":null}
[2026-08-29T00:55:11.806Z] {"timestamp":1787964885943,"level":"DEBUG","args":["[vite]","hot updated: /src/index.css"],"stack":null}
[2026-08-29T00:55:11.806Z] {"timestamp":1787964888009,"level":"DEBUG","args":["[vite]","hot updated: /src/pages/WelcomeAuth.tsx"],"stack":null}
[2026-08-29T00:55:11.806Z] {"timestamp":1787964888009,"level":"DEBUG","args":["[vite]","hot updated: /src/index.css"],"stack":null}
[2026-08-29T00:55:11.806Z] {"timestamp":1787964894347,"level":"DEBUG","args":["[vite]","hot updated: /src/pages/WelcomeAuth.tsx"],"stack":null}
[2026-08-29T00:55:11.806Z] {"timestamp":1787964894347,"level":"DEBUG","args":["[vite]","hot updated: /src/index.css"],"stack":null}
[2026-08-29T00:55:11.806Z] {"timestamp":1787964897346,"level":"DEBUG","args":["[vite]","hot updated: /src/pages/WelcomeAuth.tsx"],"stack":null}
[2026-08-29T00:55:11.806Z] {"timestamp":1787964897346,"level":"DEBUG","args":["[vite]","hot updated: /src/index.css"],"stack":null}
[2026-08-29T00:55:11.806Z] {"timestamp":1787964899356,"level":"DEBUG","args":["[vite]","hot updated: /src/pages/WelcomeAuth.tsx"],"stack":null}
[2026-08-29T00:55:11.806Z] {"timestamp":1787964899356,"level":"DEBUG","args":["[vite]","hot updated: /src/index.css"],"stack":null}
[2026-08-29T00:55:11.806Z] {"timestamp":1787964901887,"level":"DEBUG","args":["[vite]","hot updated: /src/pages/WelcomeAuth.tsx"],"stack":null}
[2026-08-29T00:55:11.806Z] {"timestamp":1787964901888,"level":"DEBUG","args":["[vite]","hot updated: /src/index.css"],"stack":null}
[2026-08-29T00:55:38.568Z] {"timestamp":1787964938401,"level":"DEBUG","args":["[vite]","hot updated: /src/pages/WelcomeAuth.tsx"],"stack":null}
[2026-08-29T00:55:38.568Z] {"timestamp":1787964938401,"level":"DEBUG","args":["[vite]","hot updated: /src/index.css"],"stack":null}
[2026-08-29T00:56:12.575Z] {"timestamp":1787964971906,"level":"DEBUG","args":["[vite]","hot updated: /src/pages/WelcomeAuth.tsx"],"stack":null}
[2026-08-29T00:56:12.575Z] {"timestamp":1787964971906,"level":"DEBUG","args":["[vite]","hot updated: /src/index.css"],"stack":null}
[2026-08-29T00:57:50.215Z] {"timestamp":1787965059198,"level":"DEBUG","args":["[vite]","hot updated: /src/pages/WelcomeAuth.tsx"],"stack":null}
[2026-08-29T00:57:50.215Z] {"timestamp":1787965059198,"level":"DEBUG","args":["[vite]","hot updated: /src/index.css"],"stack":null}
[2026-08-29T00:57:50.215Z] {"timestamp":1787965061309,"level":"DEBUG","args":["[vite]","hot updated: /src/pages/WelcomeAuth.tsx"],"stack":null}
[2026-08-29T00:57:50.215Z] {"timestamp":1787965061309,"level":"DEBUG","args":["[vite]","hot updated: /src/index.css"],"stack":null}
[2026-08-29T00:57:50.215Z] {"timestamp":1787965064671,"level":"DEBUG","args":["[vite]","hot updated: /src/pages/WelcomeAuth.tsx"],"stack":null}
[2026-08-29T00:57:50.215Z] {"timestamp":1787965064671,"level":"DEBUG","args":["[vite]","hot updated: /src/index.css"],"stack":null}
[2026-08-29T00:57:50.215Z] {"timestamp":1787965067115,"level":"DEBUG","args":["[vite]","hot updated: /src/pages/WelcomeAuth.tsx"],"stack":null}
[2026-08-29T00:57:50.215Z] {"timestamp":1787965067117,"level":"DEBUG","args":["[vite]","hot updated: /src/index.css"],"stack":null}
[2026-08-29T00:57:50.215Z] {"timestamp":1787965069481,"level":"DEBUG","args":["[vite]","hot updated: /src/pages/WelcomeAuth.tsx"],"stack":null}
[2026-08-29T00:57:50.215Z] {"timestamp":1787965069481,"level":"DEBUG","args":["[vite]","hot updated: /src/index.css"],"stack":null}
[2026-08-29T00:58:06.638Z] {"timestamp":1787965084636,"level":"DEBUG","args":["[Seeyou] Debug collector initialized (no rrweb, UI events only)"],"stack":null}
[2026-08-29T00:58:06.638Z] {"timestamp":1787965084656,"level":"DEBUG","args":["[vite] connected."],"stack":null}
[2026-08-29T00:58:06.638Z] {"timestamp":1787965085038,"level":"INFO","args":["%cDownload the React DevTools for a better development experience: https://react.dev/link/react-devtools","font-weight:bold"],"stack":null}
[2026-08-29T00:58:17.584Z] {"timestamp":1787965096555,"level":"DEBUG","args":["[vite]","hot updated: /src/pages/WelcomeAuth.tsx"],"stack":null}
[2026-08-29T00:58:17.584Z] {"timestamp":1787965096556,"level":"DEBUG","args":["[vite]","hot updated: /src/index.css"],"stack":null}
[2026-08-29T00:58:19.563Z] {"timestamp":1787965098042,"level":"DEBUG","args":["[vite]","hot updated: /src/pages/WelcomeAuth.tsx"],"stack":null}
[2026-08-29T00:58:19.563Z] {"timestamp":1787965098043,"level":"DEBUG","args":["[vite]","hot updated: /src/index.css"],"stack":null}
[2026-08-29T00:58:25.568Z] {"timestamp":1787965104582,"level":"DEBUG","args":["[vite]","hot updated: /src/pages/WelcomeAuth.tsx"],"stack":null}
[2026-08-29T00:58:25.568Z] {"timestamp":1787965104582,"level":"DEBUG","args":["[vite]","hot updated: /src/index.css"],"stack":null}
[2026-08-29T00:58:59.562Z] {"timestamp":1787965139024,"level":"DEBUG","args":["[vite]","hot updated: /src/pages/WelcomeAuth.tsx"],"stack":null}
[2026-08-29T00:58:59.562Z] {"timestamp":1787965139024,"level":"DEBUG","args":["[vite]","hot updated: /src/index.css"],"stack":null}
[2026-08-29T00:59:02.646Z] {"timestamp":1787965141655,"level":"DEBUG","args":["[vite]","hot updated: /src/pages/WelcomeAuth.tsx"],"stack":null}
[2026-08-29T00:59:02.646Z] {"timestamp":1787965141655,"level":"DEBUG","args":["[vite]","hot updated: /src/index.css"],"stack":null}
[2026-08-29T00:59:17.563Z] {"timestamp":1787965156778,"level":"DEBUG","args":["[vite]","hot updated: /src/pages/WelcomeAuth.tsx"],"stack":null}
[2026-08-29T00:59:17.563Z] {"timestamp":1787965156779,"level":"DEBUG","args":["[vite]","hot updated: /src/index.css"],"stack":null}
[2026-08-29T00:59:29.566Z] {"timestamp":1787965167637,"level":"DEBUG","args":["[vite]","hot updated: /src/pages/WelcomeAuth.tsx"],"stack":null}
[2026-08-29T00:59:29.566Z] {"timestamp":1787965167637,"level":"DEBUG","args":["[vite]","hot updated: /src/index.css"],"stack":null}
[2026-08-29T00:59:31.562Z] {"timestamp":1787965169914,"level":"DEBUG","args":["[vite]","hot updated: /src/pages/WelcomeAuth.tsx"],"stack":null}
[2026-08-29T00:59:31.562Z] {"timestamp":1787965169915,"level":"DEBUG","args":["[vite]","hot updated: /src/index.css"],"stack":null}
[2026-08-29T00:59:31.562Z] {"timestamp":1787965171425,"level":"DEBUG","args":["[vite]","hot updated: /src/pages/WelcomeAuth.tsx"],"stack":null}
[2026-08-29T00:59:31.562Z] {"timestamp":1787965171425,"level":"DEBUG","args":["[vite]","hot updated: /src/index.css"],"stack":null}
[2026-08-29T00:59:43.561Z] {"timestamp":1787965182930,"level":"DEBUG","args":["[vite]","hot updated: /src/pages/WelcomeAuth.tsx"],"stack":null}
[2026-08-29T00:59:43.561Z] {"timestamp":1787965182930,"level":"DEBUG","args":["[vite]","hot updated: /src/index.css"],"stack":null}
[2026-08-29T00:59:45.584Z] {"timestamp":1787965185495,"level":"DEBUG","args":["[vite]","hot updated: /src/pages/WelcomeAuth.tsx"],"stack":null}
[2026-08-29T00:59:45.584Z] {"timestamp":1787965185496,"level":"DEBUG","args":["[vite]","hot updated: /src/index.css"],"stack":null}
[2026-08-29T01:00:01.562Z] {"timestamp":1787965200916,"level":"DEBUG","args":["[vite]","hot updated: /src/pages/WelcomeAuth.tsx"],"stack":null}
[2026-08-29T01:00:01.562Z] {"timestamp":1787965200916,"level":"DEBUG","args":["[vite]","hot updated: /src/index.css"],"stack":null}
[2026-08-29T01:00:51.562Z] {"timestamp":1787965251037,"level":"DEBUG","args":["[vite]","hot updated: /src/pages/WelcomeAuth.tsx"],"stack":null}
[2026-08-29T01:00:51.563Z] {"timestamp":1787965251037,"level":"DEBUG","args":["[vite]","hot updated: /src/index.css"],"stack":null}
[2026-08-29T01:00:54.638Z] {"timestamp":1787965253609,"level":"DEBUG","args":["[vite]","hot updated: /src/pages/WelcomeAuth.tsx"],"stack":null}
[2026-08-29T01:00:54.638Z] {"timestamp":1787965253609,"level":"DEBUG","args":["[vite]","hot updated: /src/index.css"],"stack":null}
[2026-08-29T01:01:23.562Z] {"timestamp":1787965283521,"level":"DEBUG","args":["[vite]","hot updated: /src/pages/WelcomeAuth.tsx"],"stack":null}
[2026-08-29T01:01:23.562Z] {"timestamp":1787965283521,"level":"DEBUG","args":["[vite]","hot updated: /src/index.css"],"stack":null}
[2026-08-29T01:01:25.294Z] {"timestamp":1787965284714,"level":"DEBUG","args":["[vite]","hot updated: /src/pages/WelcomeAuth.tsx"],"stack":null}
[2026-08-29T01:01:25.295Z] {"timestamp":1787965284714,"level":"DEBUG","args":["[vite]","hot updated: /src/index.css"],"stack":null}
[2026-08-29T01:01:39.561Z] {"timestamp":1787965298359,"level":"DEBUG","args":["[vite]","hot updated: /src/pages/WelcomeAuth.tsx"],"stack":null}
[2026-08-29T01:01:39.561Z] {"timestamp":1787965298359,"level":"DEBUG","args":["[vite]","hot updated: /src/index.css"],"stack":null}
[2026-08-29T01:01:55.449Z] {"timestamp":1787965315060,"level":"DEBUG","args":["[vite]","hot updated: /src/pages/WelcomeAuth.tsx"],"stack":null}
[2026-08-29T01:01:55.449Z] {"timestamp":1787965315061,"level":"DEBUG","args":["[vite]","hot updated: /src/index.css"],"stack":null}
[2026-08-29T01:02:03.563Z] {"timestamp":1787965322417,"level":"DEBUG","args":["[vite]","hot updated: /src/pages/WelcomeAuth.tsx"],"stack":null}
[2026-08-29T01:02:03.563Z] {"timestamp":1787965322417,"level":"DEBUG","args":["[vite]","hot updated: /src/index.css"],"stack":null}
[2026-08-29T01:02:05.358Z] {"timestamp":1787965324746,"level":"DEBUG","args":["[vite]","hot updated: /src/pages/WelcomeAuth.tsx"],"stack":null}
[2026-08-29T01:02:05.358Z] {"timestamp":1787965324747,"level":"DEBUG","args":["[vite]","hot updated: /src/index.css"],"stack":null}
[2026-08-29T01:06:34.562Z] {"timestamp":1787965569637,"level":"DEBUG","args":["[vite]","hot updated: /src/pages/WelcomeAuth.tsx"],"stack":null}
[2026-08-29T01:06:34.562Z] {"timestamp":1787965569638,"level":"DEBUG","args":["[vite]","hot updated: /src/index.css"],"stack":null}
[2026-08-29T01:07:06.316Z] {"timestamp":1787965596746,"level":"DEBUG","args":["[vite]","hot updated: /src/pages/WelcomeAuth.tsx"],"stack":null}
[2026-08-29T01:07:06.316Z] {"timestamp":1787965596747,"level":"DEBUG","args":["[vite]","hot updated: /src/index.css"],"stack":null}
[2026-08-29T01:07:06.316Z] {"timestamp":1787965607211,"level":"DEBUG","args":["[vite]","hot updated: /src/pages/WelcomeAuth.tsx"],"stack":null}
[2026-08-29T01:07:06.316Z] {"timestamp":1787965607212,"level":"DEBUG","args":["[vite]","hot updated: /src/index.css"],"stack":null}
[2026-08-29T01:08:28.638Z] {"timestamp":1787965707710,"level":"DEBUG","args":["[vite]","hot updated: /src/pages/WelcomeAuth.tsx"],"stack":null}
[2026-08-29T01:08:28.638Z] {"timestamp":1787965707710,"level":"DEBUG","args":["[vite]","hot updated: /src/index.css"],"stack":null}
[2026-08-29T01:08:43.564Z] {"timestamp":1787965723267,"level":"DEBUG","args":["[vite]","hot updated: /src/pages/WelcomeAuth.tsx"],"stack":null}
[2026-08-29T01:08:43.564Z] {"timestamp":1787965723267,"level":"DEBUG","args":["[vite]","hot updated: /src/index.css"],"stack":null}
[2026-08-29T01:09:13.562Z] {"timestamp":1787965752695,"level":"DEBUG","args":["[vite]","hot updated: /src/pages/WelcomeAuth.tsx"],"stack":null}
[2026-08-29T01:09:13.562Z] {"timestamp":1787965752696,"level":"DEBUG","args":["[vite]","hot updated: /src/index.css"],"stack":null}
[2026-08-29T01:09:19.564Z] {"timestamp":1787965758713,"level":"DEBUG","args":["[vite]","hot updated: /src/pages/WelcomeAuth.tsx"],"stack":null}
[2026-08-29T01:09:19.564Z] {"timestamp":1787965758713,"level":"DEBUG","args":["[vite]","hot updated: /src/index.css"],"stack":null}
[2026-08-29T01:09:25.563Z] {"timestamp":1787965764349,"level":"DEBUG","args":["[vite]","hot updated: /src/pages/WelcomeAuth.tsx"],"stack":null}
[2026-08-29T01:09:25.563Z] {"timestamp":1787965764350,"level":"DEBUG","args":["[vite]","hot updated: /src/index.css"],"stack":null}
[2026-08-29T01:09:27.562Z] {"timestamp":1787965766808,"level":"DEBUG","args":["[vite]","hot updated: /src/pages/WelcomeAuth.tsx"],"stack":null}
[2026-08-29T01:09:27.562Z] {"timestamp":1787965766808,"level":"DEBUG","args":["[vite]","hot updated: /src/index.css"],"stack":null}
[2026-08-29T01:10:29.040Z] {"timestamp":1787965783461,"level":"DEBUG","args":["[vite]","hot updated: /src/pages/WelcomeAuth.tsx"],"stack":null}
[2026-08-29T01:10:29.040Z] {"timestamp":1787965783462,"level":"DEBUG","args":["[vite]","hot updated: /src/index.css"],"stack":null}
[2026-08-29T01:10:29.040Z] {"timestamp":1787965785037,"level":"DEBUG","args":["[vite]","hot updated: /src/pages/WelcomeAuth.tsx"],"stack":null}
[2026-08-29T01:10:29.040Z] {"timestamp":1787965785037,"level":"DEBUG","args":["[vite]","hot updated: /src/index.css"],"stack":null}
[2026-08-29T01:10:29.040Z] {"timestamp":1787965787258,"level":"DEBUG","args":["[vite]","hot updated: /src/pages/WelcomeAuth.tsx"],"stack":null}
[2026-08-29T01:10:29.040Z] {"timestamp":1787965787258,"level":"DEBUG","args":["[vite]","hot updated: /src/index.css"],"stack":null}
[2026-08-29T01:10:29.040Z] {"timestamp":1787965789137,"level":"DEBUG","args":["[vite]","hot updated: /src/pages/WelcomeAuth.tsx"],"stack":null}
[2026-08-29T01:10:29.040Z] {"timestamp":1787965789137,"level":"DEBUG","args":["[vite]","hot updated: /src/index.css"],"stack":null}
[2026-08-29T01:10:29.040Z] {"timestamp":1787965790296,"level":"DEBUG","args":["[vite]","hot updated: /src/pages/WelcomeAuth.tsx"],"stack":null}
[2026-08-29T01:10:29.040Z] {"timestamp":1787965790296,"level":"DEBUG","args":["[vite]","hot updated: /src/index.css"],"stack":null}
[2026-08-29T01:10:29.040Z] {"timestamp":1787965801967,"level":"DEBUG","args":["[vite]","hot updated: /src/pages/WelcomeAuth.tsx"],"stack":null}
[2026-08-29T01:10:29.040Z] {"timestamp":1787965801967,"level":"DEBUG","args":["[vite]","hot updated: /src/index.css"],"stack":null}
[2026-08-29T01:10:29.040Z] {"timestamp":1787965804948,"level":"DEBUG","args":["[vite]","hot updated: /src/pages/WelcomeAuth.tsx"],"stack":null}
[2026-08-29T01:10:29.040Z] {"timestamp":1787965804949,"level":"DEBUG","args":["[vite]","hot updated: /src/index.css"],"stack":null}
[2026-08-29T01:10:29.040Z] {"timestamp":1787965806319,"level":"DEBUG","args":["[vite]","hot updated: /src/pages/WelcomeAuth.tsx"],"stack":null}
[2026-08-29T01:10:29.040Z] {"timestamp":1787965806319,"level":"DEBUG","args":["[vite]","hot updated: /src/index.css"],"stack":null}
[2026-08-29T01:10:29.040Z] {"timestamp":1787965807376,"level":"DEBUG","args":["[vite]","hot updated: /src/pages/WelcomeAuth.tsx"],"stack":null}
[2026-08-29T01:10:29.040Z] {"timestamp":1787965807376,"level":"DEBUG","args":["[vite]","hot updated: /src/index.css"],"stack":null}
[2026-08-29T01:10:29.040Z] {"timestamp":1787965809250,"level":"DEBUG","args":["[vite]","hot updated: /src/pages/WelcomeAuth.tsx"],"stack":null}
[2026-08-29T01:10:29.040Z] {"timestamp":1787965809250,"level":"DEBUG","args":["[vite]","hot updated: /src/index.css"],"stack":null}
[2026-08-29T01:10:29.040Z] {"timestamp":1787965824602,"level":"DEBUG","args":["[vite]","hot updated: /src/pages/WelcomeAuth.tsx"],"stack":null}
[2026-08-29T01:10:29.040Z] {"timestamp":1787965824603,"level":"DEBUG","args":["[vite]","hot updated: /src/index.css"],"stack":null}
[2026-08-29T01:10:29.040Z] {"timestamp":1787965825974,"level":"DEBUG","args":["[vite]","hot updated: /src/pages/WelcomeAuth.tsx"],"stack":null}
[2026-08-29T01:10:29.040Z] {"timestamp":1787965825975,"level":"DEBUG","args":["[vite]","hot updated: /src/index.css"],"stack":null}
[2026-08-29T01:10:51.572Z] {"timestamp":1787965850565,"level":"DEBUG","args":["[vite]","hot updated: /src/pages/WelcomeAuth.tsx"],"stack":null}
[2026-08-29T01:10:51.572Z] {"timestamp":1787965850566,"level":"DEBUG","args":["[vite]","hot updated: /src/index.css"],"stack":null}
[2026-08-29T01:10:53.563Z] {"timestamp":1787965853004,"level":"DEBUG","args":["[vite]","hot updated: /src/pages/WelcomeAuth.tsx"],"stack":null}
[2026-08-29T01:10:53.563Z] {"timestamp":1787965853004,"level":"DEBUG","args":["[vite]","hot updated: /src/index.css"],"stack":null}
[2026-08-29T01:11:01.562Z] {"timestamp":1787965860492,"level":"DEBUG","args":["[vite]","hot updated: /src/pages/WelcomeAuth.tsx"],"stack":null}
[2026-08-29T01:11:01.562Z] {"timestamp":1787965860492,"level":"DEBUG","args":["[vite]","hot updated: /src/index.css"],"stack":null}
[2026-08-29T01:11:35.563Z] {"timestamp":1787965894492,"level":"DEBUG","args":["[vite]","hot updated: /src/pages/WelcomeAuth.tsx"],"stack":null}
[2026-08-29T01:11:35.563Z] {"timestamp":1787965894492,"level":"DEBUG","args":["[vite]","hot updated: /src/index.css"],"stack":null}
[2026-08-29T01:11:39.564Z] {"timestamp":1787965898167,"level":"DEBUG","args":["[vite]","hot updated: /src/pages/WelcomeAuth.tsx"],"stack":null}
[2026-08-29T01:11:39.564Z] {"timestamp":1787965898167,"level":"DEBUG","args":["[vite]","hot updated: /src/index.css"],"stack":null}
[2026-08-29T01:11:55.561Z] {"timestamp":1787965915014,"level":"DEBUG","args":["[vite]","hot updated: /src/pages/WelcomeAuth.tsx"],"stack":null}
[2026-08-29T01:11:55.561Z] {"timestamp":1787965915015,"level":"DEBUG","args":["[vite]","hot updated: /src/index.css"],"stack":null}
[2026-08-29T01:11:57.563Z] {"timestamp":1787965916773,"level":"DEBUG","args":["[vite]","hot updated: /src/pages/WelcomeAuth.tsx"],"stack":null}
[2026-08-29T01:11:57.563Z] {"timestamp":1787965916773,"level":"DEBUG","args":["[vite]","hot updated: /src/index.css"],"stack":null}
[2026-08-29T01:12:01.565Z] {"timestamp":1787965920359,"level":"DEBUG","args":["[vite]","hot updated: /src/pages/WelcomeAuth.tsx"],"stack":null}
[2026-08-29T01:12:01.565Z] {"timestamp":1787965920359,"level":"DEBUG","args":["[vite]","hot updated: /src/index.css"],"stack":null}
[2026-08-29T01:12:03.564Z] {"timestamp":1787965922312,"level":"DEBUG","args":["[vite]","hot updated: /src/pages/WelcomeAuth.tsx"],"stack":null}
[2026-08-29T01:12:03.564Z] {"timestamp":1787965922312,"level":"DEBUG","args":["[vite]","hot updated: /src/index.css"],"stack":null}
[2026-08-29T01:12:07.573Z] {"timestamp":1787965926606,"level":"DEBUG","args":["[vite]","hot updated: /src/pages/WelcomeAuth.tsx"],"stack":null}
[2026-08-29T01:12:07.573Z] {"timestamp":1787965926636,"level":"DEBUG","args":["[vite]","hot updated: /src/index.css"],"stack":null}
[2026-08-29T01:12:09.563Z] {"timestamp":1787965928840,"level":"DEBUG","args":["[vite]","hot updated: /src/pages/WelcomeAuth.tsx"],"stack":null}
[2026-08-29T01:12:09.563Z] {"timestamp":1787965928841,"level":"DEBUG","args":["[vite]","hot updated: /src/index.css"],"stack":null}
[2026-08-29T01:12:13.568Z] {"timestamp":1787965933417,"level":"ERROR","args":["[vite]","Failed to reload /src/pages/WelcomeAuth.tsx. This could be due to syntax errors or importing non-existent modules. (see errors above)"],"stack":"Error\n    at console.<computed> [as error] (http://localhost:3000/__seeyou_debug__/debug-collector.js:391:37)\n    at Object.error (http://localhost:3000/@vite/client:809:26)\n    at HMRClient.warnFailedUpdate (http://localhost:3000/@vite/client:181:15)\n    at HMRClient.fetchUpdate (http://localhost:3000/@vite/client:212:10)\n    at async Promise.all (index 0)\n    at async HMRClient.queueUpdate (http://localhost:3000/@vite/client:196:5)\n    at async Promise.all (index 0)\n    at async handleMessage (http://localhost:3000/@vite/client:838:4)"}
[2026-08-29T01:12:13.568Z] {"timestamp":1787965933461,"level":"DEBUG","args":["[vite]","hot updated: /src/pages/WelcomeAuth.tsx"],"stack":null}
[2026-08-29T01:12:13.568Z] {"timestamp":1787965933461,"level":"DEBUG","args":["[vite]","hot updated: /src/index.css"],"stack":null}
[2026-08-29T01:12:19.562Z] {"timestamp":1787965938116,"level":"DEBUG","args":["[vite]","hot updated: /src/pages/WelcomeAuth.tsx"],"stack":null}
[2026-08-29T01:12:19.562Z] {"timestamp":1787965938116,"level":"DEBUG","args":["[vite]","hot updated: /src/index.css"],"stack":null}
[2026-08-29T01:12:23.562Z] {"timestamp":1787965943240,"level":"DEBUG","args":["[vite]","hot updated: /src/pages/WelcomeAuth.tsx"],"stack":null}
[2026-08-29T01:12:23.562Z] {"timestamp":1787965943240,"level":"DEBUG","args":["[vite]","hot updated: /src/index.css"],"stack":null}
[2026-08-29T01:12:34.565Z] {"timestamp":1787965945785,"level":"DEBUG","args":["[vite]","hot updated: /src/pages/WelcomeAuth.tsx"],"stack":null}
[2026-08-29T01:12:34.565Z] {"timestamp":1787965945785,"level":"DEBUG","args":["[vite]","hot updated: /src/index.css"],"stack":null}
[2026-08-29T01:12:34.565Z] {"timestamp":1787965950035,"level":"DEBUG","args":["[vite]","hot updated: /src/pages/WelcomeAuth.tsx"],"stack":null}
[2026-08-29T01:12:34.565Z] {"timestamp":1787965950035,"level":"DEBUG","args":["[vite]","hot updated: /src/index.css"],"stack":null}
[2026-08-29T01:12:47.450Z] {"timestamp":1787965957009,"level":"DEBUG","args":["[vite]","hot updated: /src/pages/WelcomeAuth.tsx"],"stack":null}
[2026-08-29T01:12:47.450Z] {"timestamp":1787965957009,"level":"DEBUG","args":["[vite]","hot updated: /src/index.css"],"stack":null}
[2026-08-29T01:12:47.450Z] {"timestamp":1787965960262,"level":"DEBUG","args":["[vite]","hot updated: /src/pages/WelcomeAuth.tsx"],"stack":null}
[2026-08-29T01:12:47.450Z] {"timestamp":1787965960263,"level":"DEBUG","args":["[vite]","hot updated: /src/index.css"],"stack":null}
[2026-08-29T01:12:59.566Z] {"timestamp":1787965978476,"level":"DEBUG","args":["[vite]","hot updated: /src/pages/WelcomeAuth.tsx"],"stack":null}
[2026-08-29T01:12:59.566Z] {"timestamp":1787965978476,"level":"DEBUG","args":["[vite]","hot updated: /src/index.css"],"stack":null}
[2026-08-29T01:13:05.561Z] {"timestamp":1787965984521,"level":"DEBUG","args":["[vite]","hot updated: /src/pages/WelcomeAuth.tsx"],"stack":null}
[2026-08-29T01:13:05.561Z] {"timestamp":1787965984524,"level":"DEBUG","args":["[vite]","hot updated: /src/index.css"],"stack":null}
[2026-08-29T01:13:17.562Z] {"timestamp":1787965996862,"level":"DEBUG","args":["[vite]","hot updated: /src/pages/WelcomeAuth.tsx"],"stack":null}
[2026-08-29T01:13:17.562Z] {"timestamp":1787965996863,"level":"DEBUG","args":["[vite]","hot updated: /src/index.css"],"stack":null}
[2026-08-29T01:13:21.562Z] {"timestamp":1787966001302,"level":"DEBUG","args":["[vite]","hot updated: /src/pages/WelcomeAuth.tsx"],"stack":null}
[2026-08-29T01:13:21.562Z] {"timestamp":1787966001302,"level":"DEBUG","args":["[vite]","hot updated: /src/index.css"],"stack":null}
[2026-08-29T01:13:53.563Z] {"timestamp":1787966031781,"level":"DEBUG","args":["[vite]","hot updated: /src/pages/WelcomeAuth.tsx"],"stack":null}
[2026-08-29T01:13:53.563Z] {"timestamp":1787966031781,"level":"DEBUG","args":["[vite]","hot updated: /src/index.css"],"stack":null}
[2026-08-29T01:14:11.562Z] {"timestamp":1787966049829,"level":"DEBUG","args":["[vite]","hot updated: /src/pages/WelcomeAuth.tsx"],"stack":null}
[2026-08-29T01:14:11.562Z] {"timestamp":1787966049833,"level":"DEBUG","args":["[vite]","hot updated: /src/index.css"],"stack":null}
[2026-08-29T01:14:13.564Z] {"timestamp":1787966051981,"level":"DEBUG","args":["[vite]","hot updated: /src/pages/WelcomeAuth.tsx"],"stack":null}
[2026-08-29T01:14:13.564Z] {"timestamp":1787966051981,"level":"DEBUG","args":["[vite]","hot updated: /src/index.css"],"stack":null}
[2026-08-29T01:14:17.566Z] {"timestamp":1787966056245,"level":"DEBUG","args":["[vite]","hot updated: /src/pages/WelcomeAuth.tsx"],"stack":null}
[2026-08-29T01:14:17.566Z] {"timestamp":1787966056245,"level":"DEBUG","args":["[vite]","hot updated: /src/index.css"],"stack":null}
[2026-08-29T01:14:25.563Z] {"timestamp":1787966064483,"level":"DEBUG","args":["[vite]","hot updated: /src/pages/WelcomeAuth.tsx"],"stack":null}
[2026-08-29T01:14:25.563Z] {"timestamp":1787966064485,"level":"DEBUG","args":["[vite]","hot updated: /src/index.css"],"stack":null}
[2026-08-29T01:14:27.565Z] {"timestamp":1787966065793,"level":"DEBUG","args":["[vite]","hot updated: /src/pages/WelcomeAuth.tsx"],"stack":null}
[2026-08-29T01:14:27.565Z] {"timestamp":1787966065793,"level":"DEBUG","args":["[vite]","hot updated: /src/index.css"],"stack":null}
[2026-08-29T01:14:29.561Z] {"timestamp":1787966069509,"level":"DEBUG","args":["[vite]","hot updated: /src/pages/WelcomeAuth.tsx"],"stack":null}
[2026-08-29T01:14:29.561Z] {"timestamp":1787966069509,"level":"DEBUG","args":["[vite]","hot updated: /src/index.css"],"stack":null}
[2026-08-29T01:14:33.566Z] {"timestamp":1787966072134,"level":"ERROR","args":["[vite]","Failed to reload /src/pages/WelcomeAuth.tsx. This could be due to syntax errors or importing non-existent modules. (see errors above)"],"stack":"Error\n    at console.<computed> [as error] (http://localhost:3000/__seeyou_debug__/debug-collector.js:391:37)\n    at Object.error (http://localhost:3000/@vite/client:809:26)\n    at HMRClient.warnFailedUpdate (http://localhost:3000/@vite/client:181:15)\n    at HMRClient.fetchUpdate (http://localhost:3000/@vite/client:212:10)\n    at async Promise.all (index 0)\n    at async HMRClient.queueUpdate (http://localhost:3000/@vite/client:196:5)\n    at async Promise.all (index 0)\n    at async handleMessage (http://localhost:3000/@vite/client:838:4)"}
[2026-08-29T01:14:33.566Z] {"timestamp":1787966072243,"level":"DEBUG","args":["[vite]","hot updated: /src/pages/WelcomeAuth.tsx"],"stack":null}
[2026-08-29T01:14:33.566Z] {"timestamp":1787966072244,"level":"DEBUG","args":["[vite]","hot updated: /src/index.css"],"stack":null}
[2026-08-29T01:14:35.322Z] {"timestamp":1787966073563,"level":"DEBUG","args":["[vite]","hot updated: /src/pages/WelcomeAuth.tsx"],"stack":null}
[2026-08-29T01:14:35.322Z] {"timestamp":1787966073564,"level":"DEBUG","args":["[vite]","hot updated: /src/index.css"],"stack":null}
[2026-08-29T01:15:01.562Z] {"timestamp":1787966099644,"level":"DEBUG","args":["[vite]","hot updated: /src/pages/WelcomeAuth.tsx"],"stack":null}
[2026-08-29T01:15:01.562Z] {"timestamp":1787966099644,"level":"DEBUG","args":["[vite]","hot updated: /src/index.css"],"stack":null}
[2026-08-29T01:15:07.562Z] {"timestamp":1787966106927,"level":"DEBUG","args":["[vite]","hot updated: /src/pages/WelcomeAuth.tsx"],"stack":null}
[2026-08-29T01:15:07.562Z] {"timestamp":1787966106927,"level":"DEBUG","args":["[vite]","hot updated: /src/index.css"],"stack":null}
[2026-08-29T01:15:13.562Z] {"timestamp":1787966113144,"level":"DEBUG","args":["[vite]","hot updated: /src/pages/WelcomeAuth.tsx"],"stack":null}
[2026-08-29T01:15:13.562Z] {"timestamp":1787966113145,"level":"DEBUG","args":["[vite]","hot updated: /src/index.css"],"stack":null}
[2026-08-29T01:15:15.569Z] {"timestamp":1787966115486,"level":"DEBUG","args":["[vite]","hot updated: /src/pages/WelcomeAuth.tsx"],"stack":null}
[2026-08-29T01:15:15.569Z] {"timestamp":1787966115486,"level":"DEBUG","args":["[vite]","hot updated: /src/index.css"],"stack":null}
[2026-08-29T01:15:25.562Z] {"timestamp":1787966125327,"level":"DEBUG","args":["[vite]","hot updated: /src/pages/WelcomeAuth.tsx"],"stack":null}
[2026-08-29T01:15:25.562Z] {"timestamp":1787966125327,"level":"DEBUG","args":["[vite]","hot updated: /src/index.css"],"stack":null}
[2026-08-29T01:15:29.565Z] {"timestamp":1787966128987,"level":"DEBUG","args":["[vite]","hot updated: /src/pages/WelcomeAuth.tsx"],"stack":null}
[2026-08-29T01:15:29.565Z] {"timestamp":1787966128987,"level":"DEBUG","args":["[vite]","hot updated: /src/index.css"],"stack":null}
[2026-08-29T01:15:59.563Z] {"timestamp":1787966158841,"level":"DEBUG","args":["[vite]","hot updated: /src/pages/WelcomeAuth.tsx"],"stack":null}
[2026-08-29T01:15:59.563Z] {"timestamp":1787966158841,"level":"DEBUG","args":["[vite]","hot updated: /src/index.css"],"stack":null}
[2026-08-29T01:16:01.562Z] {"timestamp":1787966161232,"level":"DEBUG","args":["[vite]","hot updated: /src/pages/WelcomeAuth.tsx"],"stack":null}
[2026-08-29T01:16:01.562Z] {"timestamp":1787966161233,"level":"DEBUG","args":["[vite]","hot updated: /src/index.css"],"stack":null}
[2026-08-29T01:16:07.563Z] {"timestamp":1787966167202,"level":"DEBUG","args":["[vite]","hot updated: /src/pages/WelcomeAuth.tsx"],"stack":null}
[2026-08-29T01:16:07.563Z] {"timestamp":1787966167202,"level":"DEBUG","args":["[vite]","hot updated: /src/index.css"],"stack":null}
[2026-08-29T01:16:11.563Z] {"timestamp":1787966169839,"level":"DEBUG","args":["[vite]","hot updated: /src/pages/WelcomeAuth.tsx"],"stack":null}
[2026-08-29T01:16:11.563Z] {"timestamp":1787966169839,"level":"DEBUG","args":["[vite]","hot updated: /src/index.css"],"stack":null}
[2026-08-29T01:16:47.567Z] {"timestamp":1787966206612,"level":"DEBUG","args":["[vite]","hot updated: /src/pages/WelcomeAuth.tsx"],"stack":null}
[2026-08-29T01:16:47.567Z] {"timestamp":1787966206612,"level":"DEBUG","args":["[vite]","hot updated: /src/index.css"],"stack":null}
[2026-08-29T01:16:49.563Z] {"timestamp":1787966209081,"level":"DEBUG","args":["[vite]","hot updated: /src/pages/WelcomeAuth.tsx"],"stack":null}
[2026-08-29T01:16:49.563Z] {"timestamp":1787966209081,"level":"DEBUG","args":["[vite]","hot updated: /src/index.css"],"stack":null}
[2026-08-29T01:16:53.561Z] {"timestamp":1787966211775,"level":"DEBUG","args":["[vite]","hot updated: /src/pages/WelcomeAuth.tsx"],"stack":null}
[2026-08-29T01:16:53.561Z] {"timestamp":1787966211776,"level":"DEBUG","args":["[vite]","hot updated: /src/index.css"],"stack":null}
[2026-08-29T01:16:59.563Z] {"timestamp":1787966218478,"level":"DEBUG","args":["[vite]","hot updated: /src/pages/WelcomeAuth.tsx"],"stack":null}
[2026-08-29T01:16:59.563Z] {"timestamp":1787966218478,"level":"DEBUG","args":["[vite]","hot updated: /src/index.css"],"stack":null}
[2026-08-29T01:17:01.565Z] {"timestamp":1787966221133,"level":"DEBUG","args":["[vite]","hot updated: /src/pages/WelcomeAuth.tsx"],"stack":null}
[2026-08-29T01:17:01.565Z] {"timestamp":1787966221133,"level":"DEBUG","args":["[vite]","hot updated: /src/index.css"],"stack":null}
[2026-08-29T01:17:05.562Z] {"timestamp":1787966224847,"level":"DEBUG","args":["[vite]","hot updated: /src/pages/WelcomeAuth.tsx"],"stack":null}
[2026-08-29T01:17:05.562Z] {"timestamp":1787966224847,"level":"DEBUG","args":["[vite]","hot updated: /src/index.css"],"stack":null}
[2026-08-29T01:17:09.562Z] {"timestamp":1787966229222,"level":"DEBUG","args":["[vite]","hot updated: /src/pages/WelcomeAuth.tsx"],"stack":null}
[2026-08-29T01:17:09.562Z] {"timestamp":1787966229222,"level":"DEBUG","args":["[vite]","hot updated: /src/index.css"],"stack":null}
[2026-08-29T01:17:13.763Z] {"timestamp":1787966233488,"level":"DEBUG","args":["[vite]","hot updated: /src/pages/WelcomeAuth.tsx"],"stack":null}
[2026-08-29T01:17:13.763Z] {"timestamp":1787966233489,"level":"DEBUG","args":["[vite]","hot updated: /src/index.css"],"stack":null}
[2026-08-29T01:17:34.561Z] {"timestamp":1787966251474,"level":"DEBUG","args":["[vite]","hot updated: /src/pages/WelcomeAuth.tsx"],"stack":null}
[2026-08-29T01:17:34.561Z] {"timestamp":1787966251475,"level":"DEBUG","args":["[vite]","hot updated: /src/index.css"],"stack":null}
[2026-08-29T01:18:34.562Z] {"timestamp":1787966262221,"level":"DEBUG","args":["[vite]","hot updated: /src/pages/WelcomeAuth.tsx"],"stack":null}
[2026-08-29T01:18:34.562Z] {"timestamp":1787966262221,"level":"DEBUG","args":["[vite]","hot updated: /src/index.css"],"stack":null}
[2026-08-29T01:18:34.562Z] {"timestamp":1787966265919,"level":"DEBUG","args":["[vite]","hot updated: /src/pages/WelcomeAuth.tsx"],"stack":null}
[2026-08-29T01:18:34.562Z] {"timestamp":1787966265919,"level":"DEBUG","args":["[vite]","hot updated: /src/index.css"],"stack":null}
[2026-08-29T01:18:34.562Z] {"timestamp":1787966267089,"level":"DEBUG","args":["[vite]","hot updated: /src/pages/WelcomeAuth.tsx"],"stack":null}
[2026-08-29T01:18:34.562Z] {"timestamp":1787966267090,"level":"DEBUG","args":["[vite]","hot updated: /src/index.css"],"stack":null}
[2026-08-29T01:18:34.562Z] {"timestamp":1787966270503,"level":"DEBUG","args":["[vite]","hot updated: /src/pages/WelcomeAuth.tsx"],"stack":null}
[2026-08-29T01:18:34.562Z] {"timestamp":1787966270503,"level":"DEBUG","args":["[vite]","hot updated: /src/index.css"],"stack":null}
[2026-08-29T01:18:34.562Z] {"timestamp":1787966271873,"level":"DEBUG","args":["[vite]","hot updated: /src/pages/WelcomeAuth.tsx"],"stack":null}
[2026-08-29T01:18:34.562Z] {"timestamp":1787966271873,"level":"DEBUG","args":["[vite]","hot updated: /src/index.css"],"stack":null}
[2026-08-29T01:18:34.562Z] {"timestamp":1787966273577,"level":"DEBUG","args":["[vite]","hot updated: /src/pages/WelcomeAuth.tsx"],"stack":null}
[2026-08-29T01:18:34.562Z] {"timestamp":1787966273577,"level":"DEBUG","args":["[vite]","hot updated: /src/index.css"],"stack":null}
[2026-08-29T01:18:34.562Z] {"timestamp":1787966275153,"level":"DEBUG","args":["[vite]","hot updated: /src/pages/WelcomeAuth.tsx"],"stack":null}
[2026-08-29T01:18:34.562Z] {"timestamp":1787966275154,"level":"DEBUG","args":["[vite]","hot updated: /src/index.css"],"stack":null}
[2026-08-29T01:18:34.562Z] {"timestamp":1787966278690,"level":"DEBUG","args":["[vite]","hot updated: /src/pages/WelcomeAuth.tsx"],"stack":null}
[2026-08-29T01:18:34.562Z] {"timestamp":1787966278690,"level":"DEBUG","args":["[vite]","hot updated: /src/index.css"],"stack":null}
[2026-08-29T01:18:34.562Z] {"timestamp":1787966282024,"level":"DEBUG","args":["[vite]","hot updated: /src/pages/WelcomeAuth.tsx"],"stack":null}
[2026-08-29T01:18:34.562Z] {"timestamp":1787966282024,"level":"DEBUG","args":["[vite]","hot updated: /src/index.css"],"stack":null}
[2026-08-29T01:18:34.562Z] {"timestamp":1787966284797,"level":"DEBUG","args":["[vite]","hot updated: /src/pages/WelcomeAuth.tsx"],"stack":null}
[2026-08-29T01:18:34.562Z] {"timestamp":1787966284797,"level":"DEBUG","args":["[vite]","hot updated: /src/index.css"],"stack":null}
[2026-08-29T01:18:34.562Z] {"timestamp":1787966286263,"level":"DEBUG","args":["[vite]","hot updated: /src/pages/WelcomeAuth.tsx"],"stack":null}
[2026-08-29T01:18:34.562Z] {"timestamp":1787966286263,"level":"DEBUG","args":["[vite]","hot updated: /src/index.css"],"stack":null}
[2026-08-29T01:18:34.562Z] {"timestamp":1787966290442,"level":"DEBUG","args":["[vite]","hot updated: /src/pages/WelcomeAuth.tsx"],"stack":null}
[2026-08-29T01:18:34.562Z] {"timestamp":1787966290444,"level":"DEBUG","args":["[vite]","hot updated: /src/index.css"],"stack":null}
[2026-08-29T01:18:34.562Z] {"timestamp":1787966293011,"level":"DEBUG","args":["[vite]","hot updated: /src/pages/WelcomeAuth.tsx"],"stack":null}
[2026-08-29T01:18:34.562Z] {"timestamp":1787966293011,"level":"DEBUG","args":["[vite]","hot updated: /src/index.css"],"stack":null}
[2026-08-29T01:18:34.562Z] {"timestamp":1787966294238,"level":"DEBUG","args":["[vite]","hot updated: /src/pages/WelcomeAuth.tsx"],"stack":null}
[2026-08-29T01:18:34.562Z] {"timestamp":1787966294239,"level":"DEBUG","args":["[vite]","hot updated: /src/index.css"],"stack":null}
[2026-08-29T01:18:34.562Z] {"timestamp":1787966299569,"level":"DEBUG","args":["[vite]","hot updated: /src/pages/WelcomeAuth.tsx"],"stack":null}
[2026-08-29T01:18:34.562Z] {"timestamp":1787966299569,"level":"DEBUG","args":["[vite]","hot updated: /src/index.css"],"stack":null}
[2026-08-29T01:18:34.562Z] {"timestamp":1787966302324,"level":"DEBUG","args":["[vite]","hot updated: /src/pages/WelcomeAuth.tsx"],"stack":null}
[2026-08-29T01:18:34.562Z] {"timestamp":1787966302324,"level":"DEBUG","args":["[vite]","hot updated: /src/index.css"],"stack":null}
[2026-08-29T01:18:34.562Z] {"timestamp":1787966303956,"level":"DEBUG","args":["[vite]","hot updated: /src/pages/WelcomeAuth.tsx"],"stack":null}
[2026-08-29T01:18:34.562Z] {"timestamp":1787966303957,"level":"DEBUG","args":["[vite]","hot updated: /src/index.css"],"stack":null}
[2026-08-29T01:18:34.562Z] {"timestamp":1787966305134,"level":"DEBUG","args":["[vite]","hot updated: /src/pages/WelcomeAuth.tsx"],"stack":null}
[2026-08-29T01:18:34.562Z] {"timestamp":1787966305134,"level":"DEBUG","args":["[vite]","hot updated: /src/index.css"],"stack":null}
[2026-08-29T01:18:34.562Z] {"timestamp":1787966307434,"level":"DEBUG","args":["[vite]","hot updated: /src/pages/WelcomeAuth.tsx"],"stack":null}
[2026-08-29T01:18:34.562Z] {"timestamp":1787966307434,"level":"DEBUG","args":["[vite]","hot updated: /src/index.css"],"stack":null}
[2026-08-29T01:18:34.562Z] {"timestamp":1787966310024,"level":"DEBUG","args":["[vite]","hot updated: /src/pages/WelcomeAuth.tsx"],"stack":null}
[2026-08-29T01:18:34.562Z] {"timestamp":1787966310025,"level":"DEBUG","args":["[vite]","hot updated: /src/index.css"],"stack":null}
[2026-08-29T01:18:34.562Z] {"timestamp":1787966313493,"level":"DEBUG","args":["[vite]","hot updated: /src/pages/WelcomeAuth.tsx"],"stack":null}
[2026-08-29T01:18:34.562Z] {"timestamp":1787966313493,"level":"DEBUG","args":["[vite]","hot updated: /src/index.css"],"stack":null}
[2026-08-29T01:19:34.563Z] {"timestamp":1787966317040,"level":"DEBUG","args":["[vite]","hot updated: /src/pages/WelcomeAuth.tsx"],"stack":null}
[2026-08-29T01:19:34.563Z] {"timestamp":1787966317040,"level":"DEBUG","args":["[vite]","hot updated: /src/index.css"],"stack":null}
[2026-08-29T01:19:34.563Z] {"timestamp":1787966318912,"level":"DEBUG","args":["[vite]","hot updated: /src/pages/WelcomeAuth.tsx"],"stack":null}
[2026-08-29T01:19:34.563Z] {"timestamp":1787966318913,"level":"DEBUG","args":["[vite]","hot updated: /src/index.css"],"stack":null}
[2026-08-29T01:19:34.563Z] {"timestamp":1787966322807,"level":"DEBUG","args":["[vite]","hot updated: /src/pages/WelcomeAuth.tsx"],"stack":null}
[2026-08-29T01:19:34.563Z] {"timestamp":1787966322807,"level":"DEBUG","args":["[vite]","hot updated: /src/index.css"],"stack":null}
[2026-08-29T01:19:34.563Z] {"timestamp":1787966324425,"level":"DEBUG","args":["[vite]","hot updated: /src/pages/WelcomeAuth.tsx"],"stack":null}
[2026-08-29T01:19:34.563Z] {"timestamp":1787966324428,"level":"DEBUG","args":["[vite]","hot updated: /src/index.css"],"stack":null}
[2026-08-29T01:19:34.563Z] {"timestamp":1787966329747,"level":"DEBUG","args":["[vite]","hot updated: /src/pages/WelcomeAuth.tsx"],"stack":null}
[2026-08-29T01:19:34.563Z] {"timestamp":1787966329748,"level":"DEBUG","args":["[vite]","hot updated: /src/index.css"],"stack":null}
[2026-08-29T01:19:34.563Z] {"timestamp":1787966330934,"level":"DEBUG","args":["[vite]","hot updated: /src/pages/WelcomeAuth.tsx"],"stack":null}
[2026-08-29T01:19:34.563Z] {"timestamp":1787966330934,"level":"DEBUG","args":["[vite]","hot updated: /src/index.css"],"stack":null}
[2026-08-29T01:19:34.563Z] {"timestamp":1787966344094,"level":"DEBUG","args":["[vite]","hot updated: /src/pages/WelcomeAuth.tsx"],"stack":null}
[2026-08-29T01:19:34.563Z] {"timestamp":1787966344094,"level":"DEBUG","args":["[vite]","hot updated: /src/index.css"],"stack":null}
[2026-08-29T01:19:34.563Z] {"timestamp":1787966345400,"level":"DEBUG","args":["[vite]","hot updated: /src/pages/WelcomeAuth.tsx"],"stack":null}
[2026-08-29T01:19:34.563Z] {"timestamp":1787966345401,"level":"DEBUG","args":["[vite]","hot updated: /src/index.css"],"stack":null}
[2026-08-29T01:19:52.126Z] {"timestamp":1787966378439,"level":"DEBUG","args":["[vite]","hot updated: /src/pages/WelcomeAuth.tsx"],"stack":null}
[2026-08-29T01:19:52.126Z] {"timestamp":1787966378439,"level":"DEBUG","args":["[vite]","hot updated: /src/index.css"],"stack":null}
[2026-08-29T01:20:19.564Z] {"timestamp":1787966418050,"level":"DEBUG","args":["[vite]","hot updated: /src/pages/WelcomeAuth.tsx"],"stack":null}
[2026-08-29T01:20:19.564Z] {"timestamp":1787966418051,"level":"DEBUG","args":["[vite]","hot updated: /src/index.css"],"stack":null}
[2026-08-29T01:20:21.564Z] {"timestamp":1787966420150,"level":"DEBUG","args":["[vite]","hot updated: /src/pages/WelcomeAuth.tsx"],"stack":null}
[2026-08-29T01:20:21.564Z] {"timestamp":1787966420150,"level":"DEBUG","args":["[vite]","hot updated: /src/index.css"],"stack":null}
[2026-08-29T01:20:27.563Z] {"timestamp":1787966425586,"level":"DEBUG","args":["[vite]","hot updated: /src/pages/WelcomeAuth.tsx"],"stack":null}
[2026-08-29T01:20:27.563Z] {"timestamp":1787966425586,"level":"DEBUG","args":["[vite]","hot updated: /src/index.css"],"stack":null}
[2026-08-29T01:20:29.562Z] {"timestamp":1787966428064,"level":"DEBUG","args":["[vite]","hot updated: /src/pages/WelcomeAuth.tsx"],"stack":null}
[2026-08-29T01:20:29.562Z] {"timestamp":1787966428064,"level":"DEBUG","args":["[vite]","hot updated: /src/index.css"],"stack":null}
[2026-08-29T01:20:35.567Z] {"timestamp":1787966433656,"level":"DEBUG","args":["[vite]","hot updated: /src/pages/WelcomeAuth.tsx"],"stack":null}
[2026-08-29T01:20:35.567Z] {"timestamp":1787966433656,"level":"DEBUG","args":["[vite]","hot updated: /src/index.css"],"stack":null}
[2026-08-29T01:20:35.567Z] {"timestamp":1787966435197,"level":"DEBUG","args":["[vite]","hot updated: /src/pages/WelcomeAuth.tsx"],"stack":null}
[2026-08-29T01:20:35.567Z] {"timestamp":1787966435197,"level":"DEBUG","args":["[vite]","hot updated: /src/index.css"],"stack":null}
[2026-08-29T01:21:11.564Z] {"timestamp":1787966471530,"level":"DEBUG","args":["[vite]","hot updated: /src/pages/WelcomeAuth.tsx"],"stack":null}
[2026-08-29T01:21:11.564Z] {"timestamp":1787966471531,"level":"DEBUG","args":["[vite]","hot updated: /src/index.css"],"stack":null}
[2026-08-29T01:21:13.562Z] {"timestamp":1787966472923,"level":"DEBUG","args":["[vite]","hot updated: /src/pages/WelcomeAuth.tsx"],"stack":null}
[2026-08-29T01:21:13.562Z] {"timestamp":1787966472924,"level":"DEBUG","args":["[vite]","hot updated: /src/index.css"],"stack":null}
[2026-08-29T01:21:19.562Z] {"timestamp":1787966479380,"level":"DEBUG","args":["[vite]","hot updated: /src/pages/WelcomeAuth.tsx"],"stack":null}
[2026-08-29T01:21:19.562Z] {"timestamp":1787966479380,"level":"DEBUG","args":["[vite]","hot updated: /src/index.css"],"stack":null}
[2026-08-29T01:21:23.566Z] {"timestamp":1787966482736,"level":"DEBUG","args":["[vite]","hot updated: /src/pages/WelcomeAuth.tsx"],"stack":null}
[2026-08-29T01:21:23.566Z] {"timestamp":1787966482736,"level":"DEBUG","args":["[vite]","hot updated: /src/index.css"],"stack":null}
[2026-08-29T01:21:27.584Z] {"timestamp":1787966486575,"level":"DEBUG","args":["[vite]","hot updated: /src/pages/WelcomeAuth.tsx"],"stack":null}
[2026-08-29T01:21:27.584Z] {"timestamp":1787966486576,"level":"DEBUG","args":["[vite]","hot updated: /src/index.css"],"stack":null}
[2026-08-29T01:21:31.561Z] {"timestamp":1787966490469,"level":"DEBUG","args":["[vite]","hot updated: /src/pages/WelcomeAuth.tsx"],"stack":null}
[2026-08-29T01:21:31.561Z] {"timestamp":1787966490469,"level":"DEBUG","args":["[vite]","hot updated: /src/index.css"],"stack":null}
[2026-08-29T01:21:33.564Z] {"timestamp":1787966491979,"level":"DEBUG","args":["[vite]","hot updated: /src/pages/WelcomeAuth.tsx"],"stack":null}
[2026-08-29T01:21:33.565Z] {"timestamp":1787966491979,"level":"DEBUG","args":["[vite]","hot updated: /src/index.css"],"stack":null}
[2026-08-29T01:21:35.561Z] {"timestamp":1787966494924,"level":"DEBUG","args":["[vite]","hot updated: /src/pages/WelcomeAuth.tsx"],"stack":null}
[2026-08-29T01:21:35.561Z] {"timestamp":1787966494924,"level":"DEBUG","args":["[vite]","hot updated: /src/index.css"],"stack":null}
[2026-08-29T01:21:39.562Z] {"timestamp":1787966498697,"level":"DEBUG","args":["[vite]","hot updated: /src/pages/WelcomeAuth.tsx"],"stack":null}
[2026-08-29T01:21:39.562Z] {"timestamp":1787966498698,"level":"DEBUG","args":["[vite]","hot updated: /src/index.css"],"stack":null}
[2026-08-29T01:21:52.925Z] {"timestamp":1787966511969,"level":"DEBUG","args":["[vite]","hot updated: /src/pages/WelcomeAuth.tsx"],"stack":null}
[2026-08-29T01:21:52.925Z] {"timestamp":1787966511969,"level":"DEBUG","args":["[vite]","hot updated: /src/index.css"],"stack":null}
[2026-08-29T01:22:39.374Z] {"timestamp":1787966558004,"level":"DEBUG","args":["[vite]","hot updated: /src/pages/WelcomeAuth.tsx"],"stack":null}
[2026-08-29T01:22:39.374Z] {"timestamp":1787966558004,"level":"DEBUG","args":["[vite]","hot updated: /src/index.css"],"stack":null}
[2026-08-29T01:26:49.568Z] {"timestamp":1787966807586,"level":"DEBUG","args":["[vite]","hot updated: /src/pages/WelcomeAuth.tsx"],"stack":null}
[2026-08-29T01:26:49.568Z] {"timestamp":1787966807586,"level":"DEBUG","args":["[vite]","hot updated: /src/index.css"],"stack":null}
[2026-08-29T01:26:49.568Z] {"timestamp":1787966808792,"level":"DEBUG","args":["[vite]","hot updated: /src/pages/WelcomeAuth.tsx"],"stack":null}
[2026-08-29T01:26:49.568Z] {"timestamp":1787966808792,"level":"DEBUG","args":["[vite]","hot updated: /src/index.css"],"stack":null}
[2026-08-29T01:26:51.563Z] {"timestamp":1787966811205,"level":"DEBUG","args":["[vite]","hot updated: /src/pages/WelcomeAuth.tsx"],"stack":null}
[2026-08-29T01:26:51.563Z] {"timestamp":1787966811205,"level":"DEBUG","args":["[vite]","hot updated: /src/index.css"],"stack":null}
[2026-08-29T01:26:59.563Z] {"timestamp":1787966818018,"level":"DEBUG","args":["[vite]","hot updated: /src/pages/WelcomeAuth.tsx"],"stack":null}
[2026-08-29T01:26:59.563Z] {"timestamp":1787966818018,"level":"DEBUG","args":["[vite]","hot updated: /src/index.css"],"stack":null}
[2026-08-29T01:28:34.564Z] {"timestamp":1787966867345,"level":"DEBUG","args":["[vite]","hot updated: /src/pages/WelcomeAuth.tsx"],"stack":null}
[2026-08-29T01:28:34.564Z] {"timestamp":1787966867345,"level":"DEBUG","args":["[vite]","hot updated: /src/index.css"],"stack":null}
[2026-08-29T01:28:34.564Z] {"timestamp":1787966878313,"level":"DEBUG","args":["[vite]","hot updated: /src/pages/WelcomeAuth.tsx"],"stack":null}
[2026-08-29T01:28:34.564Z] {"timestamp":1787966878314,"level":"DEBUG","args":["[vite]","hot updated: /src/index.css"],"stack":null}
[2026-08-29T01:28:34.564Z] {"timestamp":1787966883303,"level":"DEBUG","args":["[vite]","hot updated: /src/pages/WelcomeAuth.tsx"],"stack":null}
[2026-08-29T01:28:34.564Z] {"timestamp":1787966883303,"level":"DEBUG","args":["[vite]","hot updated: /src/index.css"],"stack":null}
[2026-08-29T01:28:34.564Z] {"timestamp":1787966891625,"level":"DEBUG","args":["[vite]","hot updated: /src/pages/WelcomeAuth.tsx"],"stack":null}
[2026-08-29T01:28:34.564Z] {"timestamp":1787966891625,"level":"DEBUG","args":["[vite]","hot updated: /src/index.css"],"stack":null}
[2026-08-29T01:28:34.564Z] {"timestamp":1787966900418,"level":"DEBUG","args":["[vite]","hot updated: /src/pages/WelcomeAuth.tsx"],"stack":null}
[2026-08-29T01:28:34.564Z] {"timestamp":1787966900418,"level":"DEBUG","args":["[vite]","hot updated: /src/index.css"],"stack":null}
[2026-08-29T01:28:34.564Z] {"timestamp":1787966904412,"level":"DEBUG","args":["[vite]","hot updated: /src/pages/WelcomeAuth.tsx"],"stack":null}
[2026-08-29T01:28:34.564Z] {"timestamp":1787966904412,"level":"DEBUG","args":["[vite]","hot updated: /src/index.css"],"stack":null}
[2026-08-29T01:28:34.564Z] {"timestamp":1787966906381,"level":"DEBUG","args":["[vite]","hot updated: /src/pages/WelcomeAuth.tsx"],"stack":null}
[2026-08-29T01:28:34.564Z] {"timestamp":1787966906381,"level":"DEBUG","args":["[vite]","hot updated: /src/index.css"],"stack":null}
[2026-08-29T01:28:34.564Z] {"timestamp":1787966911426,"level":"DEBUG","args":["[vite]","hot updated: /src/pages/WelcomeAuth.tsx"],"stack":null}
[2026-08-29T01:28:34.564Z] {"timestamp":1787966911426,"level":"DEBUG","args":["[vite]","hot updated: /src/index.css"],"stack":null}
[2026-08-29T01:30:34.566Z] {"timestamp":1787967024244,"level":"DEBUG","args":["[vite]","hot updated: /src/pages/WelcomeAuth.tsx"],"stack":null}
[2026-08-29T01:30:34.566Z] {"timestamp":1787967024244,"level":"DEBUG","args":["[vite]","hot updated: /src/index.css"],"stack":null}
[2026-08-29T01:30:34.566Z] {"timestamp":1787967027172,"level":"DEBUG","args":["[vite]","hot updated: /src/pages/WelcomeAuth.tsx"],"stack":null}
[2026-08-29T01:30:34.566Z] {"timestamp":1787967027172,"level":"DEBUG","args":["[vite]","hot updated: /src/index.css"],"stack":null}
[2026-08-29T01:30:34.566Z] {"timestamp":1787967029537,"level":"DEBUG","args":["[vite]","hot updated: /src/pages/WelcomeAuth.tsx"],"stack":null}
[2026-08-29T01:30:34.566Z] {"timestamp":1787967029538,"level":"DEBUG","args":["[vite]","hot updated: /src/index.css"],"stack":null}
[2026-08-29T01:31:09.165Z] {"timestamp":1787967036689,"level":"DEBUG","args":["[vite]","hot updated: /src/pages/WelcomeAuth.tsx"],"stack":null}
[2026-08-29T01:31:09.165Z] {"timestamp":1787967036689,"level":"DEBUG","args":["[vite]","hot updated: /src/index.css"],"stack":null}
[2026-08-29T01:31:09.165Z] {"timestamp":1787967042509,"level":"DEBUG","args":["[vite]","hot updated: /src/pages/WelcomeAuth.tsx"],"stack":null}
[2026-08-29T01:31:09.165Z] {"timestamp":1787967042509,"level":"DEBUG","args":["[vite]","hot updated: /src/index.css"],"stack":null}
[2026-08-29T01:31:09.165Z] {"timestamp":1787967045204,"level":"DEBUG","args":["[vite]","hot updated: /src/pages/WelcomeAuth.tsx"],"stack":null}
[2026-08-29T01:31:09.165Z] {"timestamp":1787967045204,"level":"DEBUG","args":["[vite]","hot updated: /src/index.css"],"stack":null}
[2026-08-29T01:31:09.165Z] {"timestamp":1787967048249,"level":"DEBUG","args":["[vite]","hot updated: /src/pages/WelcomeAuth.tsx"],"stack":null}
[2026-08-29T01:31:09.165Z] {"timestamp":1787967048252,"level":"DEBUG","args":["[vite]","hot updated: /src/index.css"],"stack":null}
[2026-08-29T01:31:09.165Z] {"timestamp":1787967058839,"level":"DEBUG","args":["[vite]","hot updated: /src/pages/WelcomeAuth.tsx"],"stack":null}
[2026-08-29T01:31:09.165Z] {"timestamp":1787967058839,"level":"DEBUG","args":["[vite]","hot updated: /src/index.css"],"stack":null}
[2026-08-29T01:31:09.165Z] {"timestamp":1787967063617,"level":"DEBUG","args":["[vite]","hot updated: /src/pages/WelcomeAuth.tsx"],"stack":null}
[2026-08-29T01:31:09.165Z] {"timestamp":1787967063617,"level":"DEBUG","args":["[vite]","hot updated: /src/index.css"],"stack":null}
[2026-08-29T01:31:09.165Z] {"timestamp":1787967066224,"level":"DEBUG","args":["[vite]","hot updated: /src/pages/WelcomeAuth.tsx"],"stack":null}
[2026-08-29T01:31:09.165Z] {"timestamp":1787967066224,"level":"DEBUG","args":["[vite]","hot updated: /src/index.css"],"stack":null}
[2026-08-29T01:31:47.563Z] {"timestamp":1787967105874,"level":"DEBUG","args":["[vite]","hot updated: /src/pages/WelcomeAuth.tsx"],"stack":null}
[2026-08-29T01:31:47.563Z] {"timestamp":1787967105876,"level":"DEBUG","args":["[vite]","hot updated: /src/index.css"],"stack":null}
[2026-08-29T01:32:09.561Z] {"timestamp":1787967127856,"level":"DEBUG","args":["[vite]","hot updated: /src/pages/WelcomeAuth.tsx"],"stack":null}
[2026-08-29T01:32:09.561Z] {"timestamp":1787967127856,"level":"DEBUG","args":["[vite]","hot updated: /src/index.css"],"stack":null}
[2026-08-29T01:32:11.577Z] {"timestamp":1787967130112,"level":"DEBUG","args":["[vite]","hot updated: /src/pages/WelcomeAuth.tsx"],"stack":null}
[2026-08-29T01:32:11.577Z] {"timestamp":1787967130113,"level":"DEBUG","args":["[vite]","hot updated: /src/index.css"],"stack":null}
[2026-08-29T01:32:11.577Z] {"timestamp":1787967131536,"level":"DEBUG","args":["[vite]","hot updated: /src/pages/WelcomeAuth.tsx"],"stack":null}
[2026-08-29T01:32:11.577Z] {"timestamp":1787967131536,"level":"DEBUG","args":["[vite]","hot updated: /src/index.css"],"stack":null}
[2026-08-29T01:32:19.563Z] {"timestamp":1787967137869,"level":"DEBUG","args":["[vite]","hot updated: /src/pages/WelcomeAuth.tsx"],"stack":null}
[2026-08-29T01:32:19.563Z] {"timestamp":1787967137869,"level":"DEBUG","args":["[vite]","hot updated: /src/index.css"],"stack":null}
[2026-08-29T01:32:34.561Z] {"timestamp":1787967144312,"level":"DEBUG","args":["[vite]","hot updated: /src/pages/WelcomeAuth.tsx"],"stack":null}
[2026-08-29T01:32:34.561Z] {"timestamp":1787967144312,"level":"DEBUG","args":["[vite]","hot updated: /src/index.css"],"stack":null}
[2026-08-29T01:32:34.561Z] {"timestamp":1787967145480,"level":"DEBUG","args":["[vite]","hot updated: /src/pages/WelcomeAuth.tsx"],"stack":null}
[2026-08-29T01:32:34.561Z] {"timestamp":1787967145480,"level":"DEBUG","args":["[vite]","hot updated: /src/index.css"],"stack":null}
[2026-08-29T01:32:34.561Z] {"timestamp":1787967150508,"level":"DEBUG","args":["[vite]","hot updated: /src/pages/WelcomeAuth.tsx"],"stack":null}
[2026-08-29T01:32:34.561Z] {"timestamp":1787967150508,"level":"DEBUG","args":["[vite]","hot updated: /src/index.css"],"stack":null}
[2026-08-29T01:32:46.484Z] {"timestamp":1787967156359,"level":"DEBUG","args":["[vite]","hot updated: /src/pages/WelcomeAuth.tsx"],"stack":null}
[2026-08-29T01:32:46.484Z] {"timestamp":1787967156359,"level":"DEBUG","args":["[vite]","hot updated: /src/index.css"],"stack":null}
[2026-08-29T01:32:46.484Z] {"timestamp":1787967159347,"level":"DEBUG","args":["[vite]","hot updated: /src/pages/WelcomeAuth.tsx"],"stack":null}
[2026-08-29T01:32:46.484Z] {"timestamp":1787967159347,"level":"DEBUG","args":["[vite]","hot updated: /src/index.css"],"stack":null}
[2026-08-29T01:34:14.479Z] {"timestamp":1787967250343,"level":"DEBUG","args":["[vite]","hot updated: /src/pages/WelcomeAuth.tsx"],"stack":null}
[2026-08-29T01:34:14.479Z] {"timestamp":1787967250343,"level":"DEBUG","args":["[vite]","hot updated: /src/index.css"],"stack":null}
[2026-08-29T01:34:14.479Z] {"timestamp":1787967253010,"level":"DEBUG","args":["[vite]","hot updated: /src/pages/WelcomeAuth.tsx"],"stack":null}
[2026-08-29T01:34:14.479Z] {"timestamp":1787967253010,"level":"DEBUG","args":["[vite]","hot updated: /src/index.css"],"stack":null}
[2026-08-29T01:34:31.564Z] {"timestamp":1787967271220,"level":"DEBUG","args":["[vite]","hot updated: /src/pages/WelcomeAuth.tsx"],"stack":null}
[2026-08-29T01:34:31.564Z] {"timestamp":1787967271220,"level":"DEBUG","args":["[vite]","hot updated: /src/index.css"],"stack":null}
[2026-08-29T01:34:35.561Z] {"timestamp":1787967273825,"level":"DEBUG","args":["[vite]","hot updated: /src/pages/WelcomeAuth.tsx"],"stack":null}
[2026-08-29T01:34:35.561Z] {"timestamp":1787967273826,"level":"DEBUG","args":["[vite]","hot updated: /src/index.css"],"stack":null}
[2026-08-29T01:34:37.589Z] {"timestamp":1787967276573,"level":"DEBUG","args":["[vite]","hot updated: /src/pages/WelcomeAuth.tsx"],"stack":null}
[2026-08-29T01:34:37.589Z] {"timestamp":1787967276574,"level":"DEBUG","args":["[vite]","hot updated: /src/index.css"],"stack":null}
[2026-08-29T01:39:01.563Z] {"timestamp":1787967540169,"level":"DEBUG","args":["[vite]","hot updated: /src/pages/WelcomeAuth.tsx"],"stack":null}
[2026-08-29T01:39:01.563Z] {"timestamp":1787967540169,"level":"DEBUG","args":["[vite]","hot updated: /src/index.css"],"stack":null}
[2026-08-29T01:40:47.467Z] {"timestamp":1787967645284,"level":"DEBUG","args":["[vite]","hot updated: /src/pages/WelcomeAuth.tsx"],"stack":null}
[2026-08-29T01:40:47.467Z] {"timestamp":1787967645285,"level":"DEBUG","args":["[vite]","hot updated: /src/index.css"],"stack":null}
[2026-08-29T01:46:27.568Z] {"timestamp":1787967987449,"level":"DEBUG","args":["[vite]","hot updated: /src/index.css"],"stack":null}
[2026-08-29T01:46:27.568Z] {"timestamp":1787967987450,"level":"DEBUG","args":["[vite]","hot updated: /src/pages/UserProfile.tsx"],"stack":null}
[2026-08-29T01:46:33.562Z] {"timestamp":1787967991671,"level":"DEBUG","args":["[vite]","hot updated: /src/index.css"],"stack":null}
[2026-08-29T01:46:33.562Z] {"timestamp":1787967991672,"level":"DEBUG","args":["[vite]","hot updated: /src/pages/UserProfile.tsx"],"stack":null}
[2026-08-29T01:47:34.562Z] {"timestamp":1787968012966,"level":"DEBUG","args":["[vite]","hot updated: /src/index.css"],"stack":null}
[2026-08-29T01:47:34.562Z] {"timestamp":1787968012969,"level":"DEBUG","args":["[vite]","hot updated: /src/pages/ThreatIntel.tsx"],"stack":null}
[2026-08-29T01:47:34.562Z] {"timestamp":1787968028055,"level":"DEBUG","args":["[vite]","hot updated: /src/index.css"],"stack":null}
[2026-08-29T01:47:34.562Z] {"timestamp":1787968028056,"level":"DEBUG","args":["[vite]","hot updated: /src/pages/Settings.tsx"],"stack":null}
[2026-08-29T01:47:34.562Z] {"timestamp":1787968030550,"level":"DEBUG","args":["[vite]","hot updated: /src/index.css"],"stack":null}
[2026-08-29T01:47:34.562Z] {"timestamp":1787968030550,"level":"DEBUG","args":["[vite]","hot updated: /src/pages/Settings.tsx"],"stack":null}
[2026-08-29T01:47:34.562Z] {"timestamp":1787968034158,"level":"DEBUG","args":["[vite]","hot updated: /src/index.css"],"stack":null}
[2026-08-29T01:47:34.562Z] {"timestamp":1787968034158,"level":"DEBUG","args":["[vite]","hot updated: /src/pages/Settings.tsx"],"stack":null}
[2026-08-29T01:48:34.572Z] {"timestamp":1787968073842,"level":"DEBUG","args":["[vite]","hot updated: /src/pages/NodesManagement.tsx"],"stack":null}
[2026-08-29T01:48:34.572Z] {"timestamp":1787968073842,"level":"DEBUG","args":["[vite]","hot updated: /src/index.css"],"stack":null}
[2026-08-29T01:48:34.572Z] {"timestamp":1787968076669,"level":"DEBUG","args":["[vite]","hot updated: /src/pages/NodesManagement.tsx"],"stack":null}
[2026-08-29T01:48:34.572Z] {"timestamp":1787968076669,"level":"DEBUG","args":["[vite]","hot updated: /src/index.css"],"stack":null}
[2026-08-29T01:48:34.572Z] {"timestamp":1787968097681,"level":"DEBUG","args":["[vite]","hot updated: /src/index.css"],"stack":null}
[2026-08-29T01:48:34.572Z] {"timestamp":1787968097682,"level":"DEBUG","args":["[vite]","hot updated: /src/pages/NetworkLogs.tsx"],"stack":null}
[2026-08-29T01:48:34.572Z] {"timestamp":1787968100749,"level":"DEBUG","args":["[vite]","hot updated: /src/index.css"],"stack":null}
[2026-08-29T01:48:34.572Z] {"timestamp":1787968100749,"level":"DEBUG","args":["[vite]","hot updated: /src/pages/NetworkLogs.tsx"],"stack":null}
[2026-08-29T01:49:34.561Z] {"timestamp":1787968134791,"level":"DEBUG","args":["[vite]","hot updated: /src/pages/LogsManagement.tsx"],"stack":null}
[2026-08-29T01:49:34.561Z] {"timestamp":1787968134792,"level":"DEBUG","args":["[vite]","hot updated: /src/index.css"],"stack":null}
[2026-08-29T01:49:34.561Z] {"timestamp":1787968171434,"level":"DEBUG","args":["[vite]","hot updated: /src/index.css"],"stack":null}
[2026-08-29T01:54:23.949Z] {"timestamp":1787968461947,"level":"DEBUG","args":["[Seeyou] Debug collector initialized (no rrweb, UI events only)"],"stack":null}
[2026-08-29T01:54:23.949Z] {"timestamp":1787968461959,"level":"DEBUG","args":["[vite] connected."],"stack":null}
[2026-08-29T01:54:23.949Z] {"timestamp":1787968462671,"level":"INFO","args":["%cDownload the React DevTools for a better development experience: https://react.dev/link/react-devtools","font-weight:bold"],"stack":null}
[2026-08-29T02:13:51.189Z] {"timestamp":1787969628812,"level":"DEBUG","args":["[vite]","hot updated: /src/pages/WelcomeAuth.tsx"],"stack":null}
[2026-08-29T02:13:51.189Z] {"timestamp":1787969628896,"level":"DEBUG","args":["[vite]","hot updated: /src/index.css"],"stack":null}
[2026-08-29T02:13:51.952Z] {"timestamp":1787969631623,"level":"DEBUG","args":["[vite]","hot updated: /src/pages/WelcomeAuth.tsx"],"stack":null}
[2026-08-29T02:13:51.952Z] {"timestamp":1787969631624,"level":"DEBUG","args":["[vite]","hot updated: /src/index.css"],"stack":null}
[2026-08-29T02:13:51.952Z] {"timestamp":1787969631678,"level":"DEBUG","args":["[vite]","hot updated: /src/pages/WelcomeAuth.tsx"],"stack":null}
[2026-08-29T02:13:51.952Z] {"timestamp":1787969631679,"level":"DEBUG","args":["[vite]","hot updated: /src/index.css"],"stack":null}
[2026-08-29T02:14:34.877Z] {"timestamp":1787969673404,"level":"DEBUG","args":["[vite]","hot updated: /src/pages/WelcomeAuth.tsx"],"stack":null}
[2026-08-29T02:14:34.877Z] {"timestamp":1787969673404,"level":"DEBUG","args":["[vite]","hot updated: /src/index.css"],"stack":null}
[2026-08-29T02:14:36.848Z] {"timestamp":1787969674933,"level":"DEBUG","args":["[vite]","hot updated: /src/pages/WelcomeAuth.tsx"],"stack":null}
[2026-08-29T02:14:36.848Z] {"timestamp":1787969674933,"level":"DEBUG","args":["[vite]","hot updated: /src/index.css"],"stack":null}
[2026-08-29T02:15:44.994Z] {"timestamp":1787969712586,"level":"DEBUG","args":["[vite]","hot updated: /src/pages/WelcomeAuth.tsx"],"stack":null}
[2026-08-29T02:15:44.994Z] {"timestamp":1787969712594,"level":"DEBUG","args":["[vite]","hot updated: /src/index.css"],"stack":null}
[2026-08-29T02:15:44.994Z] {"timestamp":1787969713575,"level":"DEBUG","args":["[vite]","hot updated: /src/pages/WelcomeAuth.tsx"],"stack":null}
[2026-08-29T02:15:44.994Z] {"timestamp":1787969713575,"level":"DEBUG","args":["[vite]","hot updated: /src/index.css"],"stack":null}
[2026-08-29T02:15:44.994Z] {"timestamp":1787969723564,"level":"DEBUG","args":["[vite]","hot updated: /src/pages/WelcomeAuth.tsx"],"stack":null}
[2026-08-29T02:15:44.994Z] {"timestamp":1787969723565,"level":"DEBUG","args":["[vite]","hot updated: /src/index.css"],"stack":null}
[2026-08-29T02:15:44.994Z] {"timestamp":1787969725898,"level":"DEBUG","args":["[vite]","hot updated: /src/pages/WelcomeAuth.tsx"],"stack":null}
[2026-08-29T02:15:44.994Z] {"timestamp":1787969725898,"level":"DEBUG","args":["[vite]","hot updated: /src/index.css"],"stack":null}
[2026-08-29T02:15:44.994Z] {"timestamp":1787969726610,"level":"DEBUG","args":["[vite]","hot updated: /src/pages/WelcomeAuth.tsx"],"stack":null}
[2026-08-29T02:15:44.994Z] {"timestamp":1787969726611,"level":"DEBUG","args":["[vite]","hot updated: /src/index.css"],"stack":null}
[2026-08-29T02:15:54.012Z] {"timestamp":1787969744517,"level":"DEBUG","args":["[vite]","hot updated: /src/pages/WelcomeAuth.tsx"],"stack":null}
[2026-08-29T02:15:54.012Z] {"timestamp":1787969744517,"level":"DEBUG","args":["[vite]","hot updated: /src/index.css"],"stack":null}
[2026-08-29T02:15:59.005Z] {"timestamp":1787969756890,"level":"DEBUG","args":["[vite]","hot updated: /src/pages/WelcomeAuth.tsx"],"stack":null}
[2026-08-29T02:15:59.005Z] {"timestamp":1787969756891,"level":"DEBUG","args":["[vite]","hot updated: /src/index.css"],"stack":null}
[2026-08-29T02:16:03.278Z] {"timestamp":1787969761080,"level":"DEBUG","args":["[Seeyou] Debug collector initialized (no rrweb, UI events only)"],"stack":null}
[2026-08-29T02:16:03.278Z] {"timestamp":1787969761085,"level":"DEBUG","args":["[vite] connected."],"stack":null}
[2026-08-29T02:16:11.589Z] {"timestamp":1787969770115,"level":"INFO","args":["%cDownload the React DevTools for a better development experience: https://react.dev/link/react-devtools","font-weight:bold"],"stack":null}
[2026-08-29T02:16:39.722Z] {"timestamp":1787969797666,"level":"DEBUG","args":["[Seeyou] Debug collector initialized (no rrweb, UI events only)"],"stack":null}
[2026-08-29T02:16:39.723Z] {"timestamp":1787969797672,"level":"DEBUG","args":["[vite] connected."],"stack":null}
[2026-08-29T02:16:39.723Z] {"timestamp":1787969798032,"level":"INFO","args":["%cDownload the React DevTools for a better development experience: https://react.dev/link/react-devtools","font-weight:bold"],"stack":null}
[2026-08-29T02:16:51.108Z] {"timestamp":1787969809012,"level":"DEBUG","args":["[Seeyou] Debug collector initialized (no rrweb, UI events only)"],"stack":null}
[2026-08-29T02:16:51.108Z] {"timestamp":1787969809118,"level":"DEBUG","args":["[vite] connected."],"stack":null}
[2026-08-29T02:16:51.108Z] {"timestamp":1787969809721,"level":"INFO","args":["%cDownload the React DevTools for a better development experience: https://react.dev/link/react-devtools","font-weight:bold"],"stack":null}
[2026-08-29T03:12:42.026Z] {"timestamp":1787973160017,"level":"DEBUG","args":["[Seeyou] Debug collector initialized (no rrweb, UI events only)"],"stack":null}
[2026-08-29T03:12:42.027Z] {"timestamp":1787973160032,"level":"INFO","args":["%cDownload the React DevTools for a better development experience: https://react.dev/link/react-devtools","font-weight:bold"],"stack":null}
[2026-08-29T03:12:42.027Z] {"timestamp":1787973160150,"level":"DEBUG","args":["[vite] connected."],"stack":null}
[2026-08-29T03:25:50.261Z] {"timestamp":1787973949465,"level":"DEBUG","args":["[vite]","hot updated: /src/components/SidebarLayout.tsx"],"stack":null}
[2026-08-29T03:25:50.261Z] {"timestamp":1787973949465,"level":"DEBUG","args":["[vite]","hot updated: /src/index.css"],"stack":null}
[2026-08-29T03:26:46.641Z] {"timestamp":1787974005112,"level":"DEBUG","args":["[vite]","hot updated: /src/index.css"],"stack":null}
[2026-08-29T03:26:46.641Z] {"timestamp":1787974005112,"level":"DEBUG","args":["[vite]","hot updated: /src/components/TrafficAttackChart.tsx"],"stack":null}
[2026-08-29T03:27:00.726Z] {"timestamp":1787974019080,"level":"DEBUG","args":["[vite]","hot updated: /src/index.css"],"stack":null}
[2026-08-29T03:27:00.726Z] {"timestamp":1787974019090,"level":"DEBUG","args":["[vite]","hot updated: /src/components/TrafficAttackChart.tsx"],"stack":null}
[2026-08-29T03:27:09.130Z] {"timestamp":1787974028668,"level":"DEBUG","args":["[vite]","hot updated: /src/index.css"],"stack":null}
[2026-08-29T03:27:09.130Z] {"timestamp":1787974028668,"level":"DEBUG","args":["[vite]","hot updated: /src/components/TrafficAttackChart.tsx"],"stack":null}
[2026-08-29T03:39:36.914Z] {"timestamp":1787974774309,"level":"DEBUG","args":["[vite]","hot updated: /src/index.css"],"stack":null}
[2026-08-29T03:39:36.914Z] {"timestamp":1787974774309,"level":"DEBUG","args":["[vite]","hot updated: /src/pages/Login.tsx"],"stack":null}
[2026-08-29T03:39:36.914Z] {"timestamp":1787974774309,"level":"DEBUG","args":["[vite]","hot updated: /src/components/SidebarLayout.tsx"],"stack":null}
[2026-08-29T03:39:36.914Z] {"timestamp":1787974774309,"level":"DEBUG","args":["[vite]","hot updated: /src/pages/NodesManagement.tsx"],"stack":null}
[2026-08-29T03:39:36.914Z] {"timestamp":1787974774310,"level":"DEBUG","args":["[vite]","hot updated: /src/pages/LogsManagement.tsx"],"stack":null}
[2026-08-29T03:39:36.914Z] {"timestamp":1787974774310,"level":"DEBUG","args":["[vite]","hot updated: /src/pages/WelcomeAuth.tsx"],"stack":null}
[2026-08-29T03:39:36.914Z] {"timestamp":1787974774310,"level":"DEBUG","args":["[vite]","hot updated: /src/components/TrafficAttackChart.tsx"],"stack":null}
[2026-08-29T03:39:36.914Z] {"timestamp":1787974774310,"level":"DEBUG","args":["[vite]","hot updated: /src/components/BannedHosts.tsx"],"stack":null}
[2026-08-29T03:39:36.914Z] {"timestamp":1787974774310,"level":"DEBUG","args":["[vite]","hot updated: /src/pages/ThreatIntel.tsx"],"stack":null}
[2026-08-29T03:39:36.914Z] {"timestamp":1787974774310,"level":"DEBUG","args":["[vite]","hot updated: /src/pages/NetworkLogs.tsx"],"stack":null}
[2026-08-29T03:39:36.914Z] {"timestamp":1787974774310,"level":"DEBUG","args":["[vite]","hot updated: /src/pages/Assets.tsx"],"stack":null}
[2026-08-29T03:39:36.914Z] {"timestamp":1787974774311,"level":"DEBUG","args":["[vite]","hot updated: /src/pages/Settings.tsx"],"stack":null}
[2026-08-29T03:39:36.914Z] {"timestamp":1787974774311,"level":"DEBUG","args":["[vite]","hot updated: /src/pages/UserProfile.tsx"],"stack":null}
[2026-08-29T04:18:26.028Z] {"timestamp":1787977103913,"level":"DEBUG","args":["[Seeyou] Debug collector initialized (no rrweb, UI events only)"],"stack":null}
[2026-08-29T04:18:26.028Z] {"timestamp":1787977104022,"level":"DEBUG","args":["[vite] connected."],"stack":null}
[2026-08-29T04:18:26.028Z] {"timestamp":1787977104576,"level":"INFO","args":["%cDownload the React DevTools for a better development experience: https://react.dev/link/react-devtools","font-weight:bold"],"stack":null}
[2026-08-29T04:18:26.028Z] {"timestamp":1787977104937,"level":"ERROR","args":["Échec de synchronisation avec l'historique permanent de la BDD."],"stack":"console[method]@http://localhost:3000/__seeyou_debug__/debug-collector.js:391:37\nfetchAlertsHistory@http://localhost:3000/src/components/SidebarLayout.tsx?t=1787974773676:60:19\n"}
[2026-08-29T04:34:23.201Z] {"timestamp":1787978061021,"level":"DEBUG","args":["[Seeyou] Debug collector initialized (no rrweb, UI events only)"],"stack":null}
[2026-08-29T04:34:23.201Z] {"timestamp":1787978061095,"level":"DEBUG","args":["[vite] connected."],"stack":null}
[2026-08-29T04:34:23.201Z] {"timestamp":1787978062055,"level":"INFO","args":["%cDownload the React DevTools for a better development experience: https://react.dev/link/react-devtools","font-weight:bold"],"stack":null}
[2026-08-29T04:34:23.201Z] {"timestamp":1787978063131,"level":"ERROR","args":["Échec de synchronisation avec l'historique permanent de la BDD."],"stack":"console[method]@http://localhost:3000/__seeyou_debug__/debug-collector.js:391:37\nfetchAlertsHistory@http://localhost:3000/src/components/SidebarLayout.tsx?t=1787974773676:60:19\n"}
[2026-08-29T04:37:39.104Z] {"timestamp":1787978257095,"level":"DEBUG","args":["[Seeyou] Debug collector initialized (no rrweb, UI events only)"],"stack":null}
[2026-08-29T04:37:39.104Z] {"timestamp":1787978257171,"level":"DEBUG","args":["[vite] connected."],"stack":null}
[2026-08-29T04:37:39.104Z] {"timestamp":1787978257448,"level":"INFO","args":["%cDownload the React DevTools for a better development experience: https://react.dev/link/react-devtools","font-weight:bold"],"stack":null}
[2026-08-29T04:37:39.104Z] {"timestamp":1787978257769,"level":"ERROR","args":["Échec de synchronisation avec l'historique permanent de la BDD."],"stack":"console[method]@http://localhost:3000/__seeyou_debug__/debug-collector.js:391:37\nfetchAlertsHistory@http://localhost:3000/src/components/SidebarLayout.tsx?t=1787974773676:60:19\n"}
[2026-08-29T04:38:24.756Z] {"timestamp":1787978303065,"level":"DEBUG","args":["[Seeyou] Debug collector initialized (no rrweb, UI events only)"],"stack":null}
[2026-08-29T04:38:24.756Z] {"timestamp":1787978303102,"level":"DEBUG","args":["[vite] connected."],"stack":null}
[2026-08-29T04:38:24.756Z] {"timestamp":1787978303328,"level":"INFO","args":["%cDownload the React DevTools for a better development experience: https://react.dev/link/react-devtools","font-weight:bold"],"stack":null}
[2026-08-29T04:38:24.756Z] {"timestamp":1787978303605,"level":"ERROR","args":["Échec de synchronisation avec l'historique permanent de la BDD."],"stack":"console[method]@http://localhost:3000/__seeyou_debug__/debug-collector.js:391:37\nfetchAlertsHistory@http://localhost:3000/src/components/SidebarLayout.tsx?t=1787974773676:60:19\n"}
[2026-08-29T04:38:27.097Z] {"timestamp":1787978305045,"level":"DEBUG","args":["[Seeyou] Debug collector initialized (no rrweb, UI events only)"],"stack":null}
[2026-08-29T04:38:27.097Z] {"timestamp":1787978305078,"level":"DEBUG","args":["[vite] connected."],"stack":null}
[2026-08-29T04:38:27.097Z] {"timestamp":1787978305282,"level":"INFO","args":["%cDownload the React DevTools for a better development experience: https://react.dev/link/react-devtools","font-weight:bold"],"stack":null}
[2026-08-29T04:38:27.097Z] {"timestamp":1787978305541,"level":"ERROR","args":["Échec de synchronisation avec l'historique permanent de la BDD."],"stack":"console[method]@http://localhost:3000/__seeyou_debug__/debug-collector.js:391:37\nfetchAlertsHistory@http://localhost:3000/src/components/SidebarLayout.tsx?t=1787974773676:60:19\n"}
[2026-08-29T07:00:19.639Z] {"timestamp":1787986787040,"level":"LOG","args":["[vite] server connection lost. Polling for restart..."],"stack":null}
[2026-08-29T07:00:27.175Z] {"timestamp":1787986825051,"level":"DEBUG","args":["[Seeyou] Debug collector initialized (no rrweb, UI events only)"],"stack":null}
[2026-08-29T07:00:27.175Z] {"timestamp":1787986827005,"level":"DEBUG","args":["[vite] connected."],"stack":null}
[2026-08-29T07:00:29.065Z] {"timestamp":1787986827325,"level":"INFO","args":["%cDownload the React DevTools for a better development experience: https://react.dev/link/react-devtools","font-weight:bold"],"stack":null}
[2026-08-29T07:02:08.884Z] {"timestamp":1787986928447,"level":"DEBUG","args":["[vite]","hot updated: /src/pages/WelcomeAuth.tsx"],"stack":null}
[2026-08-29T07:02:08.884Z] {"timestamp":1787986928449,"level":"DEBUG","args":["[vite]","hot updated: /src/index.css"],"stack":null}
[2026-08-29T07:02:11.786Z] {"timestamp":1787986929783,"level":"DEBUG","args":["[Seeyou] Debug collector initialized (no rrweb, UI events only)"],"stack":null}
[2026-08-29T07:02:11.786Z] {"timestamp":1787986929789,"level":"DEBUG","args":["[vite] connected."],"stack":null}
[2026-08-29T07:02:15.810Z] {"timestamp":1787986933905,"level":"INFO","args":["%cDownload the React DevTools for a better development experience: https://react.dev/link/react-devtools","font-weight:bold"],"stack":null}
[2026-08-29T07:03:36.611Z] {"timestamp":1787987014605,"level":"DEBUG","args":["[Seeyou] Debug collector initialized (no rrweb, UI events only)"],"stack":null}
[2026-08-29T07:03:36.611Z] {"timestamp":1787987014622,"level":"INFO","args":["%cDownload the React DevTools for a better development experience: https://react.dev/link/react-devtools","font-weight:bold"],"stack":null}
[2026-08-29T07:03:36.611Z] {"timestamp":1787987014935,"level":"DEBUG","args":["[vite] connected."],"stack":null}
[2026-08-29T07:03:55.254Z] {"timestamp":1787987033942,"level":"DEBUG","args":["[vite]","hot updated: /src/pages/WelcomeAuth.tsx"],"stack":null}
[2026-08-29T07:03:55.254Z] {"timestamp":1787987033943,"level":"DEBUG","args":["[vite]","hot updated: /src/index.css"],"stack":null}
[2026-08-29T07:04:44.302Z] {"timestamp":1787987083576,"level":"ERROR","args":["[vite]",{"type":"Error","message":"error loading dynamically imported module: http://localhost:3000/src/pages/WelcomeAuth.tsx?t=1787987083345","stack":""}],"stack":"console[method]@http://localhost:3000/__seeyou_debug__/debug-collector.js:391:37\nerror@http://localhost:3000/@vite/client:809:26\nwarnFailedUpdate@http://localhost:3000/@vite/client:180:78\nfetchUpdate@http://localhost:3000/@vite/client:212:10\nasync*queueUpdate@http://localhost:3000/@vite/client:189:30\nhandleMessage/<@http://localhost:3000/@vite/client:839:55\nhandleMessage@http://localhost:3000/@vite/client:838:38\nasync*createHMRHandler/</<@http://localhost:3000/@vite/client:458:49\ndequeue@http://localhost:3000/@vite/client:480:8\nenqueue/<@http://localhost:3000/@vite/client:472:9\nenqueue@http://localhost:3000/@vite/client:466:10\ncreateHMRHandler/<@http://localhost:3000/@vite/client:458:28\nonMessage@http://localhost:3000/@vite/client:305:15\ncreateWebSocketModuleRunnerTransport/connect/<@http://localhost:3000/@vite/client:413:14\n"}
[2026-08-29T07:04:44.302Z] {"timestamp":1787987083873,"level":"ERROR","args":["[vite]","Failed to reload /src/pages/WelcomeAuth.tsx. This could be due to syntax errors or importing non-existent modules. (see errors above)"],"stack":"console[method]@http://localhost:3000/__seeyou_debug__/debug-collector.js:391:37\nerror@http://localhost:3000/@vite/client:809:26\nwarnFailedUpdate@http://localhost:3000/@vite/client:181:15\nfetchUpdate@http://localhost:3000/@vite/client:212:10\nasync*queueUpdate@http://localhost:3000/@vite/client:189:30\nhandleMessage/<@http://localhost:3000/@vite/client:839:55\nhandleMessage@http://localhost:3000/@vite/client:838:38\nasync*createHMRHandler/</<@http://localhost:3000/@vite/client:458:49\ndequeue@http://localhost:3000/@vite/client:480:8\nenqueue/<@http://localhost:3000/@vite/client:472:9\nenqueue@http://localhost:3000/@vite/client:466:10\ncreateHMRHandler/<@http://localhost:3000/@vite/client:458:28\nonMessage@http://localhost:3000/@vite/client:305:15\ncreateWebSocketModuleRunnerTransport/connect/<@http://localhost:3000/@vite/client:413:14\n"}
[2026-08-29T07:04:44.302Z] {"timestamp":1787987083933,"level":"DEBUG","args":["[vite]","hot updated: /src/pages/WelcomeAuth.tsx"],"stack":null}
[2026-08-29T07:04:44.302Z] {"timestamp":1787987083938,"level":"DEBUG","args":["[vite]","hot updated: /src/index.css"],"stack":null}
[2026-08-29T07:04:46.644Z] {"timestamp":1787987086119,"level":"ERROR","args":["[vite]",{"type":"Error","message":"error loading dynamically imported module: http://localhost:3000/src/pages/WelcomeAuth.tsx?t=1787987085983","stack":""}],"stack":"console[method]@http://localhost:3000/__seeyou_debug__/debug-collector.js:391:37\nerror@http://localhost:3000/@vite/client:809:26\nwarnFailedUpdate@http://localhost:3000/@vite/client:180:78\nfetchUpdate@http://localhost:3000/@vite/client:212:10\nasync*queueUpdate@http://localhost:3000/@vite/client:189:30\nhandleMessage/<@http://localhost:3000/@vite/client:839:55\nhandleMessage@http://localhost:3000/@vite/client:838:38\nasync*createHMRHandler/</<@http://localhost:3000/@vite/client:458:49\ndequeue@http://localhost:3000/@vite/client:480:8\nenqueue/<@http://localhost:3000/@vite/client:472:9\nenqueue@http://localhost:3000/@vite/client:466:10\ncreateHMRHandler/<@http://localhost:3000/@vite/client:458:28\nonMessage@http://localhost:3000/@vite/client:305:15\ncreateWebSocketModuleRunnerTransport/connect/<@http://localhost:3000/@vite/client:413:14\n"}
[2026-08-29T07:04:46.644Z] {"timestamp":1787987086121,"level":"ERROR","args":["[vite]","Failed to reload /src/pages/WelcomeAuth.tsx. This could be due to syntax errors or importing non-existent modules. (see errors above)"],"stack":"console[method]@http://localhost:3000/__seeyou_debug__/debug-collector.js:391:37\nerror@http://localhost:3000/@vite/client:809:26\nwarnFailedUpdate@http://localhost:3000/@vite/client:181:15\nfetchUpdate@http://localhost:3000/@vite/client:212:10\nasync*queueUpdate@http://localhost:3000/@vite/client:189:30\nhandleMessage/<@http://localhost:3000/@vite/client:839:55\nhandleMessage@http://localhost:3000/@vite/client:838:38\nasync*createHMRHandler/</<@http://localhost:3000/@vite/client:458:49\ndequeue@http://localhost:3000/@vite/client:480:8\nenqueue/<@http://localhost:3000/@vite/client:472:9\nenqueue@http://localhost:3000/@vite/client:466:10\ncreateHMRHandler/<@http://localhost:3000/@vite/client:458:28\nonMessage@http://localhost:3000/@vite/client:305:15\ncreateWebSocketModuleRunnerTransport/connect/<@http://localhost:3000/@vite/client:413:14\n"}
[2026-08-29T07:04:48.755Z] {"timestamp":1787987086638,"level":"DEBUG","args":["[vite]","hot updated: /src/pages/WelcomeAuth.tsx"],"stack":null}
[2026-08-29T07:04:48.755Z] {"timestamp":1787987086638,"level":"DEBUG","args":["[vite]","hot updated: /src/index.css"],"stack":null}
[2026-08-29T07:04:56.679Z] {"timestamp":1787987094633,"level":"DEBUG","args":["[vite]","hot updated: /src/pages/WelcomeAuth.tsx"],"stack":null}
[2026-08-29T07:04:56.679Z] {"timestamp":1787987094634,"level":"DEBUG","args":["[vite]","hot updated: /src/index.css"],"stack":null}
[2026-08-29T07:05:23.734Z] {"timestamp":1787987122414,"level":"DEBUG","args":["[vite]","hot updated: /src/pages/WelcomeAuth.tsx"],"stack":null}
[2026-08-29T07:05:23.734Z] {"timestamp":1787987122415,"level":"DEBUG","args":["[vite]","hot updated: /src/index.css"],"stack":null}
[2026-08-29T07:05:40.905Z] {"timestamp":1787987139284,"level":"DEBUG","args":["[vite]","hot updated: /src/pages/WelcomeAuth.tsx"],"stack":null}
[2026-08-29T07:05:40.905Z] {"timestamp":1787987139285,"level":"DEBUG","args":["[vite]","hot updated: /src/index.css"],"stack":null}
[2026-08-29T07:05:49.121Z] {"timestamp":1787987148193,"level":"DEBUG","args":["[vite]","hot updated: /src/pages/WelcomeAuth.tsx"],"stack":null}
[2026-08-29T07:05:49.121Z] {"timestamp":1787987148194,"level":"DEBUG","args":["[vite]","hot updated: /src/index.css"],"stack":null}
[2026-08-29T07:06:00.768Z] {"timestamp":1787987158766,"level":"DEBUG","args":["[Seeyou] Debug collector initialized (no rrweb, UI events only)"],"stack":null}
[2026-08-29T07:06:00.768Z] {"timestamp":1787987158891,"level":"DEBUG","args":["[vite] connected."],"stack":null}
[2026-08-29T07:06:00.768Z] {"timestamp":1787987159024,"level":"INFO","args":["%cDownload the React DevTools for a better development experience: https://react.dev/link/react-devtools","font-weight:bold"],"stack":null}
[2026-08-29T08:13:43.321Z] {"timestamp":1787991220431,"level":"DEBUG","args":["[Seeyou] Debug collector initialized (no rrweb, UI events only)"],"stack":null}
[2026-08-29T08:13:43.321Z] {"timestamp":1787991220579,"level":"DEBUG","args":["[vite] connected."],"stack":null}
[2026-08-29T08:13:43.321Z] {"timestamp":1787991220794,"level":"INFO","args":["%cDownload the React DevTools for a better development experience: https://react.dev/link/react-devtools","font-weight:bold"],"stack":null}
[2026-08-29T10:03:19.982Z] {"timestamp":1787997797952,"level":"DEBUG","args":["[Seeyou] Debug collector initialized (no rrweb, UI events only)"],"stack":null}
[2026-08-29T10:03:19.982Z] {"timestamp":1787997798528,"level":"DEBUG","args":["[vite] connected."],"stack":null}
[2026-08-29T10:03:22.417Z] {"timestamp":1787997801214,"level":"INFO","args":["%cDownload the React DevTools for a better development experience: https://react.dev/link/react-devtools","font-weight:bold"],"stack":null}
[2026-08-29T10:03:22.417Z] {"timestamp":1787997802385,"level":"ERROR","args":["Échec de synchronisation avec l'historique permanent de la BDD."],"stack":"Error\n    at console.error (http://localhost:3000/__seeyou_debug__/debug-collector.js:391:37)\n    at fetchAlertsHistory (http://localhost:3000/src/components/SidebarLayout.tsx:60:19)"}
[2026-08-29T10:10:38.062Z] {"timestamp":1787998236186,"level":"DEBUG","args":["[vite]","hot updated: /src/pages/UserProfile.tsx"],"stack":null}
[2026-08-29T10:10:38.062Z] {"timestamp":1787998236438,"level":"DEBUG","args":["[vite]","hot updated: /src/index.css"],"stack":null}
[2026-08-29T10:10:38.062Z] {"timestamp":1787998236590,"level":"DEBUG","args":["[vite]","hot updated: /src/pages/UserProfile.tsx"],"stack":null}
[2026-08-29T10:10:38.062Z] {"timestamp":1787998236590,"level":"DEBUG","args":["[vite]","hot updated: /src/index.css"],"stack":null}
[2026-08-29T10:11:39.986Z] {"timestamp":1787998299730,"level":"DEBUG","args":["[vite]","hot updated: /src/pages/ThreatIntel.tsx"],"stack":null}
[2026-08-29T10:11:39.986Z] {"timestamp":1787998299732,"level":"DEBUG","args":["[vite]","hot updated: /src/index.css"],"stack":null}
[2026-08-29T10:11:43.963Z] {"timestamp":1787998302763,"level":"DEBUG","args":["[vite]","hot updated: /src/pages/ThreatIntel.tsx"],"stack":null}
[2026-08-29T10:11:43.963Z] {"timestamp":1787998302763,"level":"DEBUG","args":["[vite]","hot updated: /src/index.css"],"stack":null}
[2026-08-29T10:12:05.955Z] {"timestamp":1787998325773,"level":"DEBUG","args":["[vite]","hot updated: /src/pages/Settings.tsx"],"stack":null}
[2026-08-29T10:12:05.955Z] {"timestamp":1787998325774,"level":"DEBUG","args":["[vite]","hot updated: /src/index.css"],"stack":null}
[2026-08-29T10:12:05.955Z] {"timestamp":1787998325951,"level":"DEBUG","args":["[vite]","hot updated: /src/pages/Settings.tsx"],"stack":null}
[2026-08-29T10:12:05.955Z] {"timestamp":1787998325952,"level":"DEBUG","args":["[vite]","hot updated: /src/index.css"],"stack":null}
[2026-08-29T10:12:10.087Z] {"timestamp":1787998329929,"level":"DEBUG","args":["[vite]","hot updated: /src/pages/Settings.tsx"],"stack":null}
[2026-08-29T10:12:10.087Z] {"timestamp":1787998329930,"level":"DEBUG","args":["[vite]","hot updated: /src/index.css"],"stack":null}
[2026-08-29T10:12:49.963Z] {"timestamp":1787998369257,"level":"DEBUG","args":["[vite]","hot updated: /src/pages/NodesManagement.tsx"],"stack":null}
[2026-08-29T10:12:49.963Z] {"timestamp":1787998369258,"level":"DEBUG","args":["[vite]","hot updated: /src/index.css"],"stack":null}
[2026-08-29T10:12:54.027Z] {"timestamp":1787998373432,"level":"DEBUG","args":["[vite]","hot updated: /src/pages/NodesManagement.tsx"],"stack":null}
[2026-08-29T10:12:54.027Z] {"timestamp":1787998373435,"level":"DEBUG","args":["[vite]","hot updated: /src/index.css"],"stack":null}
[2026-08-29T10:13:15.960Z] {"timestamp":1787998394930,"level":"DEBUG","args":["[vite]","hot updated: /src/pages/NetworkLogs.tsx"],"stack":null}
[2026-08-29T10:13:15.960Z] {"timestamp":1787998394930,"level":"DEBUG","args":["[vite]","hot updated: /src/index.css"],"stack":null}
[2026-08-29T10:14:42.249Z] {"timestamp":1787998481257,"level":"DEBUG","args":["[vite]","invalidate /src/pages/LogsManagement.tsx: Could not Fast Refresh (export removed)"],"stack":null}
[2026-08-29T10:14:42.249Z] {"timestamp":1787998481258,"level":"DEBUG","args":["[vite]","hot updated: /src/pages/LogsManagement.tsx"],"stack":null}
[2026-08-29T10:14:42.249Z] {"timestamp":1787998481258,"level":"DEBUG","args":["[vite]","hot updated: /src/index.css"],"stack":null}
[2026-08-29T10:14:42.249Z] {"timestamp":1787998481900,"level":"DEBUG","args":["[vite]","hot updated: /src/App.tsx"],"stack":null}
[2026-08-29T10:14:42.249Z] {"timestamp":1787998481901,"level":"DEBUG","args":["[vite]","hot updated: /src/index.css"],"stack":null}
[2026-08-29T10:14:45.983Z] {"timestamp":1787998485039,"level":"ERROR","args":["Échec de synchronisation avec l'historique permanent de la BDD."],"stack":"Error\n    at console.error (http://localhost:3000/__seeyou_debug__/debug-collector.js:391:37)\n    at fetchAlertsHistory (http://localhost:3000/src/components/SidebarLayout.tsx?t=1787998394103:60:19)"}
[2026-08-29T10:15:32.147Z] {"timestamp":1787998531912,"level":"DEBUG","args":["[vite]","hot updated: /src/index.css"],"stack":null}
[2026-08-29T10:16:07.964Z] {"timestamp":1787998566403,"level":"DEBUG","args":["[vite]","hot updated: /src/pages/Assets.tsx"],"stack":null}
[2026-08-29T10:16:07.964Z] {"timestamp":1787998566403,"level":"DEBUG","args":["[vite]","hot updated: /src/index.css"],"stack":null}
[2026-08-29T10:16:45.875Z] {"timestamp":1787998603871,"level":"DEBUG","args":["[Seeyou] Debug collector initialized (no rrweb, UI events only)"],"stack":null}
[2026-08-29T10:16:45.875Z] {"timestamp":1787998603879,"level":"DEBUG","args":["[vite] connected."],"stack":null}
[2026-08-29T10:16:50.244Z] {"timestamp":1787998609684,"level":"INFO","args":["%cDownload the React DevTools for a better development experience: https://react.dev/link/react-devtools","font-weight:bold"],"stack":null}
[2026-08-29T10:16:52.062Z] {"timestamp":1787998610862,"level":"ERROR","args":["Échec de synchronisation avec l'historique permanent de la BDD."],"stack":"Error\n    at console.error (http://localhost:3000/__seeyou_debug__/debug-collector.js:391:37)\n    at fetchAlertsHistory (http://localhost:3000/src/components/SidebarLayout.tsx?t=1787998565362:60:19)"}
[2026-08-29T10:17:55.920Z] {"timestamp":1787998675454,"level":"DEBUG","args":["[vite]","hot updated: /src/components/TrafficAttackChart.tsx"],"stack":null}
[2026-08-29T10:17:55.920Z] {"timestamp":1787998675454,"level":"DEBUG","args":["[vite]","hot updated: /src/index.css"],"stack":null}
[2026-08-29T10:20:55.875Z] {"timestamp":1787998855034,"level":"DEBUG","args":["[vite]","hot updated: /src/components/SidebarLayout.tsx"],"stack":null}
[2026-08-29T10:20:55.875Z] {"timestamp":1787998855034,"level":"DEBUG","args":["[vite]","hot updated: /src/index.css"],"stack":null}
[2026-08-29T10:20:55.875Z] {"timestamp":1787998855400,"level":"ERROR","args":["Échec de synchronisation avec l'historique permanent de la BDD."],"stack":"Error\n    at console.error (http://localhost:3000/__seeyou_debug__/debug-collector.js:391:37)\n    at fetchAlertsHistory (http://localhost:3000/src/components/SidebarLayout.tsx?t=1787998854118:60:19)"}
[2026-08-29T10:21:10.022Z] {"timestamp":1787998868495,"level":"DEBUG","args":["[vite]","hot updated: /src/components/SidebarLayout.tsx"],"stack":null}
[2026-08-29T10:21:10.022Z] {"timestamp":1787998868495,"level":"DEBUG","args":["[vite]","hot updated: /src/index.css"],"stack":null}
[2026-08-29T10:21:10.022Z] {"timestamp":1787998868722,"level":"ERROR","args":["Échec de synchronisation avec l'historique permanent de la BDD."],"stack":"Error\n    at console.error (http://localhost:3000/__seeyou_debug__/debug-collector.js:391:37)\n    at fetchAlertsHistory (http://localhost:3000/src/components/SidebarLayout.tsx?t=1787998867750:60:19)"}
[2026-08-29T10:21:11.931Z] {"timestamp":1787998870501,"level":"DEBUG","args":["[vite]","hot updated: /src/components/SidebarLayout.tsx"],"stack":null}
[2026-08-29T10:21:11.931Z] {"timestamp":1787998870502,"level":"DEBUG","args":["[vite]","hot updated: /src/index.css"],"stack":null}
[2026-08-29T10:21:11.931Z] {"timestamp":1787998870949,"level":"ERROR","args":["Échec de synchronisation avec l'historique permanent de la BDD."],"stack":"Error\n    at console.error (http://localhost:3000/__seeyou_debug__/debug-collector.js:391:37)\n    at fetchAlertsHistory (http://localhost:3000/src/components/SidebarLayout.tsx?t=1787998869707:60:19)"}
[2026-08-29T10:23:24.922Z] {"timestamp":1787999002795,"level":"DEBUG","args":["[Seeyou] Debug collector initialized (no rrweb, UI events only)"],"stack":null}
[2026-08-29T10:23:24.922Z] {"timestamp":1787999002800,"level":"DEBUG","args":["[vite] connected."],"stack":null}
[2026-08-29T10:23:24.922Z] {"timestamp":1787999004467,"level":"INFO","args":["%cDownload the React DevTools for a better development experience: https://react.dev/link/react-devtools","font-weight:bold"],"stack":null}
[2026-08-29T10:23:26.897Z] {"timestamp":1787999005072,"level":"ERROR","args":["Échec de synchronisation avec l'historique permanent de la BDD."],"stack":"Error\n    at console.error (http://localhost:3000/__seeyou_debug__/debug-collector.js:391:37)\n    at fetchAlertsHistory (http://localhost:3000/src/components/SidebarLayout.tsx?t=1787998869707:60:19)"}
[2026-08-29T10:31:22.823Z] {"timestamp":1787999481509,"level":"DEBUG","args":["[vite]","hot updated: /src/components/dashboard/NetworkTrafficView.tsx"],"stack":null}
[2026-08-29T10:31:22.824Z] {"timestamp":1787999481510,"level":"DEBUG","args":["[vite]","hot updated: /src/index.css"],"stack":null}
[2026-08-29T10:32:00.803Z] {"timestamp":1787999519318,"level":"DEBUG","args":["[vite]","hot updated: /src/index.css"],"stack":null}
[2026-08-29T10:32:00.803Z] {"timestamp":1787999519319,"level":"DEBUG","args":["[vite]","hot updated: /src/components/dashboard/KpiCard.tsx"],"stack":null}
[2026-08-29T10:32:02.825Z] {"timestamp":1787999521992,"level":"DEBUG","args":["[vite]","hot updated: /src/index.css"],"stack":null}
[2026-08-29T10:32:02.825Z] {"timestamp":1787999521998,"level":"DEBUG","args":["[vite]","hot updated: /src/components/dashboard/KpiCard.tsx"],"stack":null}
[2026-08-29T10:32:14.800Z] {"timestamp":1787999534484,"level":"DEBUG","args":["[vite]","hot updated: /src/index.css"],"stack":null}
[2026-08-29T10:32:14.800Z] {"timestamp":1787999534484,"level":"DEBUG","args":["[vite]","hot updated: /src/components/dashboard/KpiCard.tsx"],"stack":null}
[2026-08-29T10:32:18.806Z] {"timestamp":1787999537187,"level":"DEBUG","args":["[vite]","hot updated: /src/index.css"],"stack":null}
[2026-08-29T10:32:18.806Z] {"timestamp":1787999537190,"level":"DEBUG","args":["[vite]","hot updated: /src/components/dashboard/KpiCard.tsx"],"stack":null}
[2026-08-29T10:32:30.808Z] {"timestamp":1787999550731,"level":"DEBUG","args":["[vite]","hot updated: /src/index.css"],"stack":null}
[2026-08-29T10:32:30.808Z] {"timestamp":1787999550732,"level":"DEBUG","args":["[vite]","hot updated: /src/components/dashboard/KpiCard.tsx"],"stack":null}
[2026-08-29T10:32:34.805Z] {"timestamp":1787999552931,"level":"DEBUG","args":["[vite]","hot updated: /src/index.css"],"stack":null}
[2026-08-29T10:32:34.805Z] {"timestamp":1787999552933,"level":"DEBUG","args":["[vite]","invalidate /src/components/dashboard/KpiCard.tsx: Could not Fast Refresh (export removed)"],"stack":null}
[2026-08-29T10:32:34.805Z] {"timestamp":1787999552936,"level":"DEBUG","args":["[vite]","hot updated: /src/components/dashboard/KpiCard.tsx"],"stack":null}
[2026-08-29T10:32:34.805Z] {"timestamp":1787999553399,"level":"DEBUG","args":["[vite]","hot updated: /src/index.css"],"stack":null}
[2026-08-29T10:32:34.805Z] {"timestamp":1787999553399,"level":"DEBUG","args":["[vite]","hot updated: /src/components/dashboard/KpiCard.tsx"],"stack":null}
[2026-08-29T10:32:54.807Z] {"timestamp":1787999574468,"level":"DEBUG","args":["[vite]","hot updated: /src/index.css"],"stack":null}
[2026-08-29T10:32:54.807Z] {"timestamp":1787999574469,"level":"DEBUG","args":["[vite]","hot updated: /src/components/dashboard/KpiCard.tsx"],"stack":null}
[2026-08-29T10:32:58.809Z] {"timestamp":1787999577414,"level":"DEBUG","args":["[vite]","hot updated: /src/index.css"],"stack":null}
[2026-08-29T10:32:58.809Z] {"timestamp":1787999577418,"level":"DEBUG","args":["[vite]","hot updated: /src/components/dashboard/KpiCard.tsx"],"stack":null}
[2026-08-29T10:34:12.811Z] {"timestamp":1787999651752,"level":"DEBUG","args":["[vite]","hot updated: /src/components/dashboard/EngineHealthPanel.tsx"],"stack":null}
[2026-08-29T10:34:12.811Z] {"timestamp":1787999651752,"level":"DEBUG","args":["[vite]","hot updated: /src/index.css"],"stack":null}
[2026-08-29T10:34:28.803Z] {"timestamp":1787999667388,"level":"DEBUG","args":["[vite]","hot updated: /src/components/dashboard/EngineHealthPanel.tsx"],"stack":null}
[2026-08-29T10:34:28.803Z] {"timestamp":1787999667394,"level":"DEBUG","args":["[vite]","hot updated: /src/index.css"],"stack":null}
[2026-08-29T10:34:30.809Z] {"timestamp":1787999670252,"level":"DEBUG","args":["[vite]","hot updated: /src/components/dashboard/EngineHealthPanel.tsx"],"stack":null}
[2026-08-29T10:34:30.809Z] {"timestamp":1787999670252,"level":"DEBUG","args":["[vite]","hot updated: /src/index.css"],"stack":null}
[2026-08-29T10:34:44.801Z] {"timestamp":1787999682996,"level":"DEBUG","args":["[vite]","invalidate /src/components/dashboard/EngineHealthPanel.tsx: Could not Fast Refresh (export removed)"],"stack":null}
[2026-08-29T10:34:44.801Z] {"timestamp":1787999683011,"level":"DEBUG","args":["[vite]","hot updated: /src/components/dashboard/EngineHealthPanel.tsx"],"stack":null}
[2026-08-29T10:34:44.801Z] {"timestamp":1787999683012,"level":"DEBUG","args":["[vite]","hot updated: /src/index.css"],"stack":null}
[2026-08-29T10:34:46.957Z] {"timestamp":1787999686370,"level":"DEBUG","args":["[vite]","hot updated: /src/components/SidebarLayout.tsx"],"stack":null}
[2026-08-29T10:34:46.957Z] {"timestamp":1787999686370,"level":"DEBUG","args":["[vite]","hot updated: /src/index.css"],"stack":null}
[2026-08-29T10:34:46.957Z] {"timestamp":1787999686750,"level":"ERROR","args":["Échec de synchronisation avec l'historique permanent de la BDD."],"stack":"Error\n    at console.error (http://localhost:3000/__seeyou_debug__/debug-collector.js:391:37)\n    at fetchAlertsHistory (http://localhost:3000/src/components/SidebarLayout.tsx?t=1787999685882:60:19)"}
[2026-08-29T10:35:44.831Z] {"timestamp":1787999743526,"level":"DEBUG","args":["[vite]","hot updated: /src/components/dashboard/EndpointSecurityView.tsx"],"stack":null}
[2026-08-29T10:35:44.831Z] {"timestamp":1787999743546,"level":"DEBUG","args":["[vite]","hot updated: /src/index.css"],"stack":null}
[2026-08-29T10:35:48.804Z] {"timestamp":1787999747676,"level":"DEBUG","args":["[vite]","hot updated: /src/components/dashboard/EndpointSecurityView.tsx"],"stack":null}
[2026-08-29T10:35:48.804Z] {"timestamp":1787999747676,"level":"DEBUG","args":["[vite]","hot updated: /src/index.css"],"stack":null}
[2026-08-29T10:35:48.804Z] {"timestamp":1787999747882,"level":"DEBUG","args":["[vite]","hot updated: /src/components/dashboard/EndpointSecurityView.tsx"],"stack":null}
[2026-08-29T10:35:48.804Z] {"timestamp":1787999747882,"level":"DEBUG","args":["[vite]","hot updated: /src/index.css"],"stack":null}
[2026-08-29T10:36:12.620Z] {"timestamp":1787999770401,"level":"DEBUG","args":["[Seeyou] Debug collector initialized (no rrweb, UI events only)"],"stack":null}
[2026-08-29T10:36:12.620Z] {"timestamp":1787999770418,"level":"DEBUG","args":["[vite] connected."],"stack":null}
[2026-08-29T10:36:12.620Z] {"timestamp":1787999772057,"level":"INFO","args":["%cDownload the React DevTools for a better development experience: https://react.dev/link/react-devtools","font-weight:bold"],"stack":null}
[2026-08-29T10:36:12.620Z] {"timestamp":1787999772610,"level":"ERROR","args":["Échec de synchronisation avec l'historique permanent de la BDD."],"stack":"Error\n    at console.error (http://localhost:3000/__seeyou_debug__/debug-collector.js:391:37)\n    at fetchAlertsHistory (http://localhost:3000/src/components/SidebarLayout.tsx?t=1787999747263:60:19)"}
[2026-08-29T10:40:36.851Z] {"timestamp":1788000036250,"level":"DEBUG","args":["[vite]","hot updated: /src/components/SidebarLayout.tsx"],"stack":null}
[2026-08-29T10:40:36.851Z] {"timestamp":1788000036251,"level":"DEBUG","args":["[vite]","hot updated: /src/index.css"],"stack":null}
[2026-08-29T10:40:39.216Z] {"timestamp":1788000037612,"level":"ERROR","args":["Échec de synchronisation avec l'historique permanent de la BDD."],"stack":"Error\n    at console.error (http://localhost:3000/__seeyou_debug__/debug-collector.js:391:37)\n    at fetchAlertsHistory (http://localhost:3000/src/components/SidebarLayout.tsx?t=1788000035630:60:19)"}
[2026-08-29T10:40:48.929Z] {"timestamp":1788000046702,"level":"DEBUG","args":["[vite]","hot updated: /src/components/SidebarLayout.tsx"],"stack":null}
[2026-08-29T10:40:48.929Z] {"timestamp":1788000046702,"level":"DEBUG","args":["[vite]","hot updated: /src/index.css"],"stack":null}
[2026-08-29T10:40:48.929Z] {"timestamp":1788000047880,"level":"ERROR","args":["Échec de synchronisation avec l'historique permanent de la BDD."],"stack":"Error\n    at console.error (http://localhost:3000/__seeyou_debug__/debug-collector.js:391:37)\n    at fetchAlertsHistory (http://localhost:3000/src/components/SidebarLayout.tsx?t=1788000045489:60:19)"}
[2026-08-29T10:40:53.318Z] {"timestamp":1788000050968,"level":"DEBUG","args":["[vite]","invalidate /src/components/SidebarLayout.tsx: Could not Fast Refresh (export removed)"],"stack":null}
[2026-08-29T10:40:53.318Z] {"timestamp":1788000050968,"level":"DEBUG","args":["[vite]","hot updated: /src/components/SidebarLayout.tsx"],"stack":null}
[2026-08-29T10:40:53.318Z] {"timestamp":1788000050968,"level":"DEBUG","args":["[vite]","hot updated: /src/index.css"],"stack":null}
[2026-08-29T10:40:54.701Z] {"timestamp":1788000053269,"level":"DEBUG","args":["[vite]","hot updated: /src/App.tsx"],"stack":null}
[2026-08-29T10:40:54.701Z] {"timestamp":1788000053269,"level":"DEBUG","args":["[vite]","hot updated: /src/index.css"],"stack":null}
[2026-08-29T10:40:54.701Z] {"timestamp":1788000054452,"level":"ERROR","args":["Échec de synchronisation avec l'historique permanent de la BDD."],"stack":"Error\n    at console.error (http://localhost:3000/__seeyou_debug__/debug-collector.js:391:37)\n    at fetchAlertsHistory (http://localhost:3000/src/components/SidebarLayout.tsx?t=1788000050598:60:19)"}
[2026-08-29T10:41:09.154Z] {"timestamp":1788000067151,"level":"DEBUG","args":["[Seeyou] Debug collector initialized (no rrweb, UI events only)"],"stack":null}
[2026-08-29T10:41:09.154Z] {"timestamp":1788000067170,"level":"DEBUG","args":["[vite] connected."],"stack":null}
[2026-08-29T10:41:11.817Z] {"timestamp":1788000069295,"level":"INFO","args":["%cDownload the React DevTools for a better development experience: https://react.dev/link/react-devtools","font-weight:bold"],"stack":null}
[2026-08-29T10:41:11.817Z] {"timestamp":1788000070079,"level":"ERROR","args":["Échec de synchronisation avec l'historique permanent de la BDD."],"stack":"Error\n    at console.error (http://localhost:3000/__seeyou_debug__/debug-collector.js:391:37)\n    at fetchAlertsHistory (http://localhost:3000/src/components/SidebarLayout.tsx?t=1788000050598:60:19)"}
[2026-08-29T10:55:27.449Z] {"timestamp":1788000925442,"level":"DEBUG","args":["[Seeyou] Debug collector initialized (no rrweb, UI events only)"],"stack":null}
[2026-08-29T10:55:27.449Z] {"timestamp":1788000925498,"level":"DEBUG","args":["[vite] connected."],"stack":null}
[2026-08-29T10:55:27.449Z] {"timestamp":1788000925660,"level":"INFO","args":["%cDownload the React DevTools for a better development experience: https://react.dev/link/react-devtools","font-weight:bold"],"stack":null}
[2026-08-29T10:57:25.897Z] {"timestamp":1788001043798,"level":"DEBUG","args":["[Seeyou] Debug collector initialized (no rrweb, UI events only)"],"stack":null}
[2026-08-29T10:57:25.897Z] {"timestamp":1788001043821,"level":"DEBUG","args":["[vite] connected."],"stack":null}
[2026-08-29T10:57:25.897Z] {"timestamp":1788001044091,"level":"INFO","args":["%cDownload the React DevTools for a better development experience: https://react.dev/link/react-devtools","font-weight:bold"],"stack":null}
[2026-08-29T10:57:25.897Z] {"timestamp":1788001044347,"level":"ERROR","args":["Échec de synchronisation avec l'historique permanent de la BDD."],"stack":"Error\n    at console.error (http://localhost:3000/__seeyou_debug__/debug-collector.js:391:37)\n    at fetchAlertsHistory (http://localhost:3000/src/components/SidebarLayout.tsx?t=1788000050598:60:19)"}
[2026-08-29T11:09:59.581Z] {"timestamp":1788001797473,"level":"DEBUG","args":["[Seeyou] Debug collector initialized (no rrweb, UI events only)"],"stack":null}
[2026-08-29T11:09:59.581Z] {"timestamp":1788001797480,"level":"DEBUG","args":["[vite] connected."],"stack":null}
[2026-08-29T11:09:59.581Z] {"timestamp":1788001797827,"level":"INFO","args":["%cDownload the React DevTools for a better development experience: https://react.dev/link/react-devtools","font-weight:bold"],"stack":null}
[2026-08-29T11:09:59.581Z] {"timestamp":1788001798095,"level":"ERROR","args":["Erreur d'historique:",{"type":"Error","message":"Failed to fetch","stack":"TypeError: Failed to fetch\n    at http://localhost:3000/__seeyou_debug__/debug-collector.js:493:12\n    at fetchHistory (http://localhost:3000/src/components/TrafficAttackChart.tsx?t=1787998674697:79:32)\n    at http://localhost:3000/src/components/TrafficAttackChart.tsx?t=1787998674697:100:5\n    at Object.react_stack_bottom_frame (http://localhost:3000/@fs/home/jhonsard/Documents/Programation/TFC/IDS-IPS-PROJECT/frontend/node_modules/.vite/deps/react-dom_client.js?v=dc78321b:18567:20)\n    at runWithFiberInDEV (http://localhost:3000/@fs/home/jhonsard/Documents/Programation/TFC/IDS-IPS-PROJECT/frontend/node_modules/.vite/deps/react-dom_client.js?v=dc78321b:997:72)\n    at commitHookEffectListMount (http://localhost:3000/@fs/home/jhonsard/Documents/Programation/TFC/IDS-IPS-PROJECT/frontend/node_modules/.vite/deps/react-dom_client.js?v=dc78321b:9411:163)\n    at commitHookPassiveMountEffects (http://localhost:3000/@fs/home/jhonsard/Documents/Programation/TFC/IDS-IPS-PROJECT/frontend/node_modules/.vite/deps/react-dom_client.js?v=dc78321b:9465:60)\n    at commitPassiveMountOnFiber (http://localhost:3000/@fs/home/jhonsard/Documents/Programation/TFC/IDS-IPS-PROJECT/frontend/node_modules/.vite/deps/react-dom_client.js?v=dc78321b:11040:29)\n    at recursivelyTraversePassiveMountEffects (http://localhost:3000/@fs/home/jhonsard/Documents/Programation/TFC/IDS-IPS-PROJECT/frontend/node_modules/.vite/deps/react-dom_client.js?v=dc78321b:11010:13)\n    at commitPassiveMountOnFiber (http://localhost:3000/@fs/home/jhonsard/Documents/Programation/TFC/IDS-IPS-PROJECT/frontend/node_modules/.vite/deps/react-dom_client.js?v=dc78321b:11201:13)"}],"stack":"Error\n    at console.error (http://localhost:3000/__seeyou_debug__/debug-collector.js:391:37)\n    at fetchHistory (http://localhost:3000/src/components/TrafficAttackChart.tsx?t=1787998674697:94:17)"}
[2026-08-29T11:09:59.581Z] {"timestamp":1788001798099,"level":"ERROR","args":["Failed to fetch history",{"type":"Error","message":"Failed to fetch","stack":"TypeError: Failed to fetch\n    at http://localhost:3000/__seeyou_debug__/debug-collector.js:493:12\n    at fetchHistory (http://localhost:3000/src/components/SidebarLayout.tsx?t=1788000050598:71:27)\n    at http://localhost:3000/src/components/SidebarLayout.tsx?t=1788000050598:96:5\n    at Object.react_stack_bottom_frame (http://localhost:3000/@fs/home/jhonsard/Documents/Programation/TFC/IDS-IPS-PROJECT/frontend/node_modules/.vite/deps/react-dom_client.js?v=dc78321b:18567:20)\n    at runWithFiberInDEV (http://localhost:3000/@fs/home/jhonsard/Documents/Programation/TFC/IDS-IPS-PROJECT/frontend/node_modules/.vite/deps/react-dom_client.js?v=dc78321b:997:72)\n    at commitHookEffectListMount (http://localhost:3000/@fs/home/jhonsard/Documents/Programation/TFC/IDS-IPS-PROJECT/frontend/node_modules/.vite/deps/react-dom_client.js?v=dc78321b:9411:163)\n    at commitHookPassiveMountEffects (http://localhost:3000/@fs/home/jhonsard/Documents/Programation/TFC/IDS-IPS-PROJECT/frontend/node_modules/.vite/deps/react-dom_client.js?v=dc78321b:9465:60)\n    at commitPassiveMountOnFiber (http://localhost:3000/@fs/home/jhonsard/Documents/Programation/TFC/IDS-IPS-PROJECT/frontend/node_modules/.vite/deps/react-dom_client.js?v=dc78321b:11040:29)\n    at recursivelyTraversePassiveMountEffects (http://localhost:3000/@fs/home/jhonsard/Documents/Programation/TFC/IDS-IPS-PROJECT/frontend/node_modules/.vite/deps/react-dom_client.js?v=dc78321b:11010:13)\n    at commitPassiveMountOnFiber (http://localhost:3000/@fs/home/jhonsard/Documents/Programation/TFC/IDS-IPS-PROJECT/frontend/node_modules/.vite/deps/react-dom_client.js?v=dc78321b:11033:13)"}],"stack":"Error\n    at console.error (http://localhost:3000/__seeyou_debug__/debug-collector.js:391:37)\n    at fetchHistory (http://localhost:3000/src/components/SidebarLayout.tsx?t=1788000050598:93:17)"}
[2026-08-29T11:09:59.581Z] {"timestamp":1788001798100,"level":"ERROR","args":["Erreur réseau lors du chargement de l'historique permanent:",{"type":"Error","message":"Failed to fetch","stack":"TypeError: Failed to fetch\n    at http://localhost:3000/__seeyou_debug__/debug-collector.js:493:12\n    at fetchAlertsHistory (http://localhost:3000/src/components/SidebarLayout.tsx?t=1788000050598:49:32)\n    at http://localhost:3000/src/components/SidebarLayout.tsx?t=1788000050598:66:5\n    at Object.react_stack_bottom_frame (http://localhost:3000/@fs/home/jhonsard/Documents/Programation/TFC/IDS-IPS-PROJECT/frontend/node_modules/.vite/deps/react-dom_client.js?v=dc78321b:18567:20)\n    at runWithFiberInDEV (http://localhost:3000/@fs/home/jhonsard/Documents/Programation/TFC/IDS-IPS-PROJECT/frontend/node_modules/.vite/deps/react-dom_client.js?v=dc78321b:997:72)\n    at commitHookEffectListMount (http://localhost:3000/@fs/home/jhonsard/Documents/Programation/TFC/IDS-IPS-PROJECT/frontend/node_modules/.vite/deps/react-dom_client.js?v=dc78321b:9411:163)\n    at commitHookPassiveMountEffects (http://localhost:3000/@fs/home/jhonsard/Documents/Programation/TFC/IDS-IPS-PROJECT/frontend/node_modules/.vite/deps/react-dom_client.js?v=dc78321b:9465:60)\n    at commitPassiveMountOnFiber (http://localhost:3000/@fs/home/jhonsard/Documents/Programation/TFC/IDS-IPS-PROJECT/frontend/node_modules/.vite/deps/react-dom_client.js?v=dc78321b:11040:29)\n    at recursivelyTraversePassiveMountEffects (http://localhost:3000/@fs/home/jhonsard/Documents/Programation/TFC/IDS-IPS-PROJECT/frontend/node_modules/.vite/deps/react-dom_client.js?v=dc78321b:11010:13)\n    at commitPassiveMountOnFiber (http://localhost:3000/@fs/home/jhonsard/Documents/Programation/TFC/IDS-IPS-PROJECT/frontend/node_modules/.vite/deps/react-dom_client.js?v=dc78321b:11033:13)"}],"stack":"Error\n    at console.error (http://localhost:3000/__seeyou_debug__/debug-collector.js:391:37)\n    at fetchAlertsHistory (http://localhost:3000/src/components/SidebarLayout.tsx?t=1788000050598:63:17)"}
[2026-08-29T11:10:06.388Z] {"timestamp":1788001804368,"level":"DEBUG","args":["[Seeyou] Debug collector initialized (no rrweb, UI events only)"],"stack":null}
[2026-08-29T11:10:06.388Z] {"timestamp":1788001804377,"level":"DEBUG","args":["[vite] connected."],"stack":null}
[2026-08-29T11:10:06.388Z] {"timestamp":1788001804752,"level":"INFO","args":["%cDownload the React DevTools for a better development experience: https://react.dev/link/react-devtools","font-weight:bold"],"stack":null}
[2026-08-29T11:10:06.388Z] {"timestamp":1788001805049,"level":"ERROR","args":["Erreur d'historique:",{"type":"Error","message":"Failed to fetch","stack":"TypeError: Failed to fetch\n    at http://localhost:3000/__seeyou_debug__/debug-collector.js:493:12\n    at fetchHistory (http://localhost:3000/src/components/TrafficAttackChart.tsx?t=1787998674697:79:32)\n    at http://localhost:3000/src/components/TrafficAttackChart.tsx?t=1787998674697:100:5\n    at Object.react_stack_bottom_frame (http://localhost:3000/@fs/home/jhonsard/Documents/Programation/TFC/IDS-IPS-PROJECT/frontend/node_modules/.vite/deps/react-dom_client.js?v=dc78321b:18567:20)\n    at runWithFiberInDEV (http://localhost:3000/@fs/home/jhonsard/Documents/Programation/TFC/IDS-IPS-PROJECT/frontend/node_modules/.vite/deps/react-dom_client.js?v=dc78321b:997:72)\n    at commitHookEffectListMount (http://localhost:3000/@fs/home/jhonsard/Documents/Programation/TFC/IDS-IPS-PROJECT/frontend/node_modules/.vite/deps/react-dom_client.js?v=dc78321b:9411:163)\n    at commitHookPassiveMountEffects (http://localhost:3000/@fs/home/jhonsard/Documents/Programation/TFC/IDS-IPS-PROJECT/frontend/node_modules/.vite/deps/react-dom_client.js?v=dc78321b:9465:60)\n    at commitPassiveMountOnFiber (http://localhost:3000/@fs/home/jhonsard/Documents/Programation/TFC/IDS-IPS-PROJECT/frontend/node_modules/.vite/deps/react-dom_client.js?v=dc78321b:11040:29)\n    at recursivelyTraversePassiveMountEffects (http://localhost:3000/@fs/home/jhonsard/Documents/Programation/TFC/IDS-IPS-PROJECT/frontend/node_modules/.vite/deps/react-dom_client.js?v=dc78321b:11010:13)\n    at commitPassiveMountOnFiber (http://localhost:3000/@fs/home/jhonsard/Documents/Programation/TFC/IDS-IPS-PROJECT/frontend/node_modules/.vite/deps/react-dom_client.js?v=dc78321b:11201:13)"}],"stack":"Error\n    at console.error (http://localhost:3000/__seeyou_debug__/debug-collector.js:391:37)\n    at fetchHistory (http://localhost:3000/src/components/TrafficAttackChart.tsx?t=1787998674697:94:17)"}
[2026-08-29T11:10:06.388Z] {"timestamp":1788001805050,"level":"ERROR","args":["Failed to fetch history",{"type":"Error","message":"Failed to fetch","stack":"TypeError: Failed to fetch\n    at http://localhost:3000/__seeyou_debug__/debug-collector.js:493:12\n    at fetchHistory (http://localhost:3000/src/components/SidebarLayout.tsx?t=1788000050598:71:27)\n    at http://localhost:3000/src/components/SidebarLayout.tsx?t=1788000050598:96:5\n    at Object.react_stack_bottom_frame (http://localhost:3000/@fs/home/jhonsard/Documents/Programation/TFC/IDS-IPS-PROJECT/frontend/node_modules/.vite/deps/react-dom_client.js?v=dc78321b:18567:20)\n    at runWithFiberInDEV (http://localhost:3000/@fs/home/jhonsard/Documents/Programation/TFC/IDS-IPS-PROJECT/frontend/node_modules/.vite/deps/react-dom_client.js?v=dc78321b:997:72)\n    at commitHookEffectListMount (http://localhost:3000/@fs/home/jhonsard/Documents/Programation/TFC/IDS-IPS-PROJECT/frontend/node_modules/.vite/deps/react-dom_client.js?v=dc78321b:9411:163)\n    at commitHookPassiveMountEffects (http://localhost:3000/@fs/home/jhonsard/Documents/Programation/TFC/IDS-IPS-PROJECT/frontend/node_modules/.vite/deps/react-dom_client.js?v=dc78321b:9465:60)\n    at commitPassiveMountOnFiber (http://localhost:3000/@fs/home/jhonsard/Documents/Programation/TFC/IDS-IPS-PROJECT/frontend/node_modules/.vite/deps/react-dom_client.js?v=dc78321b:11040:29)\n    at recursivelyTraversePassiveMountEffects (http://localhost:3000/@fs/home/jhonsard/Documents/Programation/TFC/IDS-IPS-PROJECT/frontend/node_modules/.vite/deps/react-dom_client.js?v=dc78321b:11010:13)\n    at commitPassiveMountOnFiber (http://localhost:3000/@fs/home/jhonsard/Documents/Programation/TFC/IDS-IPS-PROJECT/frontend/node_modules/.vite/deps/react-dom_client.js?v=dc78321b:11033:13)"}],"stack":"Error\n    at console.error (http://localhost:3000/__seeyou_debug__/debug-collector.js:391:37)\n    at fetchHistory (http://localhost:3000/src/components/SidebarLayout.tsx?t=1788000050598:93:17)"}
[2026-08-29T11:10:06.388Z] {"timestamp":1788001805056,"level":"ERROR","args":["Erreur réseau lors du chargement de l'historique permanent:",{"type":"Error","message":"Failed to fetch","stack":"TypeError: Failed to fetch\n    at http://localhost:3000/__seeyou_debug__/debug-collector.js:493:12\n    at fetchAlertsHistory (http://localhost:3000/src/components/SidebarLayout.tsx?t=1788000050598:49:32)\n    at http://localhost:3000/src/components/SidebarLayout.tsx?t=1788000050598:66:5\n    at Object.react_stack_bottom_frame (http://localhost:3000/@fs/home/jhonsard/Documents/Programation/TFC/IDS-IPS-PROJECT/frontend/node_modules/.vite/deps/react-dom_client.js?v=dc78321b:18567:20)\n    at runWithFiberInDEV (http://localhost:3000/@fs/home/jhonsard/Documents/Programation/TFC/IDS-IPS-PROJECT/frontend/node_modules/.vite/deps/react-dom_client.js?v=dc78321b:997:72)\n    at commitHookEffectListMount (http://localhost:3000/@fs/home/jhonsard/Documents/Programation/TFC/IDS-IPS-PROJECT/frontend/node_modules/.vite/deps/react-dom_client.js?v=dc78321b:9411:163)\n    at commitHookPassiveMountEffects (http://localhost:3000/@fs/home/jhonsard/Documents/Programation/TFC/IDS-IPS-PROJECT/frontend/node_modules/.vite/deps/react-dom_client.js?v=dc78321b:9465:60)\n    at commitPassiveMountOnFiber (http://localhost:3000/@fs/home/jhonsard/Documents/Programation/TFC/IDS-IPS-PROJECT/frontend/node_modules/.vite/deps/react-dom_client.js?v=dc78321b:11040:29)\n    at recursivelyTraversePassiveMountEffects (http://localhost:3000/@fs/home/jhonsard/Documents/Programation/TFC/IDS-IPS-PROJECT/frontend/node_modules/.vite/deps/react-dom_client.js?v=dc78321b:11010:13)\n    at commitPassiveMountOnFiber (http://localhost:3000/@fs/home/jhonsard/Documents/Programation/TFC/IDS-IPS-PROJECT/frontend/node_modules/.vite/deps/react-dom_client.js?v=dc78321b:11033:13)"}],"stack":"Error\n    at console.error (http://localhost:3000/__seeyou_debug__/debug-collector.js:391:37)\n    at fetchAlertsHistory (http://localhost:3000/src/components/SidebarLayout.tsx?t=1788000050598:63:17)"}
[2026-08-29T13:00:32.508Z] {"timestamp":1788008430493,"level":"DEBUG","args":["[Seeyou] Debug collector initialized (no rrweb, UI events only)"],"stack":null}
[2026-08-29T13:00:32.508Z] {"timestamp":1788008431033,"level":"DEBUG","args":["[vite] connected."],"stack":null}
[2026-08-29T13:00:32.508Z] {"timestamp":1788008431340,"level":"INFO","args":["%cDownload the React DevTools for a better development experience: https://react.dev/link/react-devtools","font-weight:bold"],"stack":null}
[2026-08-29T13:00:32.508Z] {"timestamp":1788008431665,"level":"ERROR","args":["Erreur d'historique:",{"type":"Error","message":"NetworkError when attempting to fetch resource.","stack":""}],"stack":"console[method]@http://localhost:3000/__seeyou_debug__/debug-collector.js:391:37\nfetchHistory@http://localhost:3000/src/components/TrafficAttackChart.tsx:94:17\n"}
[2026-08-29T13:00:32.508Z] {"timestamp":1788008431673,"level":"ERROR","args":["Failed to fetch history",{"type":"Error","message":"NetworkError when attempting to fetch resource.","stack":""}],"stack":"console[method]@http://localhost:3000/__seeyou_debug__/debug-collector.js:391:37\nfetchHistory@http://localhost:3000/src/components/SidebarLayout.tsx:93:17\n"}
[2026-08-29T13:00:32.508Z] {"timestamp":1788008431756,"level":"ERROR","args":["Erreur réseau lors du chargement de l'historique permanent:",{"type":"Error","message":"NetworkError when attempting to fetch resource.","stack":""}],"stack":"console[method]@http://localhost:3000/__seeyou_debug__/debug-collector.js:391:37\nfetchAlertsHistory@http://localhost:3000/src/components/SidebarLayout.tsx:63:17\n"}
[2026-08-29T13:01:03.029Z] {"timestamp":1788008461966,"level":"ERROR","args":["Échec du rafraîchissement des widgets:",{"type":"Error","message":"NetworkError when attempting to fetch resource.","stack":""}],"stack":"console[method]@http://localhost:3000/__seeyou_debug__/debug-collector.js:391:37\nrefreshWidgets@http://localhost:3000/src/components/SidebarLayout.tsx:223:15\n"}
[2026-08-29T13:01:05.031Z] {"timestamp":1788008464654,"level":"ERROR","args":["Échec du rafraîchissement des widgets:",{"type":"Error","message":"NetworkError when attempting to fetch resource.","stack":""}],"stack":"console[method]@http://localhost:3000/__seeyou_debug__/debug-collector.js:391:37\nrefreshWidgets@http://localhost:3000/src/components/SidebarLayout.tsx:223:15\n"}
[2026-08-29T13:28:33.585Z] {"timestamp":1788010112246,"level":"ERROR","args":["Error fetching logs:",{"type":"Error","message":"NetworkError when attempting to fetch resource.","stack":""}],"stack":"console[method]@http://localhost:3000/__seeyou_debug__/debug-collector.js:391:37\nfetchLogs@http://localhost:3000/src/pages/LogsManagement.tsx:70:15\n"}
[2026-08-29T13:28:39.766Z] {"timestamp":1788010118867,"level":"ERROR","args":["Erreur d'historique:",{"type":"Error","message":"NetworkError when attempting to fetch resource.","stack":""}],"stack":"console[method]@http://localhost:3000/__seeyou_debug__/debug-collector.js:391:37\nfetchHistory@http://localhost:3000/src/components/TrafficAttackChart.tsx:94:17\n"}
[2026-08-29T13:28:39.766Z] {"timestamp":1788010118869,"level":"ERROR","args":["Failed to fetch history",{"type":"Error","message":"NetworkError when attempting to fetch resource.","stack":""}],"stack":"console[method]@http://localhost:3000/__seeyou_debug__/debug-collector.js:391:37\nfetchHistory@http://localhost:3000/src/components/SidebarLayout.tsx:93:17\n"}
[2026-08-29T13:28:39.766Z] {"timestamp":1788010118870,"level":"ERROR","args":["Erreur réseau lors du chargement de l'historique permanent:",{"type":"Error","message":"NetworkError when attempting to fetch resource.","stack":""}],"stack":"console[method]@http://localhost:3000/__seeyou_debug__/debug-collector.js:391:37\nfetchAlertsHistory@http://localhost:3000/src/components/SidebarLayout.tsx:63:17\n"}
[2026-08-29T13:31:54.089Z] {"timestamp":1788010312503,"level":"ERROR","args":[{"type":"Error","message":"NetworkError when attempting to fetch resource.","stack":""}],"stack":"console[method]@http://localhost:3000/__seeyou_debug__/debug-collector.js:391:37\nfetchBanned@http://localhost:3000/src/components/BannedHosts.tsx:27:17\n"}
[2026-08-29T13:34:01.714Z] {"timestamp":1788010440858,"level":"ERROR","args":["Error fetching hierarchy:",{"type":"Error","message":"NetworkError when attempting to fetch resource.","stack":""}],"stack":"console[method]@http://localhost:3000/__seeyou_debug__/debug-collector.js:391:37\nfetchHierarchy@http://localhost:3000/src/pages/NodesManagement.tsx:34:15\n"}
[2026-08-29T13:34:01.714Z] {"timestamp":1788010440900,"level":"ERROR","args":["Error fetching stats:",{"type":"Error","message":"NetworkError when attempting to fetch resource.","stack":""}],"stack":"console[method]@http://localhost:3000/__seeyou_debug__/debug-collector.js:391:37\nfetchAggregatedStats@http://localhost:3000/src/pages/NodesManagement.tsx:55:15\n"}
[2026-08-29T13:34:48.449Z] {"timestamp":1788010486729,"level":"ERROR","args":["AI status:",{"type":"Error","message":"NetworkError when attempting to fetch resource.","stack":""}],"stack":"console[method]@http://localhost:3000/__seeyou_debug__/debug-collector.js:391:37\nfetchAIStatus@http://localhost:3000/src/pages/Settings.tsx:176:15\n"}
[2026-08-29T13:34:48.449Z] {"timestamp":1788010486732,"level":"ERROR","args":["Error fetching email config:",{"type":"Error","message":"NetworkError when attempting to fetch resource.","stack":""}],"stack":"console[method]@http://localhost:3000/__seeyou_debug__/debug-collector.js:391:37\nfetchEmailConfig@http://localhost:3000/src/pages/Settings.tsx:83:15\n"}
[2026-09-28T09:40:38.799Z] {"timestamp":1790588436296,"level":"DEBUG","args":["[Seeyou] Debug collector initialized (no rrweb, UI events only)"],"stack":null}
[2026-09-28T09:40:38.799Z] {"timestamp":1790588436301,"level":"DEBUG","args":["[vite] connected."],"stack":null}
[2026-09-28T09:40:40.504Z] {"timestamp":1790588439374,"level":"INFO","args":["%cDownload the React DevTools for a better development experience: https://react.dev/link/react-devtools","font-weight:bold"],"stack":null}
[2026-09-28T09:40:40.504Z] {"timestamp":1790588440445,"level":"ERROR","args":["Échec de synchronisation avec l'historique permanent de la BDD."],"stack":"Error\n    at console.<computed> [as error] (http://localhost:3000/__seeyou_debug__/debug-collector.js:391:37)\n    at fetchAlertsHistory (http://localhost:3000/src/components/SidebarLayout.tsx:60:19)"}
